experiment,comparison_group,result_source,result_status,waveform,channel_model,delay_spread_ns,carrier_frequency_ghz,ue_speed_kmh,allocated_rb,occupied_rb,symbols,n_tx,n_rx,layers,scs_khz,fft_size,cp_samples,payload_bits,modulation,mcs_or_code,dmrs,csi_mode,channel_estimator,demodulator,decoder,tx_power_normalization,snr_definition,candidate_id,candidate_family,receiver_knowledge,delay_coordinates,delay_ns,precoder_description,target_bler,target_snr_db,target_ci95_low_db,target_ci95_high_db,target_status,target_method,baseline_candidate_id,baseline_rule,gain_vs_baseline_db,gain_definition,data_source,notes
27,PDSCH_A100_static_8T1R_comb6_estimated,result-027,executed; awaiting researcher confirmation,PDSCH,Sionna 1.0.2 TDL-A,100,3.5,0,48,48,10,8,1,1,30,4096,288,12024,16QAM,NR 256QAM table MCS 8; target rate 553/1024,"symbols [2,7], comb-6, 192 pilot RE",estimated,"two static DMRS observations averaged, then matched frequency LMMSE",soft 16QAM demapper; coherent single-layer equalization/MRC,"Sionna NR LDPC, max 8 iterations",precoder squared norm 8; noise variance 8/SNR,total Tx power per RE divided by single-Rx noise variance (equivalent to unit-power convention),A100_AP_RMS_T1,AP_RMS_T1,non-transparent; matched effective covariance,"[0,1.728,3.456,5.184,6.912,8.64,10.368,12.096]","[0,100,200,300,400,500,600,700]",CDD exp(-j2pi*k*j/576); DMRS comb-6,0.01,16.039488,15.809945,16.26903,bracketed,local logistic fit used by result-027/028 target_summary,A100_PRG_DFT8_6RB,precoder cycling present,1.080833,baseline target SNR - candidate target SNR; positive means candidate needs less SNR,outputs/experiment027_meff_sidon/20260726_main/e6_a100_dense_dmrs/comb6/link/A100/final/target_summary.csv,A30/A100 data are reused by result-028 rather than independently rerun; gain combines source target estimates produced by different crossing methods
27,PDSCH_A100_static_8T1R_comb6_estimated,result-027,executed; awaiting researcher confirmation,PDSCH,Sionna 1.0.2 TDL-A,100,3.5,0,48,48,10,8,1,1,30,4096,288,12024,16QAM,NR 256QAM table MCS 8; target rate 553/1024,"symbols [2,7], comb-6, 192 pilot RE",estimated,"two static DMRS observations averaged, then matched frequency LMMSE",soft 16QAM demapper; coherent single-layer equalization/MRC,"Sionna NR LDPC, max 8 iterations",precoder squared norm 8; noise variance 8/SNR,total Tx power per RE divided by single-Rx noise variance (equivalent to unit-power convention),A100_AP_TALIAS_NT,AP_TALIAS_NT,non-transparent; matched effective covariance,"[0,12,24,36,48,60,72,84]","[0,694.444444,1388.888889,2083.333333,2777.777778,3472.222222,4166.666667,4861.111111]",CDD exp(-j2pi*k*j/576); DMRS comb-6,0.01,16.099617,15.966902,16.232333,bracketed,local logistic fit used by result-027/028 target_summary,A100_PRG_DFT8_6RB,precoder cycling present,1.020704,baseline target SNR - candidate target SNR; positive means candidate needs less SNR,outputs/experiment027_meff_sidon/20260726_main/e6_a100_dense_dmrs/comb6/link/A100/final/target_summary.csv,A30/A100 data are reused by result-028 rather than independently rerun; gain combines source target estimates produced by different crossing methods
27,PDSCH_A100_static_8T1R_comb6_estimated,result-027,executed; awaiting researcher confirmation,PDSCH,Sionna 1.0.2 TDL-A,100,3.5,0,48,48,10,8,1,1,30,4096,288,12024,16QAM,NR 256QAM table MCS 8; target rate 553/1024,"symbols [2,7], comb-6, 192 pilot RE",estimated,"two static DMRS observations averaged, then matched frequency LMMSE",soft 16QAM demapper; coherent single-layer equalization/MRC,"Sionna NR LDPC, max 8 iterations",precoder squared norm 8; noise variance 8/SNR,total Tx power per RE divided by single-Rx noise variance (equivalent to unit-power convention),A100_AP_TEPS_T1,AP_TEPS_T1,non-transparent; matched effective covariance,"[0,8.288525,16.57705,24.865574,33.154099,41.442624,49.731149,58.019674]","[0,479.66,959.32,1438.98,1918.64,2398.3,2877.96,3357.62]",CDD exp(-j2pi*k*j/576); DMRS comb-6,0.01,15.927784,15.744045,16.111524,bracketed,local logistic fit used by result-027/028 target_summary,A100_PRG_DFT8_6RB,precoder cycling present,1.192537,baseline target SNR - candidate target SNR; positive means candidate needs less SNR,outputs/experiment027_meff_sidon/20260726_main/e6_a100_dense_dmrs/comb6/link/A100/final/target_summary.csv,A30/A100 data are reused by result-028 rather than independently rerun; gain combines source target estimates produced by different crossing methods
27,PDSCH_A100_static_8T1R_comb6_estimated,result-027,executed; awaiting researcher confirmation,PDSCH,Sionna 1.0.2 TDL-A,100,3.5,0,48,48,10,8,1,1,30,4096,288,12024,16QAM,NR 256QAM table MCS 8; target rate 553/1024,"symbols [2,7], comb-6, 192 pilot RE",estimated,"two static DMRS observations averaged, then matched frequency LMMSE",soft 16QAM demapper; coherent single-layer equalization/MRC,"Sionna NR LDPC, max 8 iterations",precoder squared norm 8; noise variance 8/SNR,total Tx power per RE divided by single-Rx noise variance (equivalent to unit-power convention),A100_AP_TU_NTM1,AP_TU_NTM1,non-transparent; matched effective covariance,"[0,82.285714,164.571429,246.857143,329.142857,411.428571,493.714286,576]","[0,4761.904762,9523.809524,14285.714286,19047.619048,23809.52381,28571.428571,33333.333333]",CDD exp(-j2pi*k*j/576); DMRS comb-6,0.01,16.505418,16.36519,16.645645,bracketed,local logistic fit used by result-027/028 target_summary,A100_PRG_DFT8_6RB,precoder cycling present,0.614903,baseline target SNR - candidate target SNR; positive means candidate needs less SNR,outputs/experiment027_meff_sidon/20260726_main/e6_a100_dense_dmrs/comb6/link/A100/final/target_summary.csv,A30/A100 data are reused by result-028 rather than independently rerun; gain combines source target estimates produced by different crossing methods
27,PDSCH_A100_static_8T1R_comb6_estimated,result-027,executed; awaiting researcher confirmation,PDSCH,Sionna 1.0.2 TDL-A,100,3.5,0,48,48,10,8,1,1,30,4096,288,12024,16QAM,NR 256QAM table MCS 8; target rate 553/1024,"symbols [2,7], comb-6, 192 pilot RE",estimated,"two static DMRS observations averaged, then matched frequency LMMSE",soft 16QAM demapper; coherent single-layer equalization/MRC,"Sionna NR LDPC, max 8 iterations",precoder squared norm 8; noise variance 8/SNR,total Tx power per RE divided by single-Rx noise variance (equivalent to unit-power convention),A100_B0_QC,B0_QC,non-transparent; matched effective covariance,"[0,9,18,27,36,45,54,63]","[0,520.833333,1041.666667,1562.5,2083.333333,2604.166667,3125,3645.833333]",CDD exp(-j2pi*k*j/576); DMRS comb-6,0.01,15.930346,15.78816,16.072531,bracketed,local logistic fit used by result-027/028 target_summary,A100_PRG_DFT8_6RB,precoder cycling present,1.189975,baseline target SNR - candidate target SNR; positive means candidate needs less SNR,outputs/experiment027_meff_sidon/20260726_main/e6_a100_dense_dmrs/comb6/link/A100/final/target_summary.csv,A30/A100 data are reused by result-028 rather than independently rerun; gain combines source target estimates produced by different crossing methods
27,PDSCH_A100_static_8T1R_comb6_estimated,result-027,executed; awaiting researcher confirmation,PDSCH,Sionna 1.0.2 TDL-A,100,3.5,0,48,48,10,8,1,1,30,4096,288,12024,16QAM,NR 256QAM table MCS 8; target rate 553/1024,"symbols [2,7], comb-6, 192 pilot RE",estimated,"two static DMRS observations averaged, then matched frequency LMMSE",soft 16QAM demapper; coherent single-layer equalization/MRC,"Sionna NR LDPC, max 8 iterations",precoder squared norm 8; noise variance 8/SNR,total Tx power per RE divided by single-Rx noise variance (equivalent to unit-power convention),A100_S0_SIDON,S0_SIDON,non-transparent; matched effective covariance,"[0,1,3,7,12,20,30,65]","[0,57.87037,173.611111,405.092593,694.444444,1157.407407,1736.111111,3761.574074]",CDD exp(-j2pi*k*j/576); DMRS comb-6,0.01,15.543299,15.350152,15.736447,bracketed,local logistic fit used by result-027/028 target_summary,A100_PRG_DFT8_6RB,precoder cycling present,1.577022,baseline target SNR - candidate target SNR; positive means candidate needs less SNR,outputs/experiment027_meff_sidon/20260726_main/e6_a100_dense_dmrs/comb6/link/A100/final/target_summary.csv,A30/A100 data are reused by result-028 rather than independently rerun; gain combines source target estimates produced by different crossing methods
27,PDSCH_A100_static_8T1R_comb6_estimated,result-027,executed; awaiting researcher confirmation,PDSCH,Sionna 1.0.2 TDL-A,100,3.5,0,48,48,10,8,1,1,30,4096,288,12024,16QAM,NR 256QAM table MCS 8; target rate 553/1024,"symbols [2,7], comb-6, 192 pilot RE",estimated,"two static DMRS observations averaged, then matched frequency LMMSE",soft 16QAM demapper; coherent single-layer equalization/MRC,"Sionna NR LDPC, max 8 iterations",precoder squared norm 8; noise variance 8/SNR,total Tx power per RE divided by single-Rx noise variance (equivalent to unit-power convention),A100_AP_RMS_T1,AP_RMS_T1,non-transparent; matched effective covariance,"[0,1.728,3.456,5.184,6.912,8.64,10.368,12.096]","[0,100,200,300,400,500,600,700]",CDD exp(-j2pi*k*j/576); DMRS comb-6,0.1,14.231933,14.174705,14.289161,bracketed,local logistic fit used by result-027/028 target_summary,A100_PRG_DFT8_6RB,precoder cycling present,0.522436,baseline target SNR - candidate target SNR; positive means candidate needs less SNR,outputs/experiment027_meff_sidon/20260726_main/e6_a100_dense_dmrs/comb6/link/A100/final/target_summary.csv,A30/A100 data are reused by result-028 rather than independently rerun; gain combines source target estimates produced by different crossing methods
27,PDSCH_A100_static_8T1R_comb6_estimated,result-027,executed; awaiting researcher confirmation,PDSCH,Sionna 1.0.2 TDL-A,100,3.5,0,48,48,10,8,1,1,30,4096,288,12024,16QAM,NR 256QAM table MCS 8; target rate 553/1024,"symbols [2,7], comb-6, 192 pilot RE",estimated,"two static DMRS observations averaged, then matched frequency LMMSE",soft 16QAM demapper; coherent single-layer equalization/MRC,"Sionna NR LDPC, max 8 iterations",precoder squared norm 8; noise variance 8/SNR,total Tx power per RE divided by single-Rx noise variance (equivalent to unit-power convention),A100_AP_TALIAS_NT,AP_TALIAS_NT,non-transparent; matched effective covariance,"[0,12,24,36,48,60,72,84]","[0,694.444444,1388.888889,2083.333333,2777.777778,3472.222222,4166.666667,4861.111111]",CDD exp(-j2pi*k*j/576); DMRS comb-6,0.1,14.661816,14.611237,14.712394,bracketed,local logistic fit used by result-027/028 target_summary,A100_PRG_DFT8_6RB,precoder cycling present,0.092553,baseline target SNR - candidate target SNR; positive means candidate needs less SNR,outputs/experiment027_meff_sidon/20260726_main/e6_a100_dense_dmrs/comb6/link/A100/final/target_summary.csv,A30/A100 data are reused by result-028 rather than independently rerun; gain combines source target estimates produced by different crossing methods
27,PDSCH_A100_static_8T1R_comb6_estimated,result-027,executed; awaiting researcher confirmation,PDSCH,Sionna 1.0.2 TDL-A,100,3.5,0,48,48,10,8,1,1,30,4096,288,12024,16QAM,NR 256QAM table MCS 8; target rate 553/1024,"symbols [2,7], comb-6, 192 pilot RE",estimated,"two static DMRS observations averaged, then matched frequency LMMSE",soft 16QAM demapper; coherent single-layer equalization/MRC,"Sionna NR LDPC, max 8 iterations",precoder squared norm 8; noise variance 8/SNR,total Tx power per RE divided by single-Rx noise variance (equivalent to unit-power convention),A100_AP_TEPS_T1,AP_TEPS_T1,non-transparent; matched effective covariance,"[0,8.288525,16.57705,24.865574,33.154099,41.442624,49.731149,58.019674]","[0,479.66,959.32,1438.98,1918.64,2398.3,2877.96,3357.62]",CDD exp(-j2pi*k*j/576); DMRS comb-6,0.1,14.476778,14.397359,14.556196,bracketed,local logistic fit used by result-027/028 target_summary,A100_PRG_DFT8_6RB,precoder cycling present,0.277591,baseline target SNR - candidate target SNR; positive means candidate needs less SNR,outputs/experiment027_meff_sidon/20260726_main/e6_a100_dense_dmrs/comb6/link/A100/final/target_summary.csv,A30/A100 data are reused by result-028 rather than independently rerun; gain combines source target estimates produced by different crossing methods
27,PDSCH_A100_static_8T1R_comb6_estimated,result-027,executed; awaiting researcher confirmation,PDSCH,Sionna 1.0.2 TDL-A,100,3.5,0,48,48,10,8,1,1,30,4096,288,12024,16QAM,NR 256QAM table MCS 8; target rate 553/1024,"symbols [2,7], comb-6, 192 pilot RE",estimated,"two static DMRS observations averaged, then matched frequency LMMSE",soft 16QAM demapper; coherent single-layer equalization/MRC,"Sionna NR LDPC, max 8 iterations",precoder squared norm 8; noise variance 8/SNR,total Tx power per RE divided by single-Rx noise variance (equivalent to unit-power convention),A100_AP_TU_NTM1,AP_TU_NTM1,non-transparent; matched effective covariance,"[0,82.285714,164.571429,246.857143,329.142857,411.428571,493.714286,576]","[0,4761.904762,9523.809524,14285.714286,19047.619048,23809.52381,28571.428571,33333.333333]",CDD exp(-j2pi*k*j/576); DMRS comb-6,0.1,14.84274,14.782833,14.902646,bracketed,local logistic fit used by result-027/028 target_summary,A100_PRG_DFT8_6RB,precoder cycling present,-0.088371,baseline target SNR - candidate target SNR; positive means candidate needs less SNR,outputs/experiment027_meff_sidon/20260726_main/e6_a100_dense_dmrs/comb6/link/A100/final/target_summary.csv,A30/A100 data are reused by result-028 rather than independently rerun; gain combines source target estimates produced by different crossing methods
27,PDSCH_A100_static_8T1R_comb6_estimated,result-027,executed; awaiting researcher confirmation,PDSCH,Sionna 1.0.2 TDL-A,100,3.5,0,48,48,10,8,1,1,30,4096,288,12024,16QAM,NR 256QAM table MCS 8; target rate 553/1024,"symbols [2,7], comb-6, 192 pilot RE",estimated,"two static DMRS observations averaged, then matched frequency LMMSE",soft 16QAM demapper; coherent single-layer equalization/MRC,"Sionna NR LDPC, max 8 iterations",precoder squared norm 8; noise variance 8/SNR,total Tx power per RE divided by single-Rx noise variance (equivalent to unit-power convention),A100_B0_QC,B0_QC,non-transparent; matched effective covariance,"[0,9,18,27,36,45,54,63]","[0,520.833333,1041.666667,1562.5,2083.333333,2604.166667,3125,3645.833333]",CDD exp(-j2pi*k*j/576); DMRS comb-6,0.1,14.503904,14.456803,14.551005,bracketed,local logistic fit used by result-027/028 target_summary,A100_PRG_DFT8_6RB,precoder cycling present,0.250465,baseline target SNR - candidate target SNR; positive means candidate needs less SNR,outputs/experiment027_meff_sidon/20260726_main/e6_a100_dense_dmrs/comb6/link/A100/final/target_summary.csv,A30/A100 data are reused by result-028 rather than independently rerun; gain combines source target estimates produced by different crossing methods
27,PDSCH_A100_static_8T1R_comb6_estimated,result-027,executed; awaiting researcher confirmation,PDSCH,Sionna 1.0.2 TDL-A,100,3.5,0,48,48,10,8,1,1,30,4096,288,12024,16QAM,NR 256QAM table MCS 8; target rate 553/1024,"symbols [2,7], comb-6, 192 pilot RE",estimated,"two static DMRS observations averaged, then matched frequency LMMSE",soft 16QAM demapper; coherent single-layer equalization/MRC,"Sionna NR LDPC, max 8 iterations",precoder squared norm 8; noise variance 8/SNR,total Tx power per RE divided by single-Rx noise variance (equivalent to unit-power convention),A100_S0_SIDON,S0_SIDON,non-transparent; matched effective covariance,"[0,1,3,7,12,20,30,65]","[0,57.87037,173.611111,405.092593,694.444444,1157.407407,1736.111111,3761.574074]",CDD exp(-j2pi*k*j/576); DMRS comb-6,0.1,14.186519,14.132079,14.240958,bracketed,local logistic fit used by result-027/028 target_summary,A100_PRG_DFT8_6RB,precoder cycling present,0.56785,baseline target SNR - candidate target SNR; positive means candidate needs less SNR,outputs/experiment027_meff_sidon/20260726_main/e6_a100_dense_dmrs/comb6/link/A100/final/target_summary.csv,A30/A100 data are reused by result-028 rather than independently rerun; gain combines source target estimates produced by different crossing methods
27,PDSCH_A10_static_8T1R_comb24_estimated,result-027,executed; awaiting researcher confirmation,PDSCH,Sionna 1.0.2 TDL-A,10,3.5,0,48,48,10,8,1,1,30,4096,288,12024,16QAM,NR 256QAM table MCS 8; target rate 553/1024,"symbols [2,7], comb-6, 192 pilot RE",estimated,"two static DMRS observations averaged, then matched frequency LMMSE",soft 16QAM demapper; coherent single-layer equalization/MRC,"Sionna NR LDPC, max 8 iterations",precoder squared norm 8; noise variance 8/SNR,total Tx power per RE divided by single-Rx noise variance (equivalent to unit-power convention),A10_AP_RMS_T1,AP_RMS_T1,non-transparent; matched effective covariance,"[0,0.1728,0.3456,0.5184,0.6912,0.864,1.0368,1.2096]","[0,10,20,30,40,50,60,70]",CDD exp(-j2pi*k*j/576); DMRS comb-24,0.01,22.739257,22.330158,23.148357,bracketed,local logistic fit used by result-027/028 target_summary,A10_B0_QC,B0QC because no precoder cycling is present,-4.892093,baseline target SNR - candidate target SNR; positive means candidate needs less SNR,outputs/experiment027_meff_sidon/20260726_main/e4_link/A10/final/target_summary.csv,
27,PDSCH_A10_static_8T1R_comb24_estimated,result-027,executed; awaiting researcher confirmation,PDSCH,Sionna 1.0.2 TDL-A,10,3.5,0,48,48,10,8,1,1,30,4096,288,12024,16QAM,NR 256QAM table MCS 8; target rate 553/1024,"symbols [2,7], comb-6, 192 pilot RE",estimated,"two static DMRS observations averaged, then matched frequency LMMSE",soft 16QAM demapper; coherent single-layer equalization/MRC,"Sionna NR LDPC, max 8 iterations",precoder squared norm 8; noise variance 8/SNR,total Tx power per RE divided by single-Rx noise variance (equivalent to unit-power convention),A10_AP_TALIAS_NT,AP_TALIAS_NT,non-transparent; matched effective covariance,"[0,3,6,9,12,15,18,21]","[0,173.611111,347.222222,520.833333,694.444444,868.055556,1041.666667,1215.277778]",CDD exp(-j2pi*k*j/576); DMRS comb-24,0.01,17.681388,17.570101,17.792676,bracketed,local logistic fit used by result-027/028 target_summary,A10_B0_QC,B0QC because no precoder cycling is present,0.165776,baseline target SNR - candidate target SNR; positive means candidate needs less SNR,outputs/experiment027_meff_sidon/20260726_main/e4_link/A10/final/target_summary.csv,
27,PDSCH_A10_static_8T1R_comb24_estimated,result-027,executed; awaiting researcher confirmation,PDSCH,Sionna 1.0.2 TDL-A,10,3.5,0,48,48,10,8,1,1,30,4096,288,12024,16QAM,NR 256QAM table MCS 8; target rate 553/1024,"symbols [2,7], comb-6, 192 pilot RE",estimated,"two static DMRS observations averaged, then matched frequency LMMSE",soft 16QAM demapper; coherent single-layer equalization/MRC,"Sionna NR LDPC, max 8 iterations",precoder squared norm 8; noise variance 8/SNR,total Tx power per RE divided by single-Rx noise variance (equivalent to unit-power convention),A10_AP_TEPS_T1,AP_TEPS_T1,non-transparent; matched effective covariance,"[0,0.828852,1.657705,2.486557,3.31541,4.144262,4.973115,5.801967]","[0,47.966,95.932,143.898,191.864,239.83,287.796,335.762]",CDD exp(-j2pi*k*j/576); DMRS comb-24,0.01,18.256753,18.068663,18.444843,bracketed,local logistic fit used by result-027/028 target_summary,A10_B0_QC,B0QC because no precoder cycling is present,-0.409589,baseline target SNR - candidate target SNR; positive means candidate needs less SNR,outputs/experiment027_meff_sidon/20260726_main/e4_link/A10/final/target_summary.csv,
27,PDSCH_A10_static_8T1R_comb24_estimated,result-027,executed; awaiting researcher confirmation,PDSCH,Sionna 1.0.2 TDL-A,10,3.5,0,48,48,10,8,1,1,30,4096,288,12024,16QAM,NR 256QAM table MCS 8; target rate 553/1024,"symbols [2,7], comb-6, 192 pilot RE",estimated,"two static DMRS observations averaged, then matched frequency LMMSE",soft 16QAM demapper; coherent single-layer equalization/MRC,"Sionna NR LDPC, max 8 iterations",precoder squared norm 8; noise variance 8/SNR,total Tx power per RE divided by single-Rx noise variance (equivalent to unit-power convention),A10_B0_QC,B0_QC,non-transparent; matched effective covariance,"[0,9,18,27,36,45,54,63]","[0,520.833333,1041.666667,1562.5,2083.333333,2604.166667,3125,3645.833333]",CDD exp(-j2pi*k*j/576); DMRS comb-24,0.01,17.847164,17.718244,17.976084,bracketed,local logistic fit used by result-027/028 target_summary,A10_B0_QC,B0QC because no precoder cycling is present,0,baseline target SNR - candidate target SNR; positive means candidate needs less SNR,outputs/experiment027_meff_sidon/20260726_main/e4_link/A10/final/target_summary.csv,
27,PDSCH_A10_static_8T1R_comb24_estimated,result-027,executed; awaiting researcher confirmation,PDSCH,Sionna 1.0.2 TDL-A,10,3.5,0,48,48,10,8,1,1,30,4096,288,12024,16QAM,NR 256QAM table MCS 8; target rate 553/1024,"symbols [2,7], comb-6, 192 pilot RE",estimated,"two static DMRS observations averaged, then matched frequency LMMSE",soft 16QAM demapper; coherent single-layer equalization/MRC,"Sionna NR LDPC, max 8 iterations",precoder squared norm 8; noise variance 8/SNR,total Tx power per RE divided by single-Rx noise variance (equivalent to unit-power convention),A10_GEO_T1_00,GEO_T1_CTRL,non-transparent; matched effective covariance,"[0,4,22,82,113,181,314,327]","[0,231.481481,1273.148148,4745.37037,6539.351852,10474.537037,18171.296296,18923.611111]",CDD exp(-j2pi*k*j/576); DMRS comb-24,0.01,17.587677,17.357772,17.817582,bracketed,local logistic fit used by result-027/028 target_summary,A10_B0_QC,B0QC because no precoder cycling is present,0.259487,baseline target SNR - candidate target SNR; positive means candidate needs less SNR,outputs/experiment027_meff_sidon/20260726_main/e4_link/A10/final/target_summary.csv,
27,PDSCH_A10_static_8T1R_comb24_estimated,result-027,executed; awaiting researcher confirmation,PDSCH,Sionna 1.0.2 TDL-A,10,3.5,0,48,48,10,8,1,1,30,4096,288,12024,16QAM,NR 256QAM table MCS 8; target rate 553/1024,"symbols [2,7], comb-6, 192 pilot RE",estimated,"two static DMRS observations averaged, then matched frequency LMMSE",soft 16QAM demapper; coherent single-layer equalization/MRC,"Sionna NR LDPC, max 8 iterations",precoder squared norm 8; noise variance 8/SNR,total Tx power per RE divided by single-Rx noise variance (equivalent to unit-power convention),A10_AP_RMS_T1,AP_RMS_T1,non-transparent; matched effective covariance,"[0,0.1728,0.3456,0.5184,0.6912,0.864,1.0368,1.2096]","[0,10,20,30,40,50,60,70]",CDD exp(-j2pi*k*j/576); DMRS comb-24,0.1,17.482721,17.327104,17.638339,bracketed,local logistic fit used by result-027/028 target_summary,A10_B0_QC,B0QC because no precoder cycling is present,-1.916993,baseline target SNR - candidate target SNR; positive means candidate needs less SNR,outputs/experiment027_meff_sidon/20260726_main/e4_link/A10/final/target_summary.csv,
27,PDSCH_A10_static_8T1R_comb24_estimated,result-027,executed; awaiting researcher confirmation,PDSCH,Sionna 1.0.2 TDL-A,10,3.5,0,48,48,10,8,1,1,30,4096,288,12024,16QAM,NR 256QAM table MCS 8; target rate 553/1024,"symbols [2,7], comb-6, 192 pilot RE",estimated,"two static DMRS observations averaged, then matched frequency LMMSE",soft 16QAM demapper; coherent single-layer equalization/MRC,"Sionna NR LDPC, max 8 iterations",precoder squared norm 8; noise variance 8/SNR,total Tx power per RE divided by single-Rx noise variance (equivalent to unit-power convention),A10_AP_TALIAS_NT,AP_TALIAS_NT,non-transparent; matched effective covariance,"[0,3,6,9,12,15,18,21]","[0,173.611111,347.222222,520.833333,694.444444,868.055556,1041.666667,1215.277778]",CDD exp(-j2pi*k*j/576); DMRS comb-24,0.1,15.401726,15.30041,15.503042,bracketed,local logistic fit used by result-027/028 target_summary,A10_B0_QC,B0QC because no precoder cycling is present,0.164002,baseline target SNR - candidate target SNR; positive means candidate needs less SNR,outputs/experiment027_meff_sidon/20260726_main/e4_link/A10/final/target_summary.csv,
27,PDSCH_A10_static_8T1R_comb24_estimated,result-027,executed; awaiting researcher confirmation,PDSCH,Sionna 1.0.2 TDL-A,10,3.5,0,48,48,10,8,1,1,30,4096,288,12024,16QAM,NR 256QAM table MCS 8; target rate 553/1024,"symbols [2,7], comb-6, 192 pilot RE",estimated,"two static DMRS observations averaged, then matched frequency LMMSE",soft 16QAM demapper; coherent single-layer equalization/MRC,"Sionna NR LDPC, max 8 iterations",precoder squared norm 8; noise variance 8/SNR,total Tx power per RE divided by single-Rx noise variance (equivalent to unit-power convention),A10_AP_TEPS_T1,AP_TEPS_T1,non-transparent; matched effective covariance,"[0,0.828852,1.657705,2.486557,3.31541,4.144262,4.973115,5.801967]","[0,47.966,95.932,143.898,191.864,239.83,287.796,335.762]",CDD exp(-j2pi*k*j/576); DMRS comb-24,0.1,15.335421,15.226465,15.444377,bracketed,local logistic fit used by result-027/028 target_summary,A10_B0_QC,B0QC because no precoder cycling is present,0.230307,baseline target SNR - candidate target SNR; positive means candidate needs less SNR,outputs/experiment027_meff_sidon/20260726_main/e4_link/A10/final/target_summary.csv,
27,PDSCH_A10_static_8T1R_comb24_estimated,result-027,executed; awaiting researcher confirmation,PDSCH,Sionna 1.0.2 TDL-A,10,3.5,0,48,48,10,8,1,1,30,4096,288,12024,16QAM,NR 256QAM table MCS 8; target rate 553/1024,"symbols [2,7], comb-6, 192 pilot RE",estimated,"two static DMRS observations averaged, then matched frequency LMMSE",soft 16QAM demapper; coherent single-layer equalization/MRC,"Sionna NR LDPC, max 8 iterations",precoder squared norm 8; noise variance 8/SNR,total Tx power per RE divided by single-Rx noise variance (equivalent to unit-power convention),A10_B0_QC,B0_QC,non-transparent; matched effective covariance,"[0,9,18,27,36,45,54,63]","[0,520.833333,1041.666667,1562.5,2083.333333,2604.166667,3125,3645.833333]",CDD exp(-j2pi*k*j/576); DMRS comb-24,0.1,15.565728,15.47748,15.653977,bracketed,local logistic fit used by result-027/028 target_summary,A10_B0_QC,B0QC because no precoder cycling is present,0,baseline target SNR - candidate target SNR; positive means candidate needs less SNR,outputs/experiment027_meff_sidon/20260726_main/e4_link/A10/final/target_summary.csv,
27,PDSCH_A10_static_8T1R_comb24_estimated,result-027,executed; awaiting researcher confirmation,PDSCH,Sionna 1.0.2 TDL-A,10,3.5,0,48,48,10,8,1,1,30,4096,288,12024,16QAM,NR 256QAM table MCS 8; target rate 553/1024,"symbols [2,7], comb-6, 192 pilot RE",estimated,"two static DMRS observations averaged, then matched frequency LMMSE",soft 16QAM demapper; coherent single-layer equalization/MRC,"Sionna NR LDPC, max 8 iterations",precoder squared norm 8; noise variance 8/SNR,total Tx power per RE divided by single-Rx noise variance (equivalent to unit-power convention),A10_GEO_T1_00,GEO_T1_CTRL,non-transparent; matched effective covariance,"[0,4,22,82,113,181,314,327]","[0,231.481481,1273.148148,4745.37037,6539.351852,10474.537037,18171.296296,18923.611111]",CDD exp(-j2pi*k*j/576); DMRS comb-24,0.1,15.288577,15.217532,15.359622,bracketed,local logistic fit used by result-027/028 target_summary,A10_B0_QC,B0QC because no precoder cycling is present,0.277151,baseline target SNR - candidate target SNR; positive means candidate needs less SNR,outputs/experiment027_meff_sidon/20260726_main/e4_link/A10/final/target_summary.csv,
27,PDSCH_A10_static_8T1R_comb24_estimated,result-027,executed; awaiting researcher confirmation,PDSCH,Sionna 1.0.2 TDL-A,10,3.5,0,48,48,10,8,1,1,30,4096,288,12024,16QAM,NR 256QAM table MCS 8; target rate 553/1024,"symbols [2,7], comb-6, 192 pilot RE",estimated,"two static DMRS observations averaged, then matched frequency LMMSE",soft 16QAM demapper; coherent single-layer equalization/MRC,"Sionna NR LDPC, max 8 iterations",precoder squared norm 8; noise variance 8/SNR,total Tx power per RE divided by single-Rx noise variance (equivalent to unit-power convention),A10_GEO_T1_01,GEO_T1_CTRL,non-transparent; matched effective covariance,"[0,6,300,316,353,398,427,515]","[0,347.222222,17361.111111,18287.037037,20428.240741,23032.407407,24710.648148,29803.240741]",CDD exp(-j2pi*k*j/576); DMRS comb-24,0.1,16.759835,16.642587,16.877083,bracketed,local logistic fit used by result-027/028 target_summary,A10_B0_QC,B0QC because no precoder cycling is present,-1.194107,baseline target SNR - candidate target SNR; positive means candidate needs less SNR,outputs/experiment027_meff_sidon/20260726_main/e4_link/A10/final/target_summary.csv,
27,PDSCH_A10_static_8T1R_comb24_estimated,result-027,executed; awaiting researcher confirmation,PDSCH,Sionna 1.0.2 TDL-A,10,3.5,0,48,48,10,8,1,1,30,4096,288,12024,16QAM,NR 256QAM table MCS 8; target rate 553/1024,"symbols [2,7], comb-6, 192 pilot RE",estimated,"two static DMRS observations averaged, then matched frequency LMMSE",soft 16QAM demapper; coherent single-layer equalization/MRC,"Sionna NR LDPC, max 8 iterations",precoder squared norm 8; noise variance 8/SNR,total Tx power per RE divided by single-Rx noise variance (equivalent to unit-power convention),A10_S0_SIDON,S0_SIDON,non-transparent; matched effective covariance,"[0,1,3,7,12,20,30,65]","[0,57.87037,173.611111,405.092593,694.444444,1157.407407,1736.111111,3761.574074]",CDD exp(-j2pi*k*j/576); DMRS comb-24,0.1,16.433533,16.34086,16.526207,bracketed,local logistic fit used by result-027/028 target_summary,A10_B0_QC,B0QC because no precoder cycling is present,-0.867805,baseline target SNR - candidate target SNR; positive means candidate needs less SNR,outputs/experiment027_meff_sidon/20260726_main/e4_link/A10/final/target_summary.csv,
27,PDSCH_A30_static_8T1R_comb12_estimated,result-027,executed; awaiting researcher confirmation,PDSCH,Sionna 1.0.2 TDL-A,30,3.5,0,48,48,10,8,1,1,30,4096,288,12024,16QAM,NR 256QAM table MCS 8; target rate 553/1024,"symbols [2,7], comb-6, 192 pilot RE",estimated,"two static DMRS observations averaged, then matched frequency LMMSE",soft 16QAM demapper; coherent single-layer equalization/MRC,"Sionna NR LDPC, max 8 iterations",precoder squared norm 8; noise variance 8/SNR,total Tx power per RE divided by single-Rx noise variance (equivalent to unit-power convention),A30_AP_RMS_T1,AP_RMS_T1,non-transparent; matched effective covariance,"[0,0.5184,1.0368,1.5552,2.0736,2.592,3.1104,3.6288]","[0,30,60,90,120,150,180,210]",CDD exp(-j2pi*k*j/576); DMRS comb-12,0.01,18.475936,18.292395,18.659477,bracketed,local logistic fit used by result-027/028 target_summary,A30_B0_QC,B0QC because no precoder cycling is present,-0.124436,baseline target SNR - candidate target SNR; positive means candidate needs less SNR,outputs/experiment027_meff_sidon/20260726_main/e5_dense_dmrs/comb12/link/A30/final/target_summary.csv,
27,PDSCH_A30_static_8T1R_comb12_estimated,result-027,executed; awaiting researcher confirmation,PDSCH,Sionna 1.0.2 TDL-A,30,3.5,0,48,48,10,8,1,1,30,4096,288,12024,16QAM,NR 256QAM table MCS 8; target rate 553/1024,"symbols [2,7], comb-6, 192 pilot RE",estimated,"two static DMRS observations averaged, then matched frequency LMMSE",soft 16QAM demapper; coherent single-layer equalization/MRC,"Sionna NR LDPC, max 8 iterations",precoder squared norm 8; noise variance 8/SNR,total Tx power per RE divided by single-Rx noise variance (equivalent to unit-power convention),A30_AP_TALIAS_NT,AP_TALIAS_NT,non-transparent; matched effective covariance,"[0,6,12,18,24,30,36,42]","[0,347.222222,694.444444,1041.666667,1388.888889,1736.111111,2083.333333,2430.555556]",CDD exp(-j2pi*k*j/576); DMRS comb-12,0.01,16.537948,16.358633,16.717262,bracketed,local logistic fit used by result-027/028 target_summary,A30_B0_QC,B0QC because no precoder cycling is present,1.813552,baseline target SNR - candidate target SNR; positive means candidate needs less SNR,outputs/experiment027_meff_sidon/20260726_main/e5_dense_dmrs/comb12/link/A30/final/target_summary.csv,
27,PDSCH_A30_static_8T1R_comb12_estimated,result-027,executed; awaiting researcher confirmation,PDSCH,Sionna 1.0.2 TDL-A,30,3.5,0,48,48,10,8,1,1,30,4096,288,12024,16QAM,NR 256QAM table MCS 8; target rate 553/1024,"symbols [2,7], comb-6, 192 pilot RE",estimated,"two static DMRS observations averaged, then matched frequency LMMSE",soft 16QAM demapper; coherent single-layer equalization/MRC,"Sionna NR LDPC, max 8 iterations",precoder squared norm 8; noise variance 8/SNR,total Tx power per RE divided by single-Rx noise variance (equivalent to unit-power convention),A30_AP_TEPS_T1,AP_TEPS_T1,non-transparent; matched effective covariance,"[0,2.486557,4.973115,7.459672,9.94623,12.432787,14.919345,17.405902]","[0,143.898,287.796,431.694,575.592,719.49,863.388,1007.286]",CDD exp(-j2pi*k*j/576); DMRS comb-12,0.01,16.568187,16.396905,16.73947,bracketed,local logistic fit used by result-027/028 target_summary,A30_B0_QC,B0QC because no precoder cycling is present,1.783313,baseline target SNR - candidate target SNR; positive means candidate needs less SNR,outputs/experiment027_meff_sidon/20260726_main/e5_dense_dmrs/comb12/link/A30/final/target_summary.csv,
27,PDSCH_A30_static_8T1R_comb12_estimated,result-027,executed; awaiting researcher confirmation,PDSCH,Sionna 1.0.2 TDL-A,30,3.5,0,48,48,10,8,1,1,30,4096,288,12024,16QAM,NR 256QAM table MCS 8; target rate 553/1024,"symbols [2,7], comb-6, 192 pilot RE",estimated,"two static DMRS observations averaged, then matched frequency LMMSE",soft 16QAM demapper; coherent single-layer equalization/MRC,"Sionna NR LDPC, max 8 iterations",precoder squared norm 8; noise variance 8/SNR,total Tx power per RE divided by single-Rx noise variance (equivalent to unit-power convention),A30_B0_QC,B0_QC,non-transparent; matched effective covariance,"[0,9,18,27,36,45,54,63]","[0,520.833333,1041.666667,1562.5,2083.333333,2604.166667,3125,3645.833333]",CDD exp(-j2pi*k*j/576); DMRS comb-12,0.01,18.3515,18.155766,18.547235,bracketed,local logistic fit used by result-027/028 target_summary,A30_B0_QC,B0QC because no precoder cycling is present,0,baseline target SNR - candidate target SNR; positive means candidate needs less SNR,outputs/experiment027_meff_sidon/20260726_main/e5_dense_dmrs/comb12/link/A30/final/target_summary.csv,
27,PDSCH_A30_static_8T1R_comb12_estimated,result-027,executed; awaiting researcher confirmation,PDSCH,Sionna 1.0.2 TDL-A,30,3.5,0,48,48,10,8,1,1,30,4096,288,12024,16QAM,NR 256QAM table MCS 8; target rate 553/1024,"symbols [2,7], comb-6, 192 pilot RE",estimated,"two static DMRS observations averaged, then matched frequency LMMSE",soft 16QAM demapper; coherent single-layer equalization/MRC,"Sionna NR LDPC, max 8 iterations",precoder squared norm 8; noise variance 8/SNR,total Tx power per RE divided by single-Rx noise variance (equivalent to unit-power convention),A30_S0_SIDON,S0_SIDON,non-transparent; matched effective covariance,"[0,1,3,7,12,20,30,65]","[0,57.87037,173.611111,405.092593,694.444444,1157.407407,1736.111111,3761.574074]",CDD exp(-j2pi*k*j/576); DMRS comb-12,0.01,16.800853,16.636747,16.964958,bracketed,local logistic fit used by result-027/028 target_summary,A30_B0_QC,B0QC because no precoder cycling is present,1.550647,baseline target SNR - candidate target SNR; positive means candidate needs less SNR,outputs/experiment027_meff_sidon/20260726_main/e5_dense_dmrs/comb12/link/A30/final/target_summary.csv,
27,PDSCH_A30_static_8T1R_comb12_estimated,result-027,executed; awaiting researcher confirmation,PDSCH,Sionna 1.0.2 TDL-A,30,3.5,0,48,48,10,8,1,1,30,4096,288,12024,16QAM,NR 256QAM table MCS 8; target rate 553/1024,"symbols [2,7], comb-6, 192 pilot RE",estimated,"two static DMRS observations averaged, then matched frequency LMMSE",soft 16QAM demapper; coherent single-layer equalization/MRC,"Sionna NR LDPC, max 8 iterations",precoder squared norm 8; noise variance 8/SNR,total Tx power per RE divided by single-Rx noise variance (equivalent to unit-power convention),A30_AP_RMS_T1,AP_RMS_T1,non-transparent; matched effective covariance,"[0,0.5184,1.0368,1.5552,2.0736,2.592,3.1104,3.6288]","[0,30,60,90,120,150,180,210]",CDD exp(-j2pi*k*j/576); DMRS comb-12,0.1,15.582721,15.511212,15.654231,bracketed,local logistic fit used by result-027/028 target_summary,A30_B0_QC,B0QC because no precoder cycling is present,0.144822,baseline target SNR - candidate target SNR; positive means candidate needs less SNR,outputs/experiment027_meff_sidon/20260726_main/e5_dense_dmrs/comb12/link/A30/final/target_summary.csv,
27,PDSCH_A30_static_8T1R_comb12_estimated,result-027,executed; awaiting researcher confirmation,PDSCH,Sionna 1.0.2 TDL-A,30,3.5,0,48,48,10,8,1,1,30,4096,288,12024,16QAM,NR 256QAM table MCS 8; target rate 553/1024,"symbols [2,7], comb-6, 192 pilot RE",estimated,"two static DMRS observations averaged, then matched frequency LMMSE",soft 16QAM demapper; coherent single-layer equalization/MRC,"Sionna NR LDPC, max 8 iterations",precoder squared norm 8; noise variance 8/SNR,total Tx power per RE divided by single-Rx noise variance (equivalent to unit-power convention),A30_AP_TALIAS_NT,AP_TALIAS_NT,non-transparent; matched effective covariance,"[0,6,12,18,24,30,36,42]","[0,347.222222,694.444444,1041.666667,1388.888889,1736.111111,2083.333333,2430.555556]",CDD exp(-j2pi*k*j/576); DMRS comb-12,0.1,14.877385,14.806349,14.948422,bracketed,local logistic fit used by result-027/028 target_summary,A30_B0_QC,B0QC because no precoder cycling is present,0.850158,baseline target SNR - candidate target SNR; positive means candidate needs less SNR,outputs/experiment027_meff_sidon/20260726_main/e5_dense_dmrs/comb12/link/A30/final/target_summary.csv,
27,PDSCH_A30_static_8T1R_comb12_estimated,result-027,executed; awaiting researcher confirmation,PDSCH,Sionna 1.0.2 TDL-A,30,3.5,0,48,48,10,8,1,1,30,4096,288,12024,16QAM,NR 256QAM table MCS 8; target rate 553/1024,"symbols [2,7], comb-6, 192 pilot RE",estimated,"two static DMRS observations averaged, then matched frequency LMMSE",soft 16QAM demapper; coherent single-layer equalization/MRC,"Sionna NR LDPC, max 8 iterations",precoder squared norm 8; noise variance 8/SNR,total Tx power per RE divided by single-Rx noise variance (equivalent to unit-power convention),A30_AP_TEPS_T1,AP_TEPS_T1,non-transparent; matched effective covariance,"[0,2.486557,4.973115,7.459672,9.94623,12.432787,14.919345,17.405902]","[0,143.898,287.796,431.694,575.592,719.49,863.388,1007.286]",CDD exp(-j2pi*k*j/576); DMRS comb-12,0.1,14.659057,14.583778,14.734335,bracketed,local logistic fit used by result-027/028 target_summary,A30_B0_QC,B0QC because no precoder cycling is present,1.068486,baseline target SNR - candidate target SNR; positive means candidate needs less SNR,outputs/experiment027_meff_sidon/20260726_main/e5_dense_dmrs/comb12/link/A30/final/target_summary.csv,
27,PDSCH_A30_static_8T1R_comb12_estimated,result-027,executed; awaiting researcher confirmation,PDSCH,Sionna 1.0.2 TDL-A,30,3.5,0,48,48,10,8,1,1,30,4096,288,12024,16QAM,NR 256QAM table MCS 8; target rate 553/1024,"symbols [2,7], comb-6, 192 pilot RE",estimated,"two static DMRS observations averaged, then matched frequency LMMSE",soft 16QAM demapper; coherent single-layer equalization/MRC,"Sionna NR LDPC, max 8 iterations",precoder squared norm 8; noise variance 8/SNR,total Tx power per RE divided by single-Rx noise variance (equivalent to unit-power convention),A30_B0_QC,B0_QC,non-transparent; matched effective covariance,"[0,9,18,27,36,45,54,63]","[0,520.833333,1041.666667,1562.5,2083.333333,2604.166667,3125,3645.833333]",CDD exp(-j2pi*k*j/576); DMRS comb-12,0.1,15.727543,15.663017,15.792068,bracketed,local logistic fit used by result-027/028 target_summary,A30_B0_QC,B0QC because no precoder cycling is present,0,baseline target SNR - candidate target SNR; positive means candidate needs less SNR,outputs/experiment027_meff_sidon/20260726_main/e5_dense_dmrs/comb12/link/A30/final/target_summary.csv,
27,PDSCH_A30_static_8T1R_comb12_estimated,result-027,executed; awaiting researcher confirmation,PDSCH,Sionna 1.0.2 TDL-A,30,3.5,0,48,48,10,8,1,1,30,4096,288,12024,16QAM,NR 256QAM table MCS 8; target rate 553/1024,"symbols [2,7], comb-6, 192 pilot RE",estimated,"two static DMRS observations averaged, then matched frequency LMMSE",soft 16QAM demapper; coherent single-layer equalization/MRC,"Sionna NR LDPC, max 8 iterations",precoder squared norm 8; noise variance 8/SNR,total Tx power per RE divided by single-Rx noise variance (equivalent to unit-power convention),A30_S0_SIDON,S0_SIDON,non-transparent; matched effective covariance,"[0,1,3,7,12,20,30,65]","[0,57.87037,173.611111,405.092593,694.444444,1157.407407,1736.111111,3761.574074]",CDD exp(-j2pi*k*j/576); DMRS comb-12,0.1,14.865175,14.799481,14.930869,bracketed,local logistic fit used by result-027/028 target_summary,A30_B0_QC,B0QC because no precoder cycling is present,0.862368,baseline target SNR - candidate target SNR; positive means candidate needs less SNR,outputs/experiment027_meff_sidon/20260726_main/e5_dense_dmrs/comb12/link/A30/final/target_summary.csv,
27,PDSCH_A30_static_8T1R_comb24_estimated,result-027,executed; awaiting researcher confirmation,PDSCH,Sionna 1.0.2 TDL-A,30,3.5,0,48,48,10,8,1,1,30,4096,288,12024,16QAM,NR 256QAM table MCS 8; target rate 553/1024,"symbols [2,7], comb-6, 192 pilot RE",estimated,"two static DMRS observations averaged, then matched frequency LMMSE",soft 16QAM demapper; coherent single-layer equalization/MRC,"Sionna NR LDPC, max 8 iterations",precoder squared norm 8; noise variance 8/SNR,total Tx power per RE divided by single-Rx noise variance (equivalent to unit-power convention),A30_AP_RMS_T1,AP_RMS_T1,non-transparent; matched effective covariance,"[0,0.5184,1.0368,1.5552,2.0736,2.592,3.1104,3.6288]","[0,30,60,90,120,150,180,210]",CDD exp(-j2pi*k*j/576); DMRS comb-24,0.01,19.359541,18.937176,19.781907,bracketed,local logistic fit used by result-027/028 target_summary,,NA: neither precoder cycling nor B0QC is present,,baseline target SNR - candidate target SNR; positive means candidate needs less SNR,outputs/experiment027_meff_sidon/20260726_main/e4_link/A30/final/target_summary.csv,
27,PDSCH_A30_static_8T1R_comb24_estimated,result-027,executed; awaiting researcher confirmation,PDSCH,Sionna 1.0.2 TDL-A,30,3.5,0,48,48,10,8,1,1,30,4096,288,12024,16QAM,NR 256QAM table MCS 8; target rate 553/1024,"symbols [2,7], comb-6, 192 pilot RE",estimated,"two static DMRS observations averaged, then matched frequency LMMSE",soft 16QAM demapper; coherent single-layer equalization/MRC,"Sionna NR LDPC, max 8 iterations",precoder squared norm 8; noise variance 8/SNR,total Tx power per RE divided by single-Rx noise variance (equivalent to unit-power convention),A30_AP_TALIAS_NT,AP_TALIAS_NT,non-transparent; matched effective covariance,"[0,3,6,9,12,15,18,21]","[0,173.611111,347.222222,520.833333,694.444444,868.055556,1041.666667,1215.277778]",CDD exp(-j2pi*k*j/576); DMRS comb-24,0.01,19.848096,19.517821,20.17837,bracketed,local logistic fit used by result-027/028 target_summary,,NA: neither precoder cycling nor B0QC is present,,baseline target SNR - candidate target SNR; positive means candidate needs less SNR,outputs/experiment027_meff_sidon/20260726_main/e4_link/A30/final/target_summary.csv,
27,PDSCH_A30_static_8T1R_comb24_estimated,result-027,executed; awaiting researcher confirmation,PDSCH,Sionna 1.0.2 TDL-A,30,3.5,0,48,48,10,8,1,1,30,4096,288,12024,16QAM,NR 256QAM table MCS 8; target rate 553/1024,"symbols [2,7], comb-6, 192 pilot RE",estimated,"two static DMRS observations averaged, then matched frequency LMMSE",soft 16QAM demapper; coherent single-layer equalization/MRC,"Sionna NR LDPC, max 8 iterations",precoder squared norm 8; noise variance 8/SNR,total Tx power per RE divided by single-Rx noise variance (equivalent to unit-power convention),A30_AP_TEPS_T1,AP_TEPS_T1,non-transparent; matched effective covariance,"[0,2.486557,4.973115,7.459672,9.94623,12.432787,14.919345,17.405902]","[0,143.898,287.796,431.694,575.592,719.49,863.388,1007.286]",CDD exp(-j2pi*k*j/576); DMRS comb-24,0.01,17.87228,17.679562,18.064997,bracketed,local logistic fit used by result-027/028 target_summary,,NA: neither precoder cycling nor B0QC is present,,baseline target SNR - candidate target SNR; positive means candidate needs less SNR,outputs/experiment027_meff_sidon/20260726_main/e4_link/A30/final/target_summary.csv,
27,PDSCH_A30_static_8T1R_comb24_estimated,result-027,executed; awaiting researcher confirmation,PDSCH,Sionna 1.0.2 TDL-A,30,3.5,0,48,48,10,8,1,1,30,4096,288,12024,16QAM,NR 256QAM table MCS 8; target rate 553/1024,"symbols [2,7], comb-6, 192 pilot RE",estimated,"two static DMRS observations averaged, then matched frequency LMMSE",soft 16QAM demapper; coherent single-layer equalization/MRC,"Sionna NR LDPC, max 8 iterations",precoder squared norm 8; noise variance 8/SNR,total Tx power per RE divided by single-Rx noise variance (equivalent to unit-power convention),A30_AP_RMS_T1,AP_RMS_T1,non-transparent; matched effective covariance,"[0,0.5184,1.0368,1.5552,2.0736,2.592,3.1104,3.6288]","[0,30,60,90,120,150,180,210]",CDD exp(-j2pi*k*j/576); DMRS comb-24,0.1,15.783439,15.716615,15.850262,bracketed,local logistic fit used by result-027/028 target_summary,,NA: neither precoder cycling nor B0QC is present,,baseline target SNR - candidate target SNR; positive means candidate needs less SNR,outputs/experiment027_meff_sidon/20260726_main/e4_link/A30/final/target_summary.csv,
27,PDSCH_A30_static_8T1R_comb24_estimated,result-027,executed; awaiting researcher confirmation,PDSCH,Sionna 1.0.2 TDL-A,30,3.5,0,48,48,10,8,1,1,30,4096,288,12024,16QAM,NR 256QAM table MCS 8; target rate 553/1024,"symbols [2,7], comb-6, 192 pilot RE",estimated,"two static DMRS observations averaged, then matched frequency LMMSE",soft 16QAM demapper; coherent single-layer equalization/MRC,"Sionna NR LDPC, max 8 iterations",precoder squared norm 8; noise variance 8/SNR,total Tx power per RE divided by single-Rx noise variance (equivalent to unit-power convention),A30_AP_TALIAS_NT,AP_TALIAS_NT,non-transparent; matched effective covariance,"[0,3,6,9,12,15,18,21]","[0,173.611111,347.222222,520.833333,694.444444,868.055556,1041.666667,1215.277778]",CDD exp(-j2pi*k*j/576); DMRS comb-24,0.1,16.452448,16.329498,16.575398,bracketed,local logistic fit used by result-027/028 target_summary,,NA: neither precoder cycling nor B0QC is present,,baseline target SNR - candidate target SNR; positive means candidate needs less SNR,outputs/experiment027_meff_sidon/20260726_main/e4_link/A30/final/target_summary.csv,
27,PDSCH_A30_static_8T1R_comb24_estimated,result-027,executed; awaiting researcher confirmation,PDSCH,Sionna 1.0.2 TDL-A,30,3.5,0,48,48,10,8,1,1,30,4096,288,12024,16QAM,NR 256QAM table MCS 8; target rate 553/1024,"symbols [2,7], comb-6, 192 pilot RE",estimated,"two static DMRS observations averaged, then matched frequency LMMSE",soft 16QAM demapper; coherent single-layer equalization/MRC,"Sionna NR LDPC, max 8 iterations",precoder squared norm 8; noise variance 8/SNR,total Tx power per RE divided by single-Rx noise variance (equivalent to unit-power convention),A30_AP_TEPS_T1,AP_TEPS_T1,non-transparent; matched effective covariance,"[0,2.486557,4.973115,7.459672,9.94623,12.432787,14.919345,17.405902]","[0,143.898,287.796,431.694,575.592,719.49,863.388,1007.286]",CDD exp(-j2pi*k*j/576); DMRS comb-24,0.1,15.610697,15.520393,15.701001,bracketed,local logistic fit used by result-027/028 target_summary,,NA: neither precoder cycling nor B0QC is present,,baseline target SNR - candidate target SNR; positive means candidate needs less SNR,outputs/experiment027_meff_sidon/20260726_main/e4_link/A30/final/target_summary.csv,
27,PDSCH_A30_static_8T1R_comb6_estimated,result-027,executed; awaiting researcher confirmation,PDSCH,Sionna 1.0.2 TDL-A,30,3.5,0,48,48,10,8,1,1,30,4096,288,12024,16QAM,NR 256QAM table MCS 8; target rate 553/1024,"symbols [2,7], comb-6, 192 pilot RE",estimated,"two static DMRS observations averaged, then matched frequency LMMSE",soft 16QAM demapper; coherent single-layer equalization/MRC,"Sionna NR LDPC, max 8 iterations",precoder squared norm 8; noise variance 8/SNR,total Tx power per RE divided by single-Rx noise variance (equivalent to unit-power convention),A30_AP_RMS_T1,AP_RMS_T1,non-transparent; matched effective covariance,"[0,0.5184,1.0368,1.5552,2.0736,2.592,3.1104,3.6288]","[0,30,60,90,120,150,180,210]",CDD exp(-j2pi*k*j/576); DMRS comb-6,0.01,18.62486,18.384298,18.865423,bracketed,local logistic fit used by result-027/028 target_summary,A30_B0_QC,B0QC because no precoder cycling is present,-2.803529,baseline target SNR - candidate target SNR; positive means candidate needs less SNR,outputs/experiment027_meff_sidon/20260726_main/e5_dense_dmrs/comb6/link/A30/final/target_summary.csv,A30/A100 data are reused by result-028 rather than independently rerun
27,PDSCH_A30_static_8T1R_comb6_estimated,result-027,executed; awaiting researcher confirmation,PDSCH,Sionna 1.0.2 TDL-A,30,3.5,0,48,48,10,8,1,1,30,4096,288,12024,16QAM,NR 256QAM table MCS 8; target rate 553/1024,"symbols [2,7], comb-6, 192 pilot RE",estimated,"two static DMRS observations averaged, then matched frequency LMMSE",soft 16QAM demapper; coherent single-layer equalization/MRC,"Sionna NR LDPC, max 8 iterations",precoder squared norm 8; noise variance 8/SNR,total Tx power per RE divided by single-Rx noise variance (equivalent to unit-power convention),A30_AP_T2_00,AP_T2_CTRL,non-transparent; matched effective covariance,"[0,71,142,213,284,355,426,497]","[0,4108.796296,8217.592593,12326.388889,16435.185185,20543.981481,24652.777778,28761.574074]",CDD exp(-j2pi*k*j/576); DMRS comb-6,0.01,15.917391,15.786731,16.048051,bracketed,local logistic fit used by result-027/028 target_summary,A30_B0_QC,B0QC because no precoder cycling is present,-0.09606,baseline target SNR - candidate target SNR; positive means candidate needs less SNR,outputs/experiment027_meff_sidon/20260726_main/e5_dense_dmrs/comb6/link/A30/final/target_summary.csv,A30/A100 data are reused by result-028 rather than independently rerun
27,PDSCH_A30_static_8T1R_comb6_estimated,result-027,executed; awaiting researcher confirmation,PDSCH,Sionna 1.0.2 TDL-A,30,3.5,0,48,48,10,8,1,1,30,4096,288,12024,16QAM,NR 256QAM table MCS 8; target rate 553/1024,"symbols [2,7], comb-6, 192 pilot RE",estimated,"two static DMRS observations averaged, then matched frequency LMMSE",soft 16QAM demapper; coherent single-layer equalization/MRC,"Sionna NR LDPC, max 8 iterations",precoder squared norm 8; noise variance 8/SNR,total Tx power per RE divided by single-Rx noise variance (equivalent to unit-power convention),A30_AP_TALIAS_NT,AP_TALIAS_NT,non-transparent; matched effective covariance,"[0,12,24,36,48,60,72,84]","[0,694.444444,1388.888889,2083.333333,2777.777778,3472.222222,4166.666667,4861.111111]",CDD exp(-j2pi*k*j/576); DMRS comb-6,0.01,15.731657,15.639243,15.824072,bracketed,local logistic fit used by result-027/028 target_summary,A30_B0_QC,B0QC because no precoder cycling is present,0.089674,baseline target SNR - candidate target SNR; positive means candidate needs less SNR,outputs/experiment027_meff_sidon/20260726_main/e5_dense_dmrs/comb6/link/A30/final/target_summary.csv,A30/A100 data are reused by result-028 rather than independently rerun
27,PDSCH_A30_static_8T1R_comb6_estimated,result-027,executed; awaiting researcher confirmation,PDSCH,Sionna 1.0.2 TDL-A,30,3.5,0,48,48,10,8,1,1,30,4096,288,12024,16QAM,NR 256QAM table MCS 8; target rate 553/1024,"symbols [2,7], comb-6, 192 pilot RE",estimated,"two static DMRS observations averaged, then matched frequency LMMSE",soft 16QAM demapper; coherent single-layer equalization/MRC,"Sionna NR LDPC, max 8 iterations",precoder squared norm 8; noise variance 8/SNR,total Tx power per RE divided by single-Rx noise variance (equivalent to unit-power convention),A30_AP_TEPS_T1,AP_TEPS_T1,non-transparent; matched effective covariance,"[0,2.486557,4.973115,7.459672,9.94623,12.432787,14.919345,17.405902]","[0,143.898,287.796,431.694,575.592,719.49,863.388,1007.286]",CDD exp(-j2pi*k*j/576); DMRS comb-6,0.01,16.047471,15.872658,16.222285,bracketed,local logistic fit used by result-027/028 target_summary,A30_B0_QC,B0QC because no precoder cycling is present,-0.22614,baseline target SNR - candidate target SNR; positive means candidate needs less SNR,outputs/experiment027_meff_sidon/20260726_main/e5_dense_dmrs/comb6/link/A30/final/target_summary.csv,A30/A100 data are reused by result-028 rather than independently rerun
27,PDSCH_A30_static_8T1R_comb6_estimated,result-027,executed; awaiting researcher confirmation,PDSCH,Sionna 1.0.2 TDL-A,30,3.5,0,48,48,10,8,1,1,30,4096,288,12024,16QAM,NR 256QAM table MCS 8; target rate 553/1024,"symbols [2,7], comb-6, 192 pilot RE",estimated,"two static DMRS observations averaged, then matched frequency LMMSE",soft 16QAM demapper; coherent single-layer equalization/MRC,"Sionna NR LDPC, max 8 iterations",precoder squared norm 8; noise variance 8/SNR,total Tx power per RE divided by single-Rx noise variance (equivalent to unit-power convention),A30_B0_QC,B0_QC,non-transparent; matched effective covariance,"[0,9,18,27,36,45,54,63]","[0,520.833333,1041.666667,1562.5,2083.333333,2604.166667,3125,3645.833333]",CDD exp(-j2pi*k*j/576); DMRS comb-6,0.01,15.821331,15.699396,15.943267,bracketed,local logistic fit used by result-027/028 target_summary,A30_B0_QC,B0QC because no precoder cycling is present,0,baseline target SNR - candidate target SNR; positive means candidate needs less SNR,outputs/experiment027_meff_sidon/20260726_main/e5_dense_dmrs/comb6/link/A30/final/target_summary.csv,A30/A100 data are reused by result-028 rather than independently rerun
27,PDSCH_A30_static_8T1R_comb6_estimated,result-027,executed; awaiting researcher confirmation,PDSCH,Sionna 1.0.2 TDL-A,30,3.5,0,48,48,10,8,1,1,30,4096,288,12024,16QAM,NR 256QAM table MCS 8; target rate 553/1024,"symbols [2,7], comb-6, 192 pilot RE",estimated,"two static DMRS observations averaged, then matched frequency LMMSE",soft 16QAM demapper; coherent single-layer equalization/MRC,"Sionna NR LDPC, max 8 iterations",precoder squared norm 8; noise variance 8/SNR,total Tx power per RE divided by single-Rx noise variance (equivalent to unit-power convention),A30_S0_SIDON,S0_SIDON,non-transparent; matched effective covariance,"[0,1,3,7,12,20,30,65]","[0,57.87037,173.611111,405.092593,694.444444,1157.407407,1736.111111,3761.574074]",CDD exp(-j2pi*k*j/576); DMRS comb-6,0.01,15.619238,15.488803,15.749674,bracketed,local logistic fit used by result-027/028 target_summary,A30_B0_QC,B0QC because no precoder cycling is present,0.202093,baseline target SNR - candidate target SNR; positive means candidate needs less SNR,outputs/experiment027_meff_sidon/20260726_main/e5_dense_dmrs/comb6/link/A30/final/target_summary.csv,A30/A100 data are reused by result-028 rather than independently rerun
27,PDSCH_A30_static_8T1R_comb6_estimated,result-027,executed; awaiting researcher confirmation,PDSCH,Sionna 1.0.2 TDL-A,30,3.5,0,48,48,10,8,1,1,30,4096,288,12024,16QAM,NR 256QAM table MCS 8; target rate 553/1024,"symbols [2,7], comb-6, 192 pilot RE",estimated,"two static DMRS observations averaged, then matched frequency LMMSE",soft 16QAM demapper; coherent single-layer equalization/MRC,"Sionna NR LDPC, max 8 iterations",precoder squared norm 8; noise variance 8/SNR,total Tx power per RE divided by single-Rx noise variance (equivalent to unit-power convention),A30_AP_RMS_T1,AP_RMS_T1,non-transparent; matched effective covariance,"[0,0.5184,1.0368,1.5552,2.0736,2.592,3.1104,3.6288]","[0,30,60,90,120,150,180,210]",CDD exp(-j2pi*k*j/576); DMRS comb-6,0.1,15.403866,15.149409,15.658324,bracketed,local logistic fit used by result-027/028 target_summary,A30_B0_QC,B0QC because no precoder cycling is present,-1.181399,baseline target SNR - candidate target SNR; positive means candidate needs less SNR,outputs/experiment027_meff_sidon/20260726_main/e5_dense_dmrs/comb6/link/A30/final/target_summary.csv,A30/A100 data are reused by result-028 rather than independently rerun
27,PDSCH_A30_static_8T1R_comb6_estimated,result-027,executed; awaiting researcher confirmation,PDSCH,Sionna 1.0.2 TDL-A,30,3.5,0,48,48,10,8,1,1,30,4096,288,12024,16QAM,NR 256QAM table MCS 8; target rate 553/1024,"symbols [2,7], comb-6, 192 pilot RE",estimated,"two static DMRS observations averaged, then matched frequency LMMSE",soft 16QAM demapper; coherent single-layer equalization/MRC,"Sionna NR LDPC, max 8 iterations",precoder squared norm 8; noise variance 8/SNR,total Tx power per RE divided by single-Rx noise variance (equivalent to unit-power convention),A30_AP_T2_00,AP_T2_CTRL,non-transparent; matched effective covariance,"[0,71,142,213,284,355,426,497]","[0,4108.796296,8217.592593,12326.388889,16435.185185,20543.981481,24652.777778,28761.574074]",CDD exp(-j2pi*k*j/576); DMRS comb-6,0.1,14.353302,14.294015,14.412589,bracketed,local logistic fit used by result-027/028 target_summary,A30_B0_QC,B0QC because no precoder cycling is present,-0.130835,baseline target SNR - candidate target SNR; positive means candidate needs less SNR,outputs/experiment027_meff_sidon/20260726_main/e5_dense_dmrs/comb6/link/A30/final/target_summary.csv,A30/A100 data are reused by result-028 rather than independently rerun
27,PDSCH_A30_static_8T1R_comb6_estimated,result-027,executed; awaiting researcher confirmation,PDSCH,Sionna 1.0.2 TDL-A,30,3.5,0,48,48,10,8,1,1,30,4096,288,12024,16QAM,NR 256QAM table MCS 8; target rate 553/1024,"symbols [2,7], comb-6, 192 pilot RE",estimated,"two static DMRS observations averaged, then matched frequency LMMSE",soft 16QAM demapper; coherent single-layer equalization/MRC,"Sionna NR LDPC, max 8 iterations",precoder squared norm 8; noise variance 8/SNR,total Tx power per RE divided by single-Rx noise variance (equivalent to unit-power convention),A30_AP_TALIAS_NT,AP_TALIAS_NT,non-transparent; matched effective covariance,"[0,12,24,36,48,60,72,84]","[0,694.444444,1388.888889,2083.333333,2777.777778,3472.222222,4166.666667,4861.111111]",CDD exp(-j2pi*k*j/576); DMRS comb-6,0.1,14.190256,14.142195,14.238316,bracketed,local logistic fit used by result-027/028 target_summary,A30_B0_QC,B0QC because no precoder cycling is present,0.032211,baseline target SNR - candidate target SNR; positive means candidate needs less SNR,outputs/experiment027_meff_sidon/20260726_main/e5_dense_dmrs/comb6/link/A30/final/target_summary.csv,A30/A100 data are reused by result-028 rather than independently rerun
27,PDSCH_A30_static_8T1R_comb6_estimated,result-027,executed; awaiting researcher confirmation,PDSCH,Sionna 1.0.2 TDL-A,30,3.5,0,48,48,10,8,1,1,30,4096,288,12024,16QAM,NR 256QAM table MCS 8; target rate 553/1024,"symbols [2,7], comb-6, 192 pilot RE",estimated,"two static DMRS observations averaged, then matched frequency LMMSE",soft 16QAM demapper; coherent single-layer equalization/MRC,"Sionna NR LDPC, max 8 iterations",precoder squared norm 8; noise variance 8/SNR,total Tx power per RE divided by single-Rx noise variance (equivalent to unit-power convention),A30_AP_TEPS_T1,AP_TEPS_T1,non-transparent; matched effective covariance,"[0,2.486557,4.973115,7.459672,9.94623,12.432787,14.919345,17.405902]","[0,143.898,287.796,431.694,575.592,719.49,863.388,1007.286]",CDD exp(-j2pi*k*j/576); DMRS comb-6,0.1,14.201602,14.151616,14.251588,bracketed,local logistic fit used by result-027/028 target_summary,A30_B0_QC,B0QC because no precoder cycling is present,0.020865,baseline target SNR - candidate target SNR; positive means candidate needs less SNR,outputs/experiment027_meff_sidon/20260726_main/e5_dense_dmrs/comb6/link/A30/final/target_summary.csv,A30/A100 data are reused by result-028 rather than independently rerun
27,PDSCH_A30_static_8T1R_comb6_estimated,result-027,executed; awaiting researcher confirmation,PDSCH,Sionna 1.0.2 TDL-A,30,3.5,0,48,48,10,8,1,1,30,4096,288,12024,16QAM,NR 256QAM table MCS 8; target rate 553/1024,"symbols [2,7], comb-6, 192 pilot RE",estimated,"two static DMRS observations averaged, then matched frequency LMMSE",soft 16QAM demapper; coherent single-layer equalization/MRC,"Sionna NR LDPC, max 8 iterations",precoder squared norm 8; noise variance 8/SNR,total Tx power per RE divided by single-Rx noise variance (equivalent to unit-power convention),A30_B0_QC,B0_QC,non-transparent; matched effective covariance,"[0,9,18,27,36,45,54,63]","[0,520.833333,1041.666667,1562.5,2083.333333,2604.166667,3125,3645.833333]",CDD exp(-j2pi*k*j/576); DMRS comb-6,0.1,14.222467,14.172497,14.272436,bracketed,local logistic fit used by result-027/028 target_summary,A30_B0_QC,B0QC because no precoder cycling is present,0,baseline target SNR - candidate target SNR; positive means candidate needs less SNR,outputs/experiment027_meff_sidon/20260726_main/e5_dense_dmrs/comb6/link/A30/final/target_summary.csv,A30/A100 data are reused by result-028 rather than independently rerun
27,PDSCH_A30_static_8T1R_comb6_estimated,result-027,executed; awaiting researcher confirmation,PDSCH,Sionna 1.0.2 TDL-A,30,3.5,0,48,48,10,8,1,1,30,4096,288,12024,16QAM,NR 256QAM table MCS 8; target rate 553/1024,"symbols [2,7], comb-6, 192 pilot RE",estimated,"two static DMRS observations averaged, then matched frequency LMMSE",soft 16QAM demapper; coherent single-layer equalization/MRC,"Sionna NR LDPC, max 8 iterations",precoder squared norm 8; noise variance 8/SNR,total Tx power per RE divided by single-Rx noise variance (equivalent to unit-power convention),A30_S0_SIDON,S0_SIDON,non-transparent; matched effective covariance,"[0,1,3,7,12,20,30,65]","[0,57.87037,173.611111,405.092593,694.444444,1157.407407,1736.111111,3761.574074]",CDD exp(-j2pi*k*j/576); DMRS comb-6,0.1,14.066133,14.011502,14.120764,bracketed,local logistic fit used by result-027/028 target_summary,A30_B0_QC,B0QC because no precoder cycling is present,0.156334,baseline target SNR - candidate target SNR; positive means candidate needs less SNR,outputs/experiment027_meff_sidon/20260726_main/e5_dense_dmrs/comb6/link/A30/final/target_summary.csv,A30/A100 data are reused by result-028 rather than independently rerun
27,PDSCH_A5_static_8T1R_comb24_estimated,result-027,executed; awaiting researcher confirmation,PDSCH,Sionna 1.0.2 TDL-A,5,3.5,0,48,48,10,8,1,1,30,4096,288,12024,16QAM,NR 256QAM table MCS 8; target rate 553/1024,"symbols [2,7], comb-6, 192 pilot RE",estimated,"two static DMRS observations averaged, then matched frequency LMMSE",soft 16QAM demapper; coherent single-layer equalization/MRC,"Sionna NR LDPC, max 8 iterations",precoder squared norm 8; noise variance 8/SNR,total Tx power per RE divided by single-Rx noise variance (equivalent to unit-power convention),A5_AP_RMS_T1,AP_RMS_T1,non-transparent; matched effective covariance,"[0,0.0864,0.1728,0.2592,0.3456,0.432,0.5184,0.6048]","[0,5,10,15,20,25,30,35]",CDD exp(-j2pi*k*j/576); DMRS comb-24,0.01,25.501476,25.138595,25.864357,bracketed,local logistic fit used by result-027/028 target_summary,A5_B0_QC,B0QC because no precoder cycling is present,-7.971812,baseline target SNR - candidate target SNR; positive means candidate needs less SNR,outputs/experiment027_meff_sidon/20260726_main/e4_link/A5/final/target_summary.csv,
27,PDSCH_A5_static_8T1R_comb24_estimated,result-027,executed; awaiting researcher confirmation,PDSCH,Sionna 1.0.2 TDL-A,5,3.5,0,48,48,10,8,1,1,30,4096,288,12024,16QAM,NR 256QAM table MCS 8; target rate 553/1024,"symbols [2,7], comb-6, 192 pilot RE",estimated,"two static DMRS observations averaged, then matched frequency LMMSE",soft 16QAM demapper; coherent single-layer equalization/MRC,"Sionna NR LDPC, max 8 iterations",precoder squared norm 8; noise variance 8/SNR,total Tx power per RE divided by single-Rx noise variance (equivalent to unit-power convention),A5_AP_TALIAS_NT,AP_TALIAS_NT,non-transparent; matched effective covariance,"[0,3,6,9,12,15,18,21]","[0,173.611111,347.222222,520.833333,694.444444,868.055556,1041.666667,1215.277778]",CDD exp(-j2pi*k*j/576); DMRS comb-24,0.01,17.467397,17.256629,17.678164,bracketed,local logistic fit used by result-027/028 target_summary,A5_B0_QC,B0QC because no precoder cycling is present,0.062267,baseline target SNR - candidate target SNR; positive means candidate needs less SNR,outputs/experiment027_meff_sidon/20260726_main/e4_link/A5/final/target_summary.csv,
27,PDSCH_A5_static_8T1R_comb24_estimated,result-027,executed; awaiting researcher confirmation,PDSCH,Sionna 1.0.2 TDL-A,5,3.5,0,48,48,10,8,1,1,30,4096,288,12024,16QAM,NR 256QAM table MCS 8; target rate 553/1024,"symbols [2,7], comb-6, 192 pilot RE",estimated,"two static DMRS observations averaged, then matched frequency LMMSE",soft 16QAM demapper; coherent single-layer equalization/MRC,"Sionna NR LDPC, max 8 iterations",precoder squared norm 8; noise variance 8/SNR,total Tx power per RE divided by single-Rx noise variance (equivalent to unit-power convention),A5_AP_TEPS_T1,AP_TEPS_T1,non-transparent; matched effective covariance,"[0,0.414426,0.828852,1.243279,1.657705,2.072131,2.486557,2.900984]","[0,23.983,47.966,71.949,95.932,119.915,143.898,167.881]",CDD exp(-j2pi*k*j/576); DMRS comb-24,0.01,19.9557,19.562871,20.34853,bracketed,local logistic fit used by result-027/028 target_summary,A5_B0_QC,B0QC because no precoder cycling is present,-2.426036,baseline target SNR - candidate target SNR; positive means candidate needs less SNR,outputs/experiment027_meff_sidon/20260726_main/e4_link/A5/final/target_summary.csv,
27,PDSCH_A5_static_8T1R_comb24_estimated,result-027,executed; awaiting researcher confirmation,PDSCH,Sionna 1.0.2 TDL-A,5,3.5,0,48,48,10,8,1,1,30,4096,288,12024,16QAM,NR 256QAM table MCS 8; target rate 553/1024,"symbols [2,7], comb-6, 192 pilot RE",estimated,"two static DMRS observations averaged, then matched frequency LMMSE",soft 16QAM demapper; coherent single-layer equalization/MRC,"Sionna NR LDPC, max 8 iterations",precoder squared norm 8; noise variance 8/SNR,total Tx power per RE divided by single-Rx noise variance (equivalent to unit-power convention),A5_B0_QC,B0_QC,non-transparent; matched effective covariance,"[0,9,18,27,36,45,54,63]","[0,520.833333,1041.666667,1562.5,2083.333333,2604.166667,3125,3645.833333]",CDD exp(-j2pi*k*j/576); DMRS comb-24,0.01,17.529664,17.369428,17.6899,bracketed,local logistic fit used by result-027/028 target_summary,A5_B0_QC,B0QC because no precoder cycling is present,0,baseline target SNR - candidate target SNR; positive means candidate needs less SNR,outputs/experiment027_meff_sidon/20260726_main/e4_link/A5/final/target_summary.csv,
27,PDSCH_A5_static_8T1R_comb24_estimated,result-027,executed; awaiting researcher confirmation,PDSCH,Sionna 1.0.2 TDL-A,5,3.5,0,48,48,10,8,1,1,30,4096,288,12024,16QAM,NR 256QAM table MCS 8; target rate 553/1024,"symbols [2,7], comb-6, 192 pilot RE",estimated,"two static DMRS observations averaged, then matched frequency LMMSE",soft 16QAM demapper; coherent single-layer equalization/MRC,"Sionna NR LDPC, max 8 iterations",precoder squared norm 8; noise variance 8/SNR,total Tx power per RE divided by single-Rx noise variance (equivalent to unit-power convention),A5_GEO_T1_00,GEO_T1_CTRL,non-transparent; matched effective covariance,"[0,18,45,249,318,399,483,516]","[0,1041.666667,2604.166667,14409.722222,18402.777778,23090.277778,27951.388889,29861.111111]",CDD exp(-j2pi*k*j/576); DMRS comb-24,0.01,16.731528,16.625669,16.837387,bracketed,local logistic fit used by result-027/028 target_summary,A5_B0_QC,B0QC because no precoder cycling is present,0.798136,baseline target SNR - candidate target SNR; positive means candidate needs less SNR,outputs/experiment027_meff_sidon/20260726_main/e4_link/A5/final/target_summary.csv,
27,PDSCH_A5_static_8T1R_comb24_estimated,result-027,executed; awaiting researcher confirmation,PDSCH,Sionna 1.0.2 TDL-A,5,3.5,0,48,48,10,8,1,1,30,4096,288,12024,16QAM,NR 256QAM table MCS 8; target rate 553/1024,"symbols [2,7], comb-6, 192 pilot RE",estimated,"two static DMRS observations averaged, then matched frequency LMMSE",soft 16QAM demapper; coherent single-layer equalization/MRC,"Sionna NR LDPC, max 8 iterations",precoder squared norm 8; noise variance 8/SNR,total Tx power per RE divided by single-Rx noise variance (equivalent to unit-power convention),A5_GEO_T1_01,GEO_T1_CTRL,non-transparent; matched effective covariance,"[0,5,35,47,105,195,350,558]","[0,289.351852,2025.462963,2719.907407,6076.388889,11284.722222,20254.62963,32291.666667]",CDD exp(-j2pi*k*j/576); DMRS comb-24,0.01,18.375153,18.182195,18.568112,bracketed,local logistic fit used by result-027/028 target_summary,A5_B0_QC,B0QC because no precoder cycling is present,-0.845489,baseline target SNR - candidate target SNR; positive means candidate needs less SNR,outputs/experiment027_meff_sidon/20260726_main/e4_link/A5/final/target_summary.csv,
27,PDSCH_A5_static_8T1R_comb24_estimated,result-027,executed; awaiting researcher confirmation,PDSCH,Sionna 1.0.2 TDL-A,5,3.5,0,48,48,10,8,1,1,30,4096,288,12024,16QAM,NR 256QAM table MCS 8; target rate 553/1024,"symbols [2,7], comb-6, 192 pilot RE",estimated,"two static DMRS observations averaged, then matched frequency LMMSE",soft 16QAM demapper; coherent single-layer equalization/MRC,"Sionna NR LDPC, max 8 iterations",precoder squared norm 8; noise variance 8/SNR,total Tx power per RE divided by single-Rx noise variance (equivalent to unit-power convention),A5_S0_SIDON,S0_SIDON,non-transparent; matched effective covariance,"[0,1,3,7,12,20,30,65]","[0,57.87037,173.611111,405.092593,694.444444,1157.407407,1736.111111,3761.574074]",CDD exp(-j2pi*k*j/576); DMRS comb-24,0.01,17.404312,17.206163,17.602462,bracketed,local logistic fit used by result-027/028 target_summary,A5_B0_QC,B0QC because no precoder cycling is present,0.125352,baseline target SNR - candidate target SNR; positive means candidate needs less SNR,outputs/experiment027_meff_sidon/20260726_main/e4_link/A5/final/target_summary.csv,
27,PDSCH_A5_static_8T1R_comb24_estimated,result-027,executed; awaiting researcher confirmation,PDSCH,Sionna 1.0.2 TDL-A,5,3.5,0,48,48,10,8,1,1,30,4096,288,12024,16QAM,NR 256QAM table MCS 8; target rate 553/1024,"symbols [2,7], comb-6, 192 pilot RE",estimated,"two static DMRS observations averaged, then matched frequency LMMSE",soft 16QAM demapper; coherent single-layer equalization/MRC,"Sionna NR LDPC, max 8 iterations",precoder squared norm 8; noise variance 8/SNR,total Tx power per RE divided by single-Rx noise variance (equivalent to unit-power convention),A5_AP_RMS_T1,AP_RMS_T1,non-transparent; matched effective covariance,"[0,0.0864,0.1728,0.2592,0.3456,0.432,0.5184,0.6048]","[0,5,10,15,20,25,30,35]",CDD exp(-j2pi*k*j/576); DMRS comb-24,0.1,18.725778,18.56871,18.882846,bracketed,local logistic fit used by result-027/028 target_summary,A5_B0_QC,B0QC because no precoder cycling is present,-3.550605,baseline target SNR - candidate target SNR; positive means candidate needs less SNR,outputs/experiment027_meff_sidon/20260726_main/e4_link/A5/final/target_summary.csv,
27,PDSCH_A5_static_8T1R_comb24_estimated,result-027,executed; awaiting researcher confirmation,PDSCH,Sionna 1.0.2 TDL-A,5,3.5,0,48,48,10,8,1,1,30,4096,288,12024,16QAM,NR 256QAM table MCS 8; target rate 553/1024,"symbols [2,7], comb-6, 192 pilot RE",estimated,"two static DMRS observations averaged, then matched frequency LMMSE",soft 16QAM demapper; coherent single-layer equalization/MRC,"Sionna NR LDPC, max 8 iterations",precoder squared norm 8; noise variance 8/SNR,total Tx power per RE divided by single-Rx noise variance (equivalent to unit-power convention),A5_AP_TALIAS_NT,AP_TALIAS_NT,non-transparent; matched effective covariance,"[0,3,6,9,12,15,18,21]","[0,173.611111,347.222222,520.833333,694.444444,868.055556,1041.666667,1215.277778]",CDD exp(-j2pi*k*j/576); DMRS comb-24,0.1,15.11544,15.018014,15.212866,bracketed,local logistic fit used by result-027/028 target_summary,A5_B0_QC,B0QC because no precoder cycling is present,0.059733,baseline target SNR - candidate target SNR; positive means candidate needs less SNR,outputs/experiment027_meff_sidon/20260726_main/e4_link/A5/final/target_summary.csv,
27,PDSCH_A5_static_8T1R_comb24_estimated,result-027,executed; awaiting researcher confirmation,PDSCH,Sionna 1.0.2 TDL-A,5,3.5,0,48,48,10,8,1,1,30,4096,288,12024,16QAM,NR 256QAM table MCS 8; target rate 553/1024,"symbols [2,7], comb-6, 192 pilot RE",estimated,"two static DMRS observations averaged, then matched frequency LMMSE",soft 16QAM demapper; coherent single-layer equalization/MRC,"Sionna NR LDPC, max 8 iterations",precoder squared norm 8; noise variance 8/SNR,total Tx power per RE divided by single-Rx noise variance (equivalent to unit-power convention),A5_AP_TEPS_T1,AP_TEPS_T1,non-transparent; matched effective covariance,"[0,0.414426,0.828852,1.243279,1.657705,2.072131,2.486557,2.900984]","[0,23.983,47.966,71.949,95.932,119.915,143.898,167.881]",CDD exp(-j2pi*k*j/576); DMRS comb-24,0.1,16.107254,15.990139,16.224369,bracketed,local logistic fit used by result-027/028 target_summary,A5_B0_QC,B0QC because no precoder cycling is present,-0.932081,baseline target SNR - candidate target SNR; positive means candidate needs less SNR,outputs/experiment027_meff_sidon/20260726_main/e4_link/A5/final/target_summary.csv,
27,PDSCH_A5_static_8T1R_comb24_estimated,result-027,executed; awaiting researcher confirmation,PDSCH,Sionna 1.0.2 TDL-A,5,3.5,0,48,48,10,8,1,1,30,4096,288,12024,16QAM,NR 256QAM table MCS 8; target rate 553/1024,"symbols [2,7], comb-6, 192 pilot RE",estimated,"two static DMRS observations averaged, then matched frequency LMMSE",soft 16QAM demapper; coherent single-layer equalization/MRC,"Sionna NR LDPC, max 8 iterations",precoder squared norm 8; noise variance 8/SNR,total Tx power per RE divided by single-Rx noise variance (equivalent to unit-power convention),A5_B0_QC,B0_QC,non-transparent; matched effective covariance,"[0,9,18,27,36,45,54,63]","[0,520.833333,1041.666667,1562.5,2083.333333,2604.166667,3125,3645.833333]",CDD exp(-j2pi*k*j/576); DMRS comb-24,0.1,15.175173,15.090693,15.259652,bracketed,local logistic fit used by result-027/028 target_summary,A5_B0_QC,B0QC because no precoder cycling is present,0,baseline target SNR - candidate target SNR; positive means candidate needs less SNR,outputs/experiment027_meff_sidon/20260726_main/e4_link/A5/final/target_summary.csv,
27,PDSCH_A5_static_8T1R_comb24_estimated,result-027,executed; awaiting researcher confirmation,PDSCH,Sionna 1.0.2 TDL-A,5,3.5,0,48,48,10,8,1,1,30,4096,288,12024,16QAM,NR 256QAM table MCS 8; target rate 553/1024,"symbols [2,7], comb-6, 192 pilot RE",estimated,"two static DMRS observations averaged, then matched frequency LMMSE",soft 16QAM demapper; coherent single-layer equalization/MRC,"Sionna NR LDPC, max 8 iterations",precoder squared norm 8; noise variance 8/SNR,total Tx power per RE divided by single-Rx noise variance (equivalent to unit-power convention),A5_GEO_T1_00,GEO_T1_CTRL,non-transparent; matched effective covariance,"[0,18,45,249,318,399,483,516]","[0,1041.666667,2604.166667,14409.722222,18402.777778,23090.277778,27951.388889,29861.111111]",CDD exp(-j2pi*k*j/576); DMRS comb-24,0.1,14.753275,14.694186,14.812365,bracketed,local logistic fit used by result-027/028 target_summary,A5_B0_QC,B0QC because no precoder cycling is present,0.421898,baseline target SNR - candidate target SNR; positive means candidate needs less SNR,outputs/experiment027_meff_sidon/20260726_main/e4_link/A5/final/target_summary.csv,
27,PDSCH_A5_static_8T1R_comb24_estimated,result-027,executed; awaiting researcher confirmation,PDSCH,Sionna 1.0.2 TDL-A,5,3.5,0,48,48,10,8,1,1,30,4096,288,12024,16QAM,NR 256QAM table MCS 8; target rate 553/1024,"symbols [2,7], comb-6, 192 pilot RE",estimated,"two static DMRS observations averaged, then matched frequency LMMSE",soft 16QAM demapper; coherent single-layer equalization/MRC,"Sionna NR LDPC, max 8 iterations",precoder squared norm 8; noise variance 8/SNR,total Tx power per RE divided by single-Rx noise variance (equivalent to unit-power convention),A5_GEO_T1_01,GEO_T1_CTRL,non-transparent; matched effective covariance,"[0,5,35,47,105,195,350,558]","[0,289.351852,2025.462963,2719.907407,6076.388889,11284.722222,20254.62963,32291.666667]",CDD exp(-j2pi*k*j/576); DMRS comb-24,0.1,15.489783,15.394603,15.584962,bracketed,local logistic fit used by result-027/028 target_summary,A5_B0_QC,B0QC because no precoder cycling is present,-0.31461,baseline target SNR - candidate target SNR; positive means candidate needs less SNR,outputs/experiment027_meff_sidon/20260726_main/e4_link/A5/final/target_summary.csv,
27,PDSCH_A5_static_8T1R_comb24_estimated,result-027,executed; awaiting researcher confirmation,PDSCH,Sionna 1.0.2 TDL-A,5,3.5,0,48,48,10,8,1,1,30,4096,288,12024,16QAM,NR 256QAM table MCS 8; target rate 553/1024,"symbols [2,7], comb-6, 192 pilot RE",estimated,"two static DMRS observations averaged, then matched frequency LMMSE",soft 16QAM demapper; coherent single-layer equalization/MRC,"Sionna NR LDPC, max 8 iterations",precoder squared norm 8; noise variance 8/SNR,total Tx power per RE divided by single-Rx noise variance (equivalent to unit-power convention),A5_MEFF_T2_06,MEFF_T2_CAND,non-transparent; matched effective covariance,"[0,30,165,232,354,425,468,527]","[0,1736.111111,9548.611111,13425.925926,20486.111111,24594.907407,27083.333333,30497.685185]",CDD exp(-j2pi*k*j/576); DMRS comb-24,0.1,16.021566,15.866204,16.176928,bracketed,local logistic fit used by result-027/028 target_summary,A5_B0_QC,B0QC because no precoder cycling is present,-0.846393,baseline target SNR - candidate target SNR; positive means candidate needs less SNR,outputs/experiment027_meff_sidon/20260726_main/e4_link/A5/final/target_summary.csv,
27,PDSCH_A5_static_8T1R_comb24_estimated,result-027,executed; awaiting researcher confirmation,PDSCH,Sionna 1.0.2 TDL-A,5,3.5,0,48,48,10,8,1,1,30,4096,288,12024,16QAM,NR 256QAM table MCS 8; target rate 553/1024,"symbols [2,7], comb-6, 192 pilot RE",estimated,"two static DMRS observations averaged, then matched frequency LMMSE",soft 16QAM demapper; coherent single-layer equalization/MRC,"Sionna NR LDPC, max 8 iterations",precoder squared norm 8; noise variance 8/SNR,total Tx power per RE divided by single-Rx noise variance (equivalent to unit-power convention),A5_S0_SIDON,S0_SIDON,non-transparent; matched effective covariance,"[0,1,3,7,12,20,30,65]","[0,57.87037,173.611111,405.092593,694.444444,1157.407407,1736.111111,3761.574074]",CDD exp(-j2pi*k*j/576); DMRS comb-24,0.1,15.088205,14.990424,15.185985,bracketed,local logistic fit used by result-027/028 target_summary,A5_B0_QC,B0QC because no precoder cycling is present,0.086968,baseline target SNR - candidate target SNR; positive means candidate needs less SNR,outputs/experiment027_meff_sidon/20260726_main/e4_link/A5/final/target_summary.csv,
28,PDSCH_A100_static_8T1R_comb6_estimated,result-028,executed; awaiting researcher confirmation,PDSCH,Sionna 1.0.2 TDL-A,100,3.5,0,48,48,10,8,1,1,30,4096,288,12024,16QAM,NR 256QAM table MCS 8; target rate 553/1024,"symbols [2,7], comb-6, 192 pilot RE",estimated,static frequency LMMSE; receiver covariance depends on candidate mode,soft 16QAM demapper; coherent single-layer equalization/MRC,"Sionna NR LDPC, max 8 iterations",precoder squared norm 8; noise variance 8/SNR,total Tx power per RE divided by single-Rx noise variance (equivalent to unit-power convention),A100_PRG_DFT8_4RB,PRECODER_CYCLING,transparent; physical covariance within each PRG,,,DFT8 precoder cycling by 4-RB or 6-RB PRG,0.01,,,,unbracketed,"audit recomputation: adjacent raw points, linear interpolation in log10(BLER)",A100_PRG_DFT8_6RB,precoder cycling present,,baseline target SNR - candidate target SNR; positive means candidate needs less SNR,outputs/experiment028_csi_curves/20260803_main/transparent_prg_baselines/a100/final/estimated_csi_bler_points.csv,unbracketed
28,PDSCH_A100_static_8T1R_comb6_estimated,result-028,executed; awaiting researcher confirmation,PDSCH,Sionna 1.0.2 TDL-A,100,3.5,0,48,48,10,8,1,1,30,4096,288,12024,16QAM,NR 256QAM table MCS 8; target rate 553/1024,"symbols [2,7], comb-6, 192 pilot RE",estimated,static frequency LMMSE; receiver covariance depends on candidate mode,soft 16QAM demapper; coherent single-layer equalization/MRC,"Sionna NR LDPC, max 8 iterations",precoder squared norm 8; noise variance 8/SNR,total Tx power per RE divided by single-Rx noise variance (equivalent to unit-power convention),A100_PRG_DFT8_6RB,PRECODER_CYCLING,transparent; physical covariance within each PRG,,,DFT8 precoder cycling by 4-RB or 6-RB PRG,0.01,17.120321,,,bracketed,"audit recomputation: adjacent raw points, linear interpolation in log10(BLER)",A100_PRG_DFT8_6RB,precoder cycling present,0,baseline target SNR - candidate target SNR; positive means candidate needs less SNR,outputs/experiment028_csi_curves/20260803_main/transparent_prg_6rb_1pct_extension/a100/final/estimated_csi_bler_points.csv,"duplicate curve reused; not an independent rerun; raw bracket [17,17.25]"
28,PDSCH_A100_static_8T1R_comb6_estimated,result-028,executed; awaiting researcher confirmation,PDSCH,Sionna 1.0.2 TDL-A,100,3.5,0,48,48,10,8,1,1,30,4096,288,12024,16QAM,NR 256QAM table MCS 8; target rate 553/1024,"symbols [2,7], comb-6, 192 pilot RE",estimated,static frequency LMMSE; receiver covariance depends on candidate mode,soft 16QAM demapper; coherent single-layer equalization/MRC,"Sionna NR LDPC, max 8 iterations",precoder squared norm 8; noise variance 8/SNR,total Tx power per RE divided by single-Rx noise variance (equivalent to unit-power convention),A100_SMALL_CDD_QSTEP0P25_MATCHED_CDD,SMALL_DELAY_CDD,matched effective covariance,"[0,0.25,0.5,0.75,1,1.25,1.5,1.75]","[0,14.467593,28.935185,43.402778,57.87037,72.337963,86.805556,101.273148]","CDD coordinates [0,0.25,...,1.75], phase denominator 576",0.01,18.447203,,,bracketed,"audit recomputation: adjacent raw points, linear interpolation in log10(BLER)",A100_PRG_DFT8_6RB,precoder cycling present,-1.326882,baseline target SNR - candidate target SNR; positive means candidate needs less SNR,outputs/experiment028_csi_curves/20260803_main/small_delay_cdd_matched/a100/final/estimated_csi_bler_points.csv,"raw bracket [18,18.5]"
28,PDSCH_A100_static_8T1R_comb6_estimated,result-028,executed; awaiting researcher confirmation,PDSCH,Sionna 1.0.2 TDL-A,100,3.5,0,48,48,10,8,1,1,30,4096,288,12024,16QAM,NR 256QAM table MCS 8; target rate 553/1024,"symbols [2,7], comb-6, 192 pilot RE",estimated,static frequency LMMSE; receiver covariance depends on candidate mode,soft 16QAM demapper; coherent single-layer equalization/MRC,"Sionna NR LDPC, max 8 iterations",precoder squared norm 8; noise variance 8/SNR,total Tx power per RE divided by single-Rx noise variance (equivalent to unit-power convention),A100_SMALL_CDD_QSTEP0P25_TRANSPARENT_CDD,SMALL_DELAY_CDD,transparent; physical fullband covariance,"[0,0.25,0.5,0.75,1,1.25,1.5,1.75]","[0,14.467593,28.935185,43.402778,57.87037,72.337963,86.805556,101.273148]","CDD coordinates [0,0.25,...,1.75], phase denominator 576",0.01,19.843607,,,bracketed,"audit recomputation: adjacent raw points, linear interpolation in log10(BLER)",A100_PRG_DFT8_6RB,precoder cycling present,-2.723286,baseline target SNR - candidate target SNR; positive means candidate needs less SNR,outputs/experiment028_csi_curves/20260803_main/transparent_cdd_small_delay/a100/final/estimated_csi_bler_points.csv,"raw bracket [19.75,20]"
28,PDSCH_A100_static_8T1R_comb6_estimated,result-028,executed; awaiting researcher confirmation,PDSCH,Sionna 1.0.2 TDL-A,100,3.5,0,48,48,10,8,1,1,30,4096,288,12024,16QAM,NR 256QAM table MCS 8; target rate 553/1024,"symbols [2,7], comb-6, 192 pilot RE",estimated,static frequency LMMSE; receiver covariance depends on candidate mode,soft 16QAM demapper; coherent single-layer equalization/MRC,"Sionna NR LDPC, max 8 iterations",precoder squared norm 8; noise variance 8/SNR,total Tx power per RE divided by single-Rx noise variance (equivalent to unit-power convention),A100_PRG_DFT8_4RB,PRECODER_CYCLING,transparent; physical covariance within each PRG,,,DFT8 precoder cycling by 4-RB or 6-RB PRG,0.1,14.728253,,,bracketed,"audit recomputation: adjacent raw points, linear interpolation in log10(BLER)",A100_PRG_DFT8_6RB,precoder cycling present,0.026116,baseline target SNR - candidate target SNR; positive means candidate needs less SNR,outputs/experiment028_csi_curves/20260803_main/transparent_prg_baselines/a100/final/estimated_csi_bler_points.csv,"raw bracket [14.5,14.75]"
28,PDSCH_A100_static_8T1R_comb6_estimated,result-028,executed; awaiting researcher confirmation,PDSCH,Sionna 1.0.2 TDL-A,100,3.5,0,48,48,10,8,1,1,30,4096,288,12024,16QAM,NR 256QAM table MCS 8; target rate 553/1024,"symbols [2,7], comb-6, 192 pilot RE",estimated,static frequency LMMSE; receiver covariance depends on candidate mode,soft 16QAM demapper; coherent single-layer equalization/MRC,"Sionna NR LDPC, max 8 iterations",precoder squared norm 8; noise variance 8/SNR,total Tx power per RE divided by single-Rx noise variance (equivalent to unit-power convention),A100_PRG_DFT8_6RB,PRECODER_CYCLING,transparent; physical covariance within each PRG,,,DFT8 precoder cycling by 4-RB or 6-RB PRG,0.1,14.754369,,,bracketed,"audit recomputation: adjacent raw points, linear interpolation in log10(BLER)",A100_PRG_DFT8_6RB,precoder cycling present,0,baseline target SNR - candidate target SNR; positive means candidate needs less SNR,outputs/experiment028_csi_curves/20260803_main/transparent_prg_6rb_1pct_extension/a100/final/estimated_csi_bler_points.csv;outputs/experiment028_csi_curves/20260803_main/transparent_prg_baselines/a100/final/estimated_csi_bler_points.csv,"duplicate curve reused; not an independent rerun; raw bracket [14.75,15]; unbracketed"
28,PDSCH_A100_static_8T1R_comb6_estimated,result-028,executed; awaiting researcher confirmation,PDSCH,Sionna 1.0.2 TDL-A,100,3.5,0,48,48,10,8,1,1,30,4096,288,12024,16QAM,NR 256QAM table MCS 8; target rate 553/1024,"symbols [2,7], comb-6, 192 pilot RE",estimated,static frequency LMMSE; receiver covariance depends on candidate mode,soft 16QAM demapper; coherent single-layer equalization/MRC,"Sionna NR LDPC, max 8 iterations",precoder squared norm 8; noise variance 8/SNR,total Tx power per RE divided by single-Rx noise variance (equivalent to unit-power convention),A100_SMALL_CDD_QSTEP0P25_MATCHED_CDD,SMALL_DELAY_CDD,matched effective covariance,"[0,0.25,0.5,0.75,1,1.25,1.5,1.75]","[0,14.467593,28.935185,43.402778,57.87037,72.337963,86.805556,101.273148]","CDD coordinates [0,0.25,...,1.75], phase denominator 576",0.1,15.48906,,,bracketed,"audit recomputation: adjacent raw points, linear interpolation in log10(BLER)",A100_PRG_DFT8_6RB,precoder cycling present,-0.734691,baseline target SNR - candidate target SNR; positive means candidate needs less SNR,outputs/experiment028_csi_curves/20260803_main/small_delay_cdd_matched/a100/final/estimated_csi_bler_points.csv,"raw bracket [15,15.5]"
28,PDSCH_A100_static_8T1R_comb6_estimated,result-028,executed; awaiting researcher confirmation,PDSCH,Sionna 1.0.2 TDL-A,100,3.5,0,48,48,10,8,1,1,30,4096,288,12024,16QAM,NR 256QAM table MCS 8; target rate 553/1024,"symbols [2,7], comb-6, 192 pilot RE",estimated,static frequency LMMSE; receiver covariance depends on candidate mode,soft 16QAM demapper; coherent single-layer equalization/MRC,"Sionna NR LDPC, max 8 iterations",precoder squared norm 8; noise variance 8/SNR,total Tx power per RE divided by single-Rx noise variance (equivalent to unit-power convention),A100_SMALL_CDD_QSTEP0P25_TRANSPARENT_CDD,SMALL_DELAY_CDD,transparent; physical fullband covariance,"[0,0.25,0.5,0.75,1,1.25,1.5,1.75]","[0,14.467593,28.935185,43.402778,57.87037,72.337963,86.805556,101.273148]","CDD coordinates [0,0.25,...,1.75], phase denominator 576",0.1,16.268209,,,bracketed,"audit recomputation: adjacent raw points, linear interpolation in log10(BLER)",A100_PRG_DFT8_6RB,precoder cycling present,-1.51384,baseline target SNR - candidate target SNR; positive means candidate needs less SNR,outputs/experiment028_csi_curves/20260803_main/transparent_cdd_small_delay/a100/final/estimated_csi_bler_points.csv,"raw bracket [16.25,16.5]"
28,PDSCH_A100_static_8T1R_comb6_ideal,result-028,executed; awaiting researcher confirmation,PDSCH,Sionna 1.0.2 TDL-A,100,3.5,0,48,48,10,8,1,1,30,4096,288,12024,16QAM,NR 256QAM table MCS 8; target rate 553/1024,"symbols [2,7], comb-6, 192 pilot RE",ideal,true data-RE effective channel,soft 16QAM demapper; coherent single-layer equalization/MRC,"Sionna NR LDPC, max 8 iterations",precoder squared norm 8; noise variance 8/SNR,total Tx power per RE divided by single-Rx noise variance (equivalent to unit-power convention),A100_PRG_DFT8_4RB,PRECODER_CYCLING,transparent; physical covariance within each PRG,,,DFT8 precoder cycling by 4-RB or 6-RB PRG,0.01,,,,unbracketed,"audit recomputation: adjacent raw points, linear interpolation in log10(BLER)",A100_PRG_DFT8_6RB,"precoder cycling present, but its target is unavailable",,baseline target SNR - candidate target SNR; positive means candidate needs less SNR,outputs/experiment028_csi_curves/20260803_main/transparent_prg_baselines/a100/final/ideal_csi_bler_points.csv,unbracketed
28,PDSCH_A100_static_8T1R_comb6_ideal,result-028,executed; awaiting researcher confirmation,PDSCH,Sionna 1.0.2 TDL-A,100,3.5,0,48,48,10,8,1,1,30,4096,288,12024,16QAM,NR 256QAM table MCS 8; target rate 553/1024,"symbols [2,7], comb-6, 192 pilot RE",ideal,true data-RE effective channel,soft 16QAM demapper; coherent single-layer equalization/MRC,"Sionna NR LDPC, max 8 iterations",precoder squared norm 8; noise variance 8/SNR,total Tx power per RE divided by single-Rx noise variance (equivalent to unit-power convention),A100_PRG_DFT8_6RB,PRECODER_CYCLING,transparent; physical covariance within each PRG,,,DFT8 precoder cycling by 4-RB or 6-RB PRG,0.01,,,,unbracketed,"audit recomputation: adjacent raw points, linear interpolation in log10(BLER)",A100_PRG_DFT8_6RB,"precoder cycling present, but its target is unavailable",,baseline target SNR - candidate target SNR; positive means candidate needs less SNR,outputs/experiment028_csi_curves/20260803_main/transparent_prg_baselines/a100/final/ideal_csi_bler_points.csv,unbracketed
28,PDSCH_A100_static_8T1R_comb6_ideal,result-028,executed; awaiting researcher confirmation,PDSCH,Sionna 1.0.2 TDL-A,100,3.5,0,48,48,10,8,1,1,30,4096,288,12024,16QAM,NR 256QAM table MCS 8; target rate 553/1024,"symbols [2,7], comb-6, 192 pilot RE",ideal,true data-RE effective channel,soft 16QAM demapper; coherent single-layer equalization/MRC,"Sionna NR LDPC, max 8 iterations",precoder squared norm 8; noise variance 8/SNR,total Tx power per RE divided by single-Rx noise variance (equivalent to unit-power convention),A100_SMALL_CDD_QSTEP0P25_IDEAL_CDD,SMALL_DELAY_CDD,ideal CSI,"[0,0.25,0.5,0.75,1,1.25,1.5,1.75]","[0,14.467593,28.935185,43.402778,57.87037,72.337963,86.805556,101.273148]","CDD coordinates [0,0.25,...,1.75], phase denominator 576",0.01,18.181622,,,bracketed,"audit recomputation: adjacent raw points, linear interpolation in log10(BLER)",A100_PRG_DFT8_6RB,"precoder cycling present, but its target is unavailable",,baseline target SNR - candidate target SNR; positive means candidate needs less SNR,outputs/experiment028_csi_curves/20260803_main/small_delay_cdd_ideal/a100/final/ideal_csi_bler_points.csv,"raw bracket [18,18.5]"
28,PDSCH_A100_static_8T1R_comb6_ideal,result-028,executed; awaiting researcher confirmation,PDSCH,Sionna 1.0.2 TDL-A,100,3.5,0,48,48,10,8,1,1,30,4096,288,12024,16QAM,NR 256QAM table MCS 8; target rate 553/1024,"symbols [2,7], comb-6, 192 pilot RE",ideal,true data-RE effective channel,soft 16QAM demapper; coherent single-layer equalization/MRC,"Sionna NR LDPC, max 8 iterations",precoder squared norm 8; noise variance 8/SNR,total Tx power per RE divided by single-Rx noise variance (equivalent to unit-power convention),A100_PRG_DFT8_4RB,PRECODER_CYCLING,transparent; physical covariance within each PRG,,,DFT8 precoder cycling by 4-RB or 6-RB PRG,0.1,14.12338,,,bracketed,"audit recomputation: adjacent raw points, linear interpolation in log10(BLER)",A100_PRG_DFT8_6RB,precoder cycling present,0.114497,baseline target SNR - candidate target SNR; positive means candidate needs less SNR,outputs/experiment028_csi_curves/20260803_main/transparent_prg_baselines/a100/final/ideal_csi_bler_points.csv,"raw bracket [14,14.25]"
28,PDSCH_A100_static_8T1R_comb6_ideal,result-028,executed; awaiting researcher confirmation,PDSCH,Sionna 1.0.2 TDL-A,100,3.5,0,48,48,10,8,1,1,30,4096,288,12024,16QAM,NR 256QAM table MCS 8; target rate 553/1024,"symbols [2,7], comb-6, 192 pilot RE",ideal,true data-RE effective channel,soft 16QAM demapper; coherent single-layer equalization/MRC,"Sionna NR LDPC, max 8 iterations",precoder squared norm 8; noise variance 8/SNR,total Tx power per RE divided by single-Rx noise variance (equivalent to unit-power convention),A100_PRG_DFT8_6RB,PRECODER_CYCLING,transparent; physical covariance within each PRG,,,DFT8 precoder cycling by 4-RB or 6-RB PRG,0.1,14.237877,,,bracketed,"audit recomputation: adjacent raw points, linear interpolation in log10(BLER)",A100_PRG_DFT8_6RB,precoder cycling present,0,baseline target SNR - candidate target SNR; positive means candidate needs less SNR,outputs/experiment028_csi_curves/20260803_main/transparent_prg_baselines/a100/final/ideal_csi_bler_points.csv,"raw bracket [14,14.25]"
28,PDSCH_A100_static_8T1R_comb6_ideal,result-028,executed; awaiting researcher confirmation,PDSCH,Sionna 1.0.2 TDL-A,100,3.5,0,48,48,10,8,1,1,30,4096,288,12024,16QAM,NR 256QAM table MCS 8; target rate 553/1024,"symbols [2,7], comb-6, 192 pilot RE",ideal,true data-RE effective channel,soft 16QAM demapper; coherent single-layer equalization/MRC,"Sionna NR LDPC, max 8 iterations",precoder squared norm 8; noise variance 8/SNR,total Tx power per RE divided by single-Rx noise variance (equivalent to unit-power convention),A100_SMALL_CDD_QSTEP0P25_IDEAL_CDD,SMALL_DELAY_CDD,ideal CSI,"[0,0.25,0.5,0.75,1,1.25,1.5,1.75]","[0,14.467593,28.935185,43.402778,57.87037,72.337963,86.805556,101.273148]","CDD coordinates [0,0.25,...,1.75], phase denominator 576",0.1,15.264719,,,bracketed,"audit recomputation: adjacent raw points, linear interpolation in log10(BLER)",A100_PRG_DFT8_6RB,precoder cycling present,-1.026842,baseline target SNR - candidate target SNR; positive means candidate needs less SNR,outputs/experiment028_csi_curves/20260803_main/small_delay_cdd_ideal/a100/final/ideal_csi_bler_points.csv,"raw bracket [15,15.5]"
28,PDSCH_A300_static_8T1R_comb6_estimated,result-028,executed; awaiting researcher confirmation,PDSCH,Sionna 1.0.2 TDL-A,300,3.5,0,48,48,10,8,1,1,30,4096,288,12024,16QAM,NR 256QAM table MCS 8; target rate 553/1024,"symbols [2,7], comb-6, 192 pilot RE",estimated,"two static DMRS observations averaged, then matched frequency LMMSE",soft 16QAM demapper; coherent single-layer equalization/MRC,"Sionna NR LDPC, max 8 iterations",precoder squared norm 8; noise variance 8/SNR,total Tx power per RE divided by single-Rx noise variance (equivalent to unit-power convention),A300_AP_RMS_T1,AP_RMS_T1,non-transparent; matched effective covariance,"[0,5.184,10.368,15.552,20.736,25.92,31.104,36.288]","[0,300,600,900,1200,1500,1800,2100]",CDD exp(-j2pi*k*j/576); DMRS comb-6,0.01,15.364876,15.270903,15.458849,bracketed,local logistic fit used by result-027/028 target_summary,A300_B0_QC,B0QC because no precoder cycling is present,0.209994,baseline target SNR - candidate target SNR; positive means candidate needs less SNR,outputs/experiment028_csi_curves/20260803_main/a300_comb6/comb6/link/A300/final/target_summary.csv,
28,PDSCH_A300_static_8T1R_comb6_estimated,result-028,executed; awaiting researcher confirmation,PDSCH,Sionna 1.0.2 TDL-A,300,3.5,0,48,48,10,8,1,1,30,4096,288,12024,16QAM,NR 256QAM table MCS 8; target rate 553/1024,"symbols [2,7], comb-6, 192 pilot RE",estimated,"two static DMRS observations averaged, then matched frequency LMMSE",soft 16QAM demapper; coherent single-layer equalization/MRC,"Sionna NR LDPC, max 8 iterations",precoder squared norm 8; noise variance 8/SNR,total Tx power per RE divided by single-Rx noise variance (equivalent to unit-power convention),A300_B0_QC,B0_QC,non-transparent; matched effective covariance,"[0,9,18,27,36,45,54,63]","[0,520.833333,1041.666667,1562.5,2083.333333,2604.166667,3125,3645.833333]",CDD exp(-j2pi*k*j/576); DMRS comb-6,0.01,15.57487,15.485573,15.664168,bracketed,local logistic fit used by result-027/028 target_summary,A300_B0_QC,B0QC because no precoder cycling is present,0,baseline target SNR - candidate target SNR; positive means candidate needs less SNR,outputs/experiment028_csi_curves/20260803_main/a300_comb6/comb6/link/A300/final/target_summary.csv,
28,PDSCH_A300_static_8T1R_comb6_estimated,result-028,executed; awaiting researcher confirmation,PDSCH,Sionna 1.0.2 TDL-A,300,3.5,0,48,48,10,8,1,1,30,4096,288,12024,16QAM,NR 256QAM table MCS 8; target rate 553/1024,"symbols [2,7], comb-6, 192 pilot RE",estimated,"two static DMRS observations averaged, then matched frequency LMMSE",soft 16QAM demapper; coherent single-layer equalization/MRC,"Sionna NR LDPC, max 8 iterations",precoder squared norm 8; noise variance 8/SNR,total Tx power per RE divided by single-Rx noise variance (equivalent to unit-power convention),A300_S0_SIDON,S0_SIDON,non-transparent; matched effective covariance,"[0,1,3,7,12,20,30,65]","[0,57.87037,173.611111,405.092593,694.444444,1157.407407,1736.111111,3761.574074]",CDD exp(-j2pi*k*j/576); DMRS comb-6,0.01,15.521164,15.406582,15.635745,bracketed,local logistic fit used by result-027/028 target_summary,A300_B0_QC,B0QC because no precoder cycling is present,0.053706,baseline target SNR - candidate target SNR; positive means candidate needs less SNR,outputs/experiment028_csi_curves/20260803_main/a300_comb6/comb6/link/A300/final/target_summary.csv,
28,PDSCH_A300_static_8T1R_comb6_estimated,result-028,executed; awaiting researcher confirmation,PDSCH,Sionna 1.0.2 TDL-A,300,3.5,0,48,48,10,8,1,1,30,4096,288,12024,16QAM,NR 256QAM table MCS 8; target rate 553/1024,"symbols [2,7], comb-6, 192 pilot RE",estimated,"two static DMRS observations averaged, then matched frequency LMMSE",soft 16QAM demapper; coherent single-layer equalization/MRC,"Sionna NR LDPC, max 8 iterations",precoder squared norm 8; noise variance 8/SNR,total Tx power per RE divided by single-Rx noise variance (equivalent to unit-power convention),A300_AP_RMS_T1,AP_RMS_T1,non-transparent; matched effective covariance,"[0,5.184,10.368,15.552,20.736,25.92,31.104,36.288]","[0,300,600,900,1200,1500,1800,2100]",CDD exp(-j2pi*k*j/576); DMRS comb-6,0.1,14.15173,14.108719,14.194741,bracketed,local logistic fit used by result-027/028 target_summary,A300_B0_QC,B0QC because no precoder cycling is present,0.249801,baseline target SNR - candidate target SNR; positive means candidate needs less SNR,outputs/experiment028_csi_curves/20260803_main/a300_comb6/comb6/link/A300/final/target_summary.csv,
28,PDSCH_A300_static_8T1R_comb6_estimated,result-028,executed; awaiting researcher confirmation,PDSCH,Sionna 1.0.2 TDL-A,300,3.5,0,48,48,10,8,1,1,30,4096,288,12024,16QAM,NR 256QAM table MCS 8; target rate 553/1024,"symbols [2,7], comb-6, 192 pilot RE",estimated,"two static DMRS observations averaged, then matched frequency LMMSE",soft 16QAM demapper; coherent single-layer equalization/MRC,"Sionna NR LDPC, max 8 iterations",precoder squared norm 8; noise variance 8/SNR,total Tx power per RE divided by single-Rx noise variance (equivalent to unit-power convention),A300_AP_TALIAS_NT,AP_TALIAS_NT,non-transparent; matched effective covariance,"[0,12,24,36,48,60,72,84]","[0,694.444444,1388.888889,2083.333333,2777.777778,3472.222222,4166.666667,4861.111111]",CDD exp(-j2pi*k*j/576); DMRS comb-6,0.1,15.845053,15.781974,15.908133,bracketed,local logistic fit used by result-027/028 target_summary,A300_B0_QC,B0QC because no precoder cycling is present,-1.443522,baseline target SNR - candidate target SNR; positive means candidate needs less SNR,outputs/experiment028_csi_curves/20260803_main/a300_comb6/comb6/link/A300/final/target_summary.csv,
28,PDSCH_A300_static_8T1R_comb6_estimated,result-028,executed; awaiting researcher confirmation,PDSCH,Sionna 1.0.2 TDL-A,300,3.5,0,48,48,10,8,1,1,30,4096,288,12024,16QAM,NR 256QAM table MCS 8; target rate 553/1024,"symbols [2,7], comb-6, 192 pilot RE",estimated,"two static DMRS observations averaged, then matched frequency LMMSE",soft 16QAM demapper; coherent single-layer equalization/MRC,"Sionna NR LDPC, max 8 iterations",precoder squared norm 8; noise variance 8/SNR,total Tx power per RE divided by single-Rx noise variance (equivalent to unit-power convention),A300_B0_QC,B0_QC,non-transparent; matched effective covariance,"[0,9,18,27,36,45,54,63]","[0,520.833333,1041.666667,1562.5,2083.333333,2604.166667,3125,3645.833333]",CDD exp(-j2pi*k*j/576); DMRS comb-6,0.1,14.401531,14.357933,14.445128,bracketed,local logistic fit used by result-027/028 target_summary,A300_B0_QC,B0QC because no precoder cycling is present,0,baseline target SNR - candidate target SNR; positive means candidate needs less SNR,outputs/experiment028_csi_curves/20260803_main/a300_comb6/comb6/link/A300/final/target_summary.csv,
28,PDSCH_A300_static_8T1R_comb6_estimated,result-028,executed; awaiting researcher confirmation,PDSCH,Sionna 1.0.2 TDL-A,300,3.5,0,48,48,10,8,1,1,30,4096,288,12024,16QAM,NR 256QAM table MCS 8; target rate 553/1024,"symbols [2,7], comb-6, 192 pilot RE",estimated,"two static DMRS observations averaged, then matched frequency LMMSE",soft 16QAM demapper; coherent single-layer equalization/MRC,"Sionna NR LDPC, max 8 iterations",precoder squared norm 8; noise variance 8/SNR,total Tx power per RE divided by single-Rx noise variance (equivalent to unit-power convention),A300_S0_SIDON,S0_SIDON,non-transparent; matched effective covariance,"[0,1,3,7,12,20,30,65]","[0,57.87037,173.611111,405.092593,694.444444,1157.407407,1736.111111,3761.574074]",CDD exp(-j2pi*k*j/576); DMRS comb-6,0.1,14.260066,14.220871,14.299261,bracketed,local logistic fit used by result-027/028 target_summary,A300_B0_QC,B0QC because no precoder cycling is present,0.141465,baseline target SNR - candidate target SNR; positive means candidate needs less SNR,outputs/experiment028_csi_curves/20260803_main/a300_comb6/comb6/link/A300/final/target_summary.csv,
29,PDCCH_A100_8T1R_2sym_AL4_est_A41,result-029,executed; awaiting researcher confirmation,PDCCH,Sionna 1.0.2 TDL-A,100,3.5,0,48,12,2,8,1,1,30,4096,288,41,QPSK,"A=41, CRC24C, Polar K=65 N=512 E=432","PDCCH DMRS, 3 RE/REG; bundle-local across two symbols",estimated,"bundle LS across two symbols, then frequency-linear interpolation",coherent QPSK LLR; MRC when n_rx>1,CRC24C/RNTI mask; Sionna Polar hybrid CA-SCL list 8,unit total transmit power per active RE,Es/N0: total transmit power per active RE divided by noise variance of each Rx branch; no n_rx scaling,PDCCH_AL4_DFT8,PRECODER_CYCLING,transparent to DFT index; bundle-local estimate,,,"unit-norm DFT8 bundle cycling order [0,1,2,3]",0.01,4,,,bracketed,"audit recomputation: adjacent raw points, linear interpolation in log10(BLER)",PDCCH_AL4_DFT8,precoder cycling present,0,baseline target SNR - candidate target SNR; positive means candidate needs less SNR,outputs/experiment029_pdcch/20260902_main/bler_points.csv,"raw bracket [3,4]"
29,PDCCH_A100_8T1R_2sym_AL4_est_A41,result-029,executed; awaiting researcher confirmation,PDCCH,Sionna 1.0.2 TDL-A,100,3.5,0,48,12,2,8,1,1,30,4096,288,41,QPSK,"A=41, CRC24C, Polar K=65 N=512 E=432","PDCCH DMRS, 3 RE/REG; bundle-local across two symbols",estimated,"bundle LS across two symbols, then frequency-linear interpolation",coherent QPSK LLR; MRC when n_rx>1,CRC24C/RNTI mask; Sionna Polar hybrid CA-SCL list 8,unit total transmit power per active RE,Es/N0: total transmit power per active RE divided by noise variance of each Rx branch; no n_rx scaling,PDCCH_AL4_DFT8,PRECODER_CYCLING,transparent to DFT index; bundle-local estimate,,,"unit-norm DFT8 bundle cycling order [0,1,2,3]",0.1,0.769064,,,bracketed,"audit recomputation: adjacent raw points, linear interpolation in log10(BLER)",PDCCH_AL4_DFT8,precoder cycling present,0,baseline target SNR - candidate target SNR; positive means candidate needs less SNR,outputs/experiment029_pdcch/20260902_main/bler_points.csv,"raw bracket [0,1]"
30,PDCCH_A100_8T1R_2sym_AL8_est_A41,result-030,executed; awaiting researcher confirmation,PDCCH,Sionna 1.0.2 TDL-A,100,3.5,0,48,24,2,8,1,1,30,4096,288,41,QPSK,"A=41, CRC24C, Polar K=65 N=512 E=864 with repetition","PDCCH DMRS, 3 RE/REG; bundle-local across two symbols",estimated,"bundle LS across two symbols, then frequency-linear interpolation",coherent QPSK LLR; MRC when n_rx>1,CRC24C/RNTI mask; Sionna Polar hybrid CA-SCL list 8,unit total transmit power per active RE,Es/N0: total transmit power per active RE divided by noise variance of each Rx branch; no n_rx scaling,PDCCH_AL8_DFT8,PRECODER_CYCLING,transparent to DFT index; bundle-local estimate,,,unit-norm DFT8 bundle cycling order [0..7],0.01,-0.92375,,,bracketed,"audit recomputation: adjacent raw points, linear interpolation in log10(BLER)",PDCCH_AL8_DFT8,precoder cycling present,0,baseline target SNR - candidate target SNR; positive means candidate needs less SNR,outputs/experiment030_pdcch_al8/20260903_main/bler_points.csv,"raw bracket [-1,-0.5]"
30,PDCCH_A100_8T1R_2sym_AL8_est_A41,result-030,executed; awaiting researcher confirmation,PDCCH,Sionna 1.0.2 TDL-A,100,3.5,0,48,24,2,8,1,1,30,4096,288,41,QPSK,"A=41, CRC24C, Polar K=65 N=512 E=864 with repetition","PDCCH DMRS, 3 RE/REG; bundle-local across two symbols",estimated,"bundle LS across two symbols, then frequency-linear interpolation",coherent QPSK LLR; MRC when n_rx>1,CRC24C/RNTI mask; Sionna Polar hybrid CA-SCL list 8,unit total transmit power per active RE,Es/N0: total transmit power per active RE divided by noise variance of each Rx branch; no n_rx scaling,PDCCH_AL8_DFT8,PRECODER_CYCLING,transparent to DFT index; bundle-local estimate,,,unit-norm DFT8 bundle cycling order [0..7],0.1,-2.944156,,,bracketed,"audit recomputation: adjacent raw points, linear interpolation in log10(BLER)",PDCCH_AL8_DFT8,precoder cycling present,0,baseline target SNR - candidate target SNR; positive means candidate needs less SNR,outputs/experiment030_pdcch_al8/20260903_main/bler_points.csv,"raw bracket [-3,-2]"
31,PDCCH_A100_8T1R_1sym_AL2_estimated_A41,result-031,executed; awaiting researcher confirmation,PDCCH,Sionna 1.0.2 TDL-A,100,3.5,0,48,12,1,8,1,1,30,4096,288,41,QPSK,"A=41, CRC24C, Polar E=216; AL8 repetition when E=864","PDCCH DMRS, 3 RE/REG; 72 DMRS RE",estimated,matched fullband frequency LMMSE for CDD; physical covariance per PRG for cycling,coherent QPSK LLR; MRC when n_rx>1,CRC24C/RNTI mask; Sionna Polar hybrid CA-SCL list 8,unit total transmit power per active RE,Es/N0: total transmit power per active RE divided by noise variance of each Rx branch; no n_rx scaling,A100_PRG_DFT8_6RB,PRG_DFT,,,,reg_bundle_dft_cycling,0.01,8.795771,8.561758,8.952164,bracketed,Jeffreys-smoothed weighted decreasing isotonic curve; local log10-BLER interpolation,A100_PRG_DFT8_6RB,precoder cycling present,0,baseline target SNR - candidate target SNR; positive means candidate needs less SNR,outputs/experiment031_pdcch_cdd/20260903_main/analysis/target_snr.csv,
31,PDCCH_A100_8T1R_1sym_AL2_estimated_A41,result-031,executed; awaiting researcher confirmation,PDCCH,Sionna 1.0.2 TDL-A,100,3.5,0,48,12,1,8,1,1,30,4096,288,41,QPSK,"A=41, CRC24C, Polar E=216",PDCCH DMRS; comb-3/REG for 1-symbol A100 or comb-4 on both symbols for C300,estimated,candidate-matched frequency or 2D time-frequency LMMSE,coherent QPSK LLR; MRC when n_rx>1,CRC24C/RNTI mask; Sionna Polar hybrid CA-SCL list 8,unit total transmit power per active RE,Es/N0: total transmit power per active RE divided by noise variance of each Rx branch; no n_rx scaling,A100_SIDON8_AL2_02,STRICT_SIDON,non-transparent; matched effective covariance,"[0,3,7,25,46,57,124,139]","[0,694.444444,1620.37037,5787.037037,10648.148148,13194.444444,28703.703704,32175.925926]",cdd,0.01,4.86817,4.774945,4.942011,bracketed,Jeffreys-smoothed weighted decreasing isotonic; local log10-BLER interpolation,A100_PRG_DFT8_6RB,precoder cycling present,3.927601,baseline target SNR - candidate target SNR; positive means candidate needs less SNR,outputs/experiment031_pdcch_cdd/20260908_strict_sidon_search/fine_analysis/target_snr.csv,gain combines source target estimates produced by different crossing methods
31,PDCCH_A100_8T1R_1sym_AL2_estimated_A41,result-031,executed; awaiting researcher confirmation,PDCCH,Sionna 1.0.2 TDL-A,100,3.5,0,48,12,1,8,1,1,30,4096,288,41,QPSK,"A=41, CRC24C, Polar E=216; AL8 repetition when E=864","PDCCH DMRS, 3 RE/REG; 72 DMRS RE",estimated,matched fullband frequency LMMSE for CDD; physical covariance per PRG for cycling,coherent QPSK LLR; MRC when n_rx>1,CRC24C/RNTI mask; Sionna Polar hybrid CA-SCL list 8,unit total transmit power per active RE,Es/N0: total transmit power per active RE divided by noise variance of each Rx branch; no n_rx scaling,A100_SMALL_CDD_QSTEP0P25_MATCHED_CDD,SMALL_CDD,,"[0,0.0625,0.125,0.1875,0.25,0.3125,0.375,0.4375]","[0,14.467593,28.935185,43.402778,57.87037,72.337963,86.805556,101.273148]",cdd,0.01,9.479575,9.300041,9.76049,bracketed,Jeffreys-smoothed weighted decreasing isotonic curve; local log10-BLER interpolation,A100_PRG_DFT8_6RB,precoder cycling present,-0.683804,baseline target SNR - candidate target SNR; positive means candidate needs less SNR,outputs/experiment031_pdcch_cdd/20260903_main/analysis/target_snr.csv,
31,PDCCH_A100_8T1R_1sym_AL2_estimated_A41,result-031,executed; awaiting researcher confirmation,PDCCH,Sionna 1.0.2 TDL-A,100,3.5,0,48,12,1,8,1,1,30,4096,288,41,QPSK,"A=41, CRC24C, Polar E=216; AL8 repetition when E=864","PDCCH DMRS, 3 RE/REG; 72 DMRS RE",estimated,matched fullband frequency LMMSE for CDD; physical covariance per PRG for cycling,coherent QPSK LLR; MRC when n_rx>1,CRC24C/RNTI mask; Sionna Polar hybrid CA-SCL list 8,unit total transmit power per active RE,Es/N0: total transmit power per active RE divided by noise variance of each Rx branch; no n_rx scaling,A100_SMALL_CDD_QSTEP0P25_TRANSPARENT_CDD,SMALL_CDD,physical_fullband,"[0,0.0625,0.125,0.1875,0.25,0.3125,0.375,0.4375]","[0,14.467593,28.935185,43.402778,57.87037,72.337963,86.805556,101.273148]",cdd,0.01,9.899031,9.645028,10.039561,bracketed,Jeffreys-smoothed weighted decreasing isotonic curve; local log10-BLER interpolation,A100_PRG_DFT8_6RB,precoder cycling present,-1.10326,baseline target SNR - candidate target SNR; positive means candidate needs less SNR,outputs/experiment031_pdcch_cdd/20260903_main/analysis/target_snr.csv,
31,PDCCH_A100_8T1R_1sym_AL2_estimated_A41,result-031,executed; awaiting researcher confirmation,PDCCH,Sionna 1.0.2 TDL-A,100,3.5,0,48,12,1,8,1,1,30,4096,288,41,QPSK,"A=41, CRC24C, Polar E=216; AL8 repetition when E=864","PDCCH DMRS, 3 RE/REG; 72 DMRS RE",estimated,matched fullband frequency LMMSE for CDD; physical covariance per PRG for cycling,coherent QPSK LLR; MRC when n_rx>1,CRC24C/RNTI mask; Sionna Polar hybrid CA-SCL list 8,unit total transmit power per active RE,Es/N0: total transmit power per active RE divided by noise variance of each Rx branch; no n_rx scaling,AP_RMS_T1,AP_RMS_T1,,"[0,0.432,0.864,1.296,1.728,2.16,2.592,3.024]","[0,100,200,300,400,500,600,700]",cdd,0.01,6.593098,6.428738,6.693732,bracketed,Jeffreys-smoothed weighted decreasing isotonic curve; local log10-BLER interpolation,A100_PRG_DFT8_6RB,precoder cycling present,2.202673,baseline target SNR - candidate target SNR; positive means candidate needs less SNR,outputs/experiment031_pdcch_cdd/20260903_main/analysis/target_snr.csv,
31,PDCCH_A100_8T1R_1sym_AL2_estimated_A41,result-031,executed; awaiting researcher confirmation,PDCCH,Sionna 1.0.2 TDL-A,100,3.5,0,48,12,1,8,1,1,30,4096,288,41,QPSK,"A=41, CRC24C, Polar E=216; AL8 repetition when E=864","PDCCH DMRS, 3 RE/REG; 72 DMRS RE",estimated,matched fullband frequency LMMSE for CDD; physical covariance per PRG for cycling,coherent QPSK LLR; MRC when n_rx>1,CRC24C/RNTI mask; Sionna Polar hybrid CA-SCL list 8,unit total transmit power per active RE,Es/N0: total transmit power per active RE divided by noise variance of each Rx branch; no n_rx scaling,AP_TEPS_T1,AP_TEPS_T1,,"[0,2.072131,4.144262,6.216394,8.288525,10.360656,12.432787,14.504918]","[0,479.659954,959.319907,1438.980093,1918.640046,2398.3,2877.959954,3357.619907]",cdd,0.01,4.991465,4.917402,5.048214,bracketed,Jeffreys-smoothed weighted decreasing isotonic curve; local log10-BLER interpolation,A100_PRG_DFT8_6RB,precoder cycling present,3.804306,baseline target SNR - candidate target SNR; positive means candidate needs less SNR,outputs/experiment031_pdcch_cdd/20260903_main/analysis/target_snr.csv,
31,PDCCH_A100_8T1R_1sym_AL2_estimated_A41,result-031,executed; awaiting researcher confirmation,PDCCH,Sionna 1.0.2 TDL-A,100,3.5,0,48,12,1,8,1,1,30,4096,288,41,QPSK,"A=41, CRC24C, Polar E=216; AL8 repetition when E=864","PDCCH DMRS, 3 RE/REG; 72 DMRS RE",estimated,matched fullband frequency LMMSE for CDD; physical covariance per PRG for cycling,coherent QPSK LLR; MRC when n_rx>1,CRC24C/RNTI mask; Sionna Polar hybrid CA-SCL list 8,unit total transmit power per active RE,Es/N0: total transmit power per active RE divided by noise variance of each Rx branch; no n_rx scaling,B0_QC,B0_QC,,"[0,2.25,4.5,6.75,9,11.25,13.5,15.75]","[0,520.833333,1041.666667,1562.5,2083.333333,2604.166667,3125,3645.833333]",cdd,0.01,5.017949,4.933522,5.066921,bracketed,Jeffreys-smoothed weighted decreasing isotonic curve; local log10-BLER interpolation,A100_PRG_DFT8_6RB,precoder cycling present,3.777822,baseline target SNR - candidate target SNR; positive means candidate needs less SNR,outputs/experiment031_pdcch_cdd/20260903_main/analysis/target_snr.csv,
31,PDCCH_A100_8T1R_1sym_AL2_estimated_A41,result-031,executed; awaiting researcher confirmation,PDCCH,Sionna 1.0.2 TDL-A,100,3.5,0,48,12,1,8,1,1,30,4096,288,41,QPSK,"A=41, CRC24C, Polar E=216; AL8 repetition when E=864","PDCCH DMRS, 3 RE/REG; 72 DMRS RE",estimated,matched fullband frequency LMMSE for CDD; physical covariance per PRG for cycling,coherent QPSK LLR; MRC when n_rx>1,CRC24C/RNTI mask; Sionna Polar hybrid CA-SCL list 8,unit total transmit power per active RE,Es/N0: total transmit power per active RE divided by noise variance of each Rx branch; no n_rx scaling,GEO_T1_CTRL,GEO_T1_CTRL,,"[0,3,7,12,22,101,127,133]","[0,694.444444,1620.37037,2777.777778,5092.592593,23379.62963,29398.148148,30787.037037]",cdd,0.01,4.884522,4.742257,5.011352,bracketed,Jeffreys-smoothed weighted decreasing isotonic curve; local log10-BLER interpolation,A100_PRG_DFT8_6RB,precoder cycling present,3.911249,baseline target SNR - candidate target SNR; positive means candidate needs less SNR,outputs/experiment031_pdcch_cdd/20260903_main/analysis/target_snr.csv,
31,PDCCH_A100_8T1R_1sym_AL2_estimated_A41,result-031,executed; awaiting researcher confirmation,PDCCH,Sionna 1.0.2 TDL-A,100,3.5,0,48,12,1,8,1,1,30,4096,288,41,QPSK,"A=41, CRC24C, Polar E=216; AL8 repetition when E=864","PDCCH DMRS, 3 RE/REG; 72 DMRS RE",estimated,matched fullband frequency LMMSE for CDD; physical covariance per PRG for cycling,coherent QPSK LLR; MRC when n_rx>1,CRC24C/RNTI mask; Sionna Polar hybrid CA-SCL list 8,unit total transmit power per active RE,Es/N0: total transmit power per active RE divided by noise variance of each Rx branch; no n_rx scaling,S0_SIDON,S0_SIDON,,"[0,1,3,7,12,20,30,65]","[0,231.481481,694.444444,1620.37037,2777.777778,4629.62963,6944.444444,15046.296296]",cdd,0.01,5.325964,5.227652,5.390244,bracketed,Jeffreys-smoothed weighted decreasing isotonic curve; local log10-BLER interpolation,A100_PRG_DFT8_6RB,precoder cycling present,3.469807,baseline target SNR - candidate target SNR; positive means candidate needs less SNR,outputs/experiment031_pdcch_cdd/20260903_main/analysis/target_snr.csv,
31,PDCCH_A100_8T1R_1sym_AL2_estimated_A41,result-031,executed; awaiting researcher confirmation,PDCCH,Sionna 1.0.2 TDL-A,100,3.5,0,48,12,1,8,1,1,30,4096,288,41,QPSK,"A=41, CRC24C, Polar E=216; AL8 repetition when E=864","PDCCH DMRS, 3 RE/REG; 72 DMRS RE",estimated,matched fullband frequency LMMSE for CDD; physical covariance per PRG for cycling,coherent QPSK LLR; MRC when n_rx>1,CRC24C/RNTI mask; Sionna Polar hybrid CA-SCL list 8,unit total transmit power per active RE,Es/N0: total transmit power per active RE divided by noise variance of each Rx branch; no n_rx scaling,A100_PRG_DFT8_6RB,PRG_DFT,,,,reg_bundle_dft_cycling,0.1,4.057462,3.948018,4.168104,bracketed,Jeffreys-smoothed weighted decreasing isotonic curve; local log10-BLER interpolation,A100_PRG_DFT8_6RB,precoder cycling present,0,baseline target SNR - candidate target SNR; positive means candidate needs less SNR,outputs/experiment031_pdcch_cdd/20260903_main/analysis/target_snr.csv,
31,PDCCH_A100_8T1R_1sym_AL2_estimated_A41,result-031,executed; awaiting researcher confirmation,PDCCH,Sionna 1.0.2 TDL-A,100,3.5,0,48,12,1,8,1,1,30,4096,288,41,QPSK,"A=41, CRC24C, Polar E=216",PDCCH DMRS; comb-3/REG for 1-symbol A100 or comb-4 on both symbols for C300,estimated,candidate-matched frequency or 2D time-frequency LMMSE,coherent QPSK LLR; MRC when n_rx>1,CRC24C/RNTI mask; Sionna Polar hybrid CA-SCL list 8,unit total transmit power per active RE,Es/N0: total transmit power per active RE divided by noise variance of each Rx branch; no n_rx scaling,A100_SIDON8_AL2_02,STRICT_SIDON,non-transparent; matched effective covariance,"[0,3,7,25,46,57,124,139]","[0,694.444444,1620.37037,5787.037037,10648.148148,13194.444444,28703.703704,32175.925926]",cdd,0.1,2.840538,2.788066,2.884549,bracketed,Jeffreys-smoothed weighted decreasing isotonic; local log10-BLER interpolation,A100_PRG_DFT8_6RB,precoder cycling present,1.216924,baseline target SNR - candidate target SNR; positive means candidate needs less SNR,outputs/experiment031_pdcch_cdd/20260908_strict_sidon_search/fine_analysis/target_snr.csv,gain combines source target estimates produced by different crossing methods
31,PDCCH_A100_8T1R_1sym_AL2_estimated_A41,result-031,executed; awaiting researcher confirmation,PDCCH,Sionna 1.0.2 TDL-A,100,3.5,0,48,12,1,8,1,1,30,4096,288,41,QPSK,"A=41, CRC24C, Polar E=216; AL8 repetition when E=864","PDCCH DMRS, 3 RE/REG; 72 DMRS RE",estimated,matched fullband frequency LMMSE for CDD; physical covariance per PRG for cycling,coherent QPSK LLR; MRC when n_rx>1,CRC24C/RNTI mask; Sionna Polar hybrid CA-SCL list 8,unit total transmit power per active RE,Es/N0: total transmit power per active RE divided by noise variance of each Rx branch; no n_rx scaling,A100_SMALL_CDD_QSTEP0P25_MATCHED_CDD,SMALL_CDD,,"[0,0.0625,0.125,0.1875,0.25,0.3125,0.375,0.4375]","[0,14.467593,28.935185,43.402778,57.87037,72.337963,86.805556,101.273148]",cdd,0.1,5.027883,4.822065,5.078919,bracketed,Jeffreys-smoothed weighted decreasing isotonic curve; local log10-BLER interpolation,A100_PRG_DFT8_6RB,precoder cycling present,-0.970421,baseline target SNR - candidate target SNR; positive means candidate needs less SNR,outputs/experiment031_pdcch_cdd/20260903_main/analysis/target_snr.csv,
31,PDCCH_A100_8T1R_1sym_AL2_estimated_A41,result-031,executed; awaiting researcher confirmation,PDCCH,Sionna 1.0.2 TDL-A,100,3.5,0,48,12,1,8,1,1,30,4096,288,41,QPSK,"A=41, CRC24C, Polar E=216; AL8 repetition when E=864","PDCCH DMRS, 3 RE/REG; 72 DMRS RE",estimated,matched fullband frequency LMMSE for CDD; physical covariance per PRG for cycling,coherent QPSK LLR; MRC when n_rx>1,CRC24C/RNTI mask; Sionna Polar hybrid CA-SCL list 8,unit total transmit power per active RE,Es/N0: total transmit power per active RE divided by noise variance of each Rx branch; no n_rx scaling,A100_SMALL_CDD_QSTEP0P25_TRANSPARENT_CDD,SMALL_CDD,physical_fullband,"[0,0.0625,0.125,0.1875,0.25,0.3125,0.375,0.4375]","[0,14.467593,28.935185,43.402778,57.87037,72.337963,86.805556,101.273148]",cdd,0.1,4.8801,4.798064,4.980193,bracketed,Jeffreys-smoothed weighted decreasing isotonic curve; local log10-BLER interpolation,A100_PRG_DFT8_6RB,precoder cycling present,-0.822638,baseline target SNR - candidate target SNR; positive means candidate needs less SNR,outputs/experiment031_pdcch_cdd/20260903_main/analysis/target_snr.csv,
31,PDCCH_A100_8T1R_1sym_AL2_estimated_A41,result-031,executed; awaiting researcher confirmation,PDCCH,Sionna 1.0.2 TDL-A,100,3.5,0,48,12,1,8,1,1,30,4096,288,41,QPSK,"A=41, CRC24C, Polar E=216; AL8 repetition when E=864","PDCCH DMRS, 3 RE/REG; 72 DMRS RE",estimated,matched fullband frequency LMMSE for CDD; physical covariance per PRG for cycling,coherent QPSK LLR; MRC when n_rx>1,CRC24C/RNTI mask; Sionna Polar hybrid CA-SCL list 8,unit total transmit power per active RE,Es/N0: total transmit power per active RE divided by noise variance of each Rx branch; no n_rx scaling,AP_RMS_T1,AP_RMS_T1,,"[0,0.432,0.864,1.296,1.728,2.16,2.592,3.024]","[0,100,200,300,400,500,600,700]",cdd,0.1,3.078716,2.98233,3.159672,bracketed,Jeffreys-smoothed weighted decreasing isotonic curve; local log10-BLER interpolation,A100_PRG_DFT8_6RB,precoder cycling present,0.978746,baseline target SNR - candidate target SNR; positive means candidate needs less SNR,outputs/experiment031_pdcch_cdd/20260903_main/analysis/target_snr.csv,
31,PDCCH_A100_8T1R_1sym_AL2_estimated_A41,result-031,executed; awaiting researcher confirmation,PDCCH,Sionna 1.0.2 TDL-A,100,3.5,0,48,12,1,8,1,1,30,4096,288,41,QPSK,"A=41, CRC24C, Polar E=216; AL8 repetition when E=864","PDCCH DMRS, 3 RE/REG; 72 DMRS RE",estimated,matched fullband frequency LMMSE for CDD; physical covariance per PRG for cycling,coherent QPSK LLR; MRC when n_rx>1,CRC24C/RNTI mask; Sionna Polar hybrid CA-SCL list 8,unit total transmit power per active RE,Es/N0: total transmit power per active RE divided by noise variance of each Rx branch; no n_rx scaling,AP_TEPS_T1,AP_TEPS_T1,,"[0,2.072131,4.144262,6.216394,8.288525,10.360656,12.432787,14.504918]","[0,479.659954,959.319907,1438.980093,1918.640046,2398.3,2877.959954,3357.619907]",cdd,0.1,2.784204,2.722108,2.839276,bracketed,Jeffreys-smoothed weighted decreasing isotonic curve; local log10-BLER interpolation,A100_PRG_DFT8_6RB,precoder cycling present,1.273258,baseline target SNR - candidate target SNR; positive means candidate needs less SNR,outputs/experiment031_pdcch_cdd/20260903_main/analysis/target_snr.csv,
31,PDCCH_A100_8T1R_1sym_AL2_estimated_A41,result-031,executed; awaiting researcher confirmation,PDCCH,Sionna 1.0.2 TDL-A,100,3.5,0,48,12,1,8,1,1,30,4096,288,41,QPSK,"A=41, CRC24C, Polar E=216; AL8 repetition when E=864","PDCCH DMRS, 3 RE/REG; 72 DMRS RE",estimated,matched fullband frequency LMMSE for CDD; physical covariance per PRG for cycling,coherent QPSK LLR; MRC when n_rx>1,CRC24C/RNTI mask; Sionna Polar hybrid CA-SCL list 8,unit total transmit power per active RE,Es/N0: total transmit power per active RE divided by noise variance of each Rx branch; no n_rx scaling,B0_QC,B0_QC,,"[0,2.25,4.5,6.75,9,11.25,13.5,15.75]","[0,520.833333,1041.666667,1562.5,2083.333333,2604.166667,3125,3645.833333]",cdd,0.1,2.831442,2.737612,2.909213,bracketed,Jeffreys-smoothed weighted decreasing isotonic curve; local log10-BLER interpolation,A100_PRG_DFT8_6RB,precoder cycling present,1.22602,baseline target SNR - candidate target SNR; positive means candidate needs less SNR,outputs/experiment031_pdcch_cdd/20260903_main/analysis/target_snr.csv,
31,PDCCH_A100_8T1R_1sym_AL2_estimated_A41,result-031,executed; awaiting researcher confirmation,PDCCH,Sionna 1.0.2 TDL-A,100,3.5,0,48,12,1,8,1,1,30,4096,288,41,QPSK,"A=41, CRC24C, Polar E=216; AL8 repetition when E=864","PDCCH DMRS, 3 RE/REG; 72 DMRS RE",estimated,matched fullband frequency LMMSE for CDD; physical covariance per PRG for cycling,coherent QPSK LLR; MRC when n_rx>1,CRC24C/RNTI mask; Sionna Polar hybrid CA-SCL list 8,unit total transmit power per active RE,Es/N0: total transmit power per active RE divided by noise variance of each Rx branch; no n_rx scaling,GEO_T1_CTRL,GEO_T1_CTRL,,"[0,3,7,12,22,101,127,133]","[0,694.444444,1620.37037,2777.777778,5092.592593,23379.62963,29398.148148,30787.037037]",cdd,0.1,2.819181,2.756093,2.864529,bracketed,Jeffreys-smoothed weighted decreasing isotonic curve; local log10-BLER interpolation,A100_PRG_DFT8_6RB,precoder cycling present,1.238281,baseline target SNR - candidate target SNR; positive means candidate needs less SNR,outputs/experiment031_pdcch_cdd/20260903_main/analysis/target_snr.csv,
31,PDCCH_A100_8T1R_1sym_AL2_estimated_A41,result-031,executed; awaiting researcher confirmation,PDCCH,Sionna 1.0.2 TDL-A,100,3.5,0,48,12,1,8,1,1,30,4096,288,41,QPSK,"A=41, CRC24C, Polar E=216; AL8 repetition when E=864","PDCCH DMRS, 3 RE/REG; 72 DMRS RE",estimated,matched fullband frequency LMMSE for CDD; physical covariance per PRG for cycling,coherent QPSK LLR; MRC when n_rx>1,CRC24C/RNTI mask; Sionna Polar hybrid CA-SCL list 8,unit total transmit power per active RE,Es/N0: total transmit power per active RE divided by noise variance of each Rx branch; no n_rx scaling,S0_SIDON,S0_SIDON,,"[0,1,3,7,12,20,30,65]","[0,231.481481,694.444444,1620.37037,2777.777778,4629.62963,6944.444444,15046.296296]",cdd,0.1,3.03627,2.973689,3.09766,bracketed,Jeffreys-smoothed weighted decreasing isotonic curve; local log10-BLER interpolation,A100_PRG_DFT8_6RB,precoder cycling present,1.021192,baseline target SNR - candidate target SNR; positive means candidate needs less SNR,outputs/experiment031_pdcch_cdd/20260903_main/analysis/target_snr.csv,
31,PDCCH_A100_8T1R_1sym_AL4_estimated_A41,result-031,executed; awaiting researcher confirmation,PDCCH,Sionna 1.0.2 TDL-A,100,3.5,0,48,24,1,8,1,1,30,4096,288,41,QPSK,"A=41, CRC24C, Polar E=432; AL8 repetition when E=864","PDCCH DMRS, 3 RE/REG; 144 DMRS RE",estimated,matched fullband frequency LMMSE for CDD; physical covariance per PRG for cycling,coherent QPSK LLR; MRC when n_rx>1,CRC24C/RNTI mask; Sionna Polar hybrid CA-SCL list 8,unit total transmit power per active RE,Es/N0: total transmit power per active RE divided by noise variance of each Rx branch; no n_rx scaling,A100_PRG_DFT8_6RB,PRG_DFT,,,,reg_bundle_dft_cycling,0.01,2.131004,1.969345,2.285459,bracketed,Jeffreys-smoothed weighted decreasing isotonic curve; local log10-BLER interpolation,A100_PRG_DFT8_6RB,precoder cycling present,0,baseline target SNR - candidate target SNR; positive means candidate needs less SNR,outputs/experiment031_pdcch_cdd/20260903_main/analysis/target_snr.csv,
31,PDCCH_A100_8T1R_1sym_AL4_estimated_A41,result-031,executed; awaiting researcher confirmation,PDCCH,Sionna 1.0.2 TDL-A,100,3.5,0,48,24,1,8,1,1,30,4096,288,41,QPSK,"A=41, CRC24C, Polar E=432",PDCCH DMRS; comb-3/REG for 1-symbol A100 or comb-4 on both symbols for C300,estimated,candidate-matched frequency or 2D time-frequency LMMSE,coherent QPSK LLR; MRC when n_rx>1,CRC24C/RNTI mask; Sionna Polar hybrid CA-SCL list 8,unit total transmit power per active RE,Es/N0: total transmit power per active RE divided by noise variance of each Rx branch; no n_rx scaling,A100_SIDON8_AL4_01,STRICT_SIDON,non-transparent; matched effective covariance,"[0,1,3,7,12,20,30,65]","[0,115.740741,347.222222,810.185185,1388.888889,2314.814815,3472.222222,7523.148148]",cdd,0.01,0.709203,0.605679,0.788569,bracketed,Jeffreys-smoothed weighted decreasing isotonic; local log10-BLER interpolation,A100_PRG_DFT8_6RB,precoder cycling present,1.421801,baseline target SNR - candidate target SNR; positive means candidate needs less SNR,outputs/experiment031_pdcch_cdd/20260908_strict_sidon_search/fine_analysis/target_snr.csv,gain combines source target estimates produced by different crossing methods
31,PDCCH_A100_8T1R_1sym_AL4_estimated_A41,result-031,executed; awaiting researcher confirmation,PDCCH,Sionna 1.0.2 TDL-A,100,3.5,0,48,24,1,8,1,1,30,4096,288,41,QPSK,"A=41, CRC24C, Polar E=432",PDCCH DMRS; comb-3/REG for 1-symbol A100 or comb-4 on both symbols for C300,estimated,candidate-matched frequency or 2D time-frequency LMMSE,coherent QPSK LLR; MRC when n_rx>1,CRC24C/RNTI mask; Sionna Polar hybrid CA-SCL list 8,unit total transmit power per active RE,Es/N0: total transmit power per active RE divided by noise variance of each Rx branch; no n_rx scaling,A100_SIDON8_AL4_02,STRICT_SIDON,non-transparent; matched effective covariance,"[0,4,20,33,96,155,203,253]","[0,462.962963,2314.814815,3819.444444,11111.111111,17939.814815,23495.37037,29282.407407]",cdd,0.01,0.998033,0.913862,1.069734,bracketed,Jeffreys-smoothed weighted decreasing isotonic; local log10-BLER interpolation,A100_PRG_DFT8_6RB,precoder cycling present,1.132971,baseline target SNR - candidate target SNR; positive means candidate needs less SNR,outputs/experiment031_pdcch_cdd/20260908_strict_sidon_search/fine_analysis/target_snr.csv,gain combines source target estimates produced by different crossing methods
31,PDCCH_A100_8T1R_1sym_AL4_estimated_A41,result-031,executed; awaiting researcher confirmation,PDCCH,Sionna 1.0.2 TDL-A,100,3.5,0,48,24,1,8,1,1,30,4096,288,41,QPSK,"A=41, CRC24C, Polar E=432",PDCCH DMRS; comb-3/REG for 1-symbol A100 or comb-4 on both symbols for C300,estimated,candidate-matched frequency or 2D time-frequency LMMSE,coherent QPSK LLR; MRC when n_rx>1,CRC24C/RNTI mask; Sionna Polar hybrid CA-SCL list 8,unit total transmit power per active RE,Es/N0: total transmit power per active RE divided by noise variance of each Rx branch; no n_rx scaling,A100_SIDON8_AL4_03,STRICT_SIDON,non-transparent; matched effective covariance,"[0,7,54,64,89,181,243,262]","[0,810.185185,6250,7407.407407,10300.925926,20949.074074,28125,30324.074074]",cdd,0.01,0.839556,0.765106,0.890048,bracketed,Jeffreys-smoothed weighted decreasing isotonic; local log10-BLER interpolation,A100_PRG_DFT8_6RB,precoder cycling present,1.291448,baseline target SNR - candidate target SNR; positive means candidate needs less SNR,outputs/experiment031_pdcch_cdd/20260908_strict_sidon_search/fine_analysis/target_snr.csv,gain combines source target estimates produced by different crossing methods
31,PDCCH_A100_8T1R_1sym_AL4_estimated_A41,result-031,executed; awaiting researcher confirmation,PDCCH,Sionna 1.0.2 TDL-A,100,3.5,0,48,24,1,8,1,1,30,4096,288,41,QPSK,"A=41, CRC24C, Polar E=432",PDCCH DMRS; comb-3/REG for 1-symbol A100 or comb-4 on both symbols for C300,estimated,candidate-matched frequency or 2D time-frequency LMMSE,coherent QPSK LLR; MRC when n_rx>1,CRC24C/RNTI mask; Sionna Polar hybrid CA-SCL list 8,unit total transmit power per active RE,Es/N0: total transmit power per active RE divided by noise variance of each Rx branch; no n_rx scaling,A100_SIDON8_AL4_06,STRICT_SIDON,non-transparent; matched effective covariance,"[0,1,9,14,25,42,90,252]","[0,115.740741,1041.666667,1620.37037,2893.518519,4861.111111,10416.666667,29166.666667]",cdd,0.01,0.807052,0.701441,0.895531,bracketed,Jeffreys-smoothed weighted decreasing isotonic; local log10-BLER interpolation,A100_PRG_DFT8_6RB,precoder cycling present,1.323952,baseline target SNR - candidate target SNR; positive means candidate needs less SNR,outputs/experiment031_pdcch_cdd/20260908_strict_sidon_search/fine_analysis/target_snr.csv,gain combines source target estimates produced by different crossing methods
31,PDCCH_A100_8T1R_1sym_AL4_estimated_A41,result-031,executed; awaiting researcher confirmation,PDCCH,Sionna 1.0.2 TDL-A,100,3.5,0,48,24,1,8,1,1,30,4096,288,41,QPSK,"A=41, CRC24C, Polar E=432; AL8 repetition when E=864","PDCCH DMRS, 3 RE/REG; 144 DMRS RE",estimated,matched fullband frequency LMMSE for CDD; physical covariance per PRG for cycling,coherent QPSK LLR; MRC when n_rx>1,CRC24C/RNTI mask; Sionna Polar hybrid CA-SCL list 8,unit total transmit power per active RE,Es/N0: total transmit power per active RE divided by noise variance of each Rx branch; no n_rx scaling,A100_SMALL_CDD_QSTEP0P25_MATCHED_CDD,SMALL_CDD,,"[0,0.125,0.25,0.375,0.5,0.625,0.75,0.875]","[0,14.467593,28.935185,43.402778,57.87037,72.337963,86.805556,101.273148]",cdd,0.01,3.559117,3.416039,3.637481,bracketed,Jeffreys-smoothed weighted decreasing isotonic curve; local log10-BLER interpolation,A100_PRG_DFT8_6RB,precoder cycling present,-1.428113,baseline target SNR - candidate target SNR; positive means candidate needs less SNR,outputs/experiment031_pdcch_cdd/20260903_main/analysis/target_snr.csv,
31,PDCCH_A100_8T1R_1sym_AL4_estimated_A41,result-031,executed; awaiting researcher confirmation,PDCCH,Sionna 1.0.2 TDL-A,100,3.5,0,48,24,1,8,1,1,30,4096,288,41,QPSK,"A=41, CRC24C, Polar E=432; AL8 repetition when E=864","PDCCH DMRS, 3 RE/REG; 144 DMRS RE",estimated,matched fullband frequency LMMSE for CDD; physical covariance per PRG for cycling,coherent QPSK LLR; MRC when n_rx>1,CRC24C/RNTI mask; Sionna Polar hybrid CA-SCL list 8,unit total transmit power per active RE,Es/N0: total transmit power per active RE divided by noise variance of each Rx branch; no n_rx scaling,A100_SMALL_CDD_QSTEP0P25_TRANSPARENT_CDD,SMALL_CDD,physical_fullband,"[0,0.125,0.25,0.375,0.5,0.625,0.75,0.875]","[0,14.467593,28.935185,43.402778,57.87037,72.337963,86.805556,101.273148]",cdd,0.01,3.688354,3.615167,3.787249,bracketed,Jeffreys-smoothed weighted decreasing isotonic curve; local log10-BLER interpolation,A100_PRG_DFT8_6RB,precoder cycling present,-1.55735,baseline target SNR - candidate target SNR; positive means candidate needs less SNR,outputs/experiment031_pdcch_cdd/20260903_main/analysis/target_snr.csv,
31,PDCCH_A100_8T1R_1sym_AL4_estimated_A41,result-031,executed; awaiting researcher confirmation,PDCCH,Sionna 1.0.2 TDL-A,100,3.5,0,48,24,1,8,1,1,30,4096,288,41,QPSK,"A=41, CRC24C, Polar E=432; AL8 repetition when E=864","PDCCH DMRS, 3 RE/REG; 144 DMRS RE",estimated,matched fullband frequency LMMSE for CDD; physical covariance per PRG for cycling,coherent QPSK LLR; MRC when n_rx>1,CRC24C/RNTI mask; Sionna Polar hybrid CA-SCL list 8,unit total transmit power per active RE,Es/N0: total transmit power per active RE divided by noise variance of each Rx branch; no n_rx scaling,AP_RMS_T1,AP_RMS_T1,,"[0,0.864,1.728,2.592,3.456,4.32,5.184,6.048]","[0,100,200,300,400,500,600,700]",cdd,0.01,0.863245,0.736083,0.945813,bracketed,Jeffreys-smoothed weighted decreasing isotonic curve; local log10-BLER interpolation,A100_PRG_DFT8_6RB,precoder cycling present,1.267759,baseline target SNR - candidate target SNR; positive means candidate needs less SNR,outputs/experiment031_pdcch_cdd/20260903_main/analysis/target_snr.csv,
31,PDCCH_A100_8T1R_1sym_AL4_estimated_A41,result-031,executed; awaiting researcher confirmation,PDCCH,Sionna 1.0.2 TDL-A,100,3.5,0,48,24,1,8,1,1,30,4096,288,41,QPSK,"A=41, CRC24C, Polar E=432; AL8 repetition when E=864","PDCCH DMRS, 3 RE/REG; 144 DMRS RE",estimated,matched fullband frequency LMMSE for CDD; physical covariance per PRG for cycling,coherent QPSK LLR; MRC when n_rx>1,CRC24C/RNTI mask; Sionna Polar hybrid CA-SCL list 8,unit total transmit power per active RE,Es/N0: total transmit power per active RE divided by noise variance of each Rx branch; no n_rx scaling,AP_TEPS_T1,AP_TEPS_T1,,"[0,4.144262,8.288525,12.432787,16.57705,20.721312,24.865574,29.009837]","[0,479.659954,959.320023,1438.979977,1918.640046,2398.3,2877.959954,3357.620023]",cdd,0.01,0.779039,0.696667,0.848973,bracketed,Jeffreys-smoothed weighted decreasing isotonic curve; local log10-BLER interpolation,A100_PRG_DFT8_6RB,precoder cycling present,1.351965,baseline target SNR - candidate target SNR; positive means candidate needs less SNR,outputs/experiment031_pdcch_cdd/20260903_main/analysis/target_snr.csv,
31,PDCCH_A100_8T1R_1sym_AL4_estimated_A41,result-031,executed; awaiting researcher confirmation,PDCCH,Sionna 1.0.2 TDL-A,100,3.5,0,48,24,1,8,1,1,30,4096,288,41,QPSK,"A=41, CRC24C, Polar E=432; AL8 repetition when E=864","PDCCH DMRS, 3 RE/REG; 144 DMRS RE",estimated,matched fullband frequency LMMSE for CDD; physical covariance per PRG for cycling,coherent QPSK LLR; MRC when n_rx>1,CRC24C/RNTI mask; Sionna Polar hybrid CA-SCL list 8,unit total transmit power per active RE,Es/N0: total transmit power per active RE divided by noise variance of each Rx branch; no n_rx scaling,B0_QC,B0_QC,,"[0,4.5,9,13.5,18,22.5,27,31.5]","[0,520.833333,1041.666667,1562.5,2083.333333,2604.166667,3125,3645.833333]",cdd,0.01,0.88146,0.812995,0.93476,bracketed,Jeffreys-smoothed weighted decreasing isotonic curve; local log10-BLER interpolation,A100_PRG_DFT8_6RB,precoder cycling present,1.249544,baseline target SNR - candidate target SNR; positive means candidate needs less SNR,outputs/experiment031_pdcch_cdd/20260903_main/analysis/target_snr.csv,
31,PDCCH_A100_8T1R_1sym_AL4_estimated_A41,result-031,executed; awaiting researcher confirmation,PDCCH,Sionna 1.0.2 TDL-A,100,3.5,0,48,24,1,8,1,1,30,4096,288,41,QPSK,"A=41, CRC24C, Polar E=432; AL8 repetition when E=864","PDCCH DMRS, 3 RE/REG; 144 DMRS RE",estimated,matched fullband frequency LMMSE for CDD; physical covariance per PRG for cycling,coherent QPSK LLR; MRC when n_rx>1,CRC24C/RNTI mask; Sionna Polar hybrid CA-SCL list 8,unit total transmit power per active RE,Es/N0: total transmit power per active RE divided by noise variance of each Rx branch; no n_rx scaling,GEO_T1_CTRL,GEO_T1_CTRL,,"[0,3,10,40,130,191,205,271]","[0,347.222222,1157.407407,4629.62963,15046.296296,22106.481481,23726.851852,31365.740741]",cdd,0.01,0.92534,0.800751,1.023644,bracketed,Jeffreys-smoothed weighted decreasing isotonic curve; local log10-BLER interpolation,A100_PRG_DFT8_6RB,precoder cycling present,1.205664,baseline target SNR - candidate target SNR; positive means candidate needs less SNR,outputs/experiment031_pdcch_cdd/20260903_main/analysis/target_snr.csv,
31,PDCCH_A100_8T1R_1sym_AL4_estimated_A41,result-031,executed; awaiting researcher confirmation,PDCCH,Sionna 1.0.2 TDL-A,100,3.5,0,48,24,1,8,1,1,30,4096,288,41,QPSK,"A=41, CRC24C, Polar E=432; AL8 repetition when E=864","PDCCH DMRS, 3 RE/REG; 144 DMRS RE",estimated,matched fullband frequency LMMSE for CDD; physical covariance per PRG for cycling,coherent QPSK LLR; MRC when n_rx>1,CRC24C/RNTI mask; Sionna Polar hybrid CA-SCL list 8,unit total transmit power per active RE,Es/N0: total transmit power per active RE divided by noise variance of each Rx branch; no n_rx scaling,S0_SIDON,S0_SIDON,,"[0,1,3,7,12,20,30,65]","[0,115.740741,347.222222,810.185185,1388.888889,2314.814815,3472.222222,7523.148148]",cdd,0.01,0.664814,0.57338,0.765816,bracketed,Jeffreys-smoothed weighted decreasing isotonic curve; local log10-BLER interpolation,A100_PRG_DFT8_6RB,precoder cycling present,1.46619,baseline target SNR - candidate target SNR; positive means candidate needs less SNR,outputs/experiment031_pdcch_cdd/20260903_main/analysis/target_snr.csv,
31,PDCCH_A100_8T1R_1sym_AL4_estimated_A41,result-031,executed; awaiting researcher confirmation,PDCCH,Sionna 1.0.2 TDL-A,100,3.5,0,48,24,1,8,1,1,30,4096,288,41,QPSK,"A=41, CRC24C, Polar E=432; AL8 repetition when E=864","PDCCH DMRS, 3 RE/REG; 144 DMRS RE",estimated,matched fullband frequency LMMSE for CDD; physical covariance per PRG for cycling,coherent QPSK LLR; MRC when n_rx>1,CRC24C/RNTI mask; Sionna Polar hybrid CA-SCL list 8,unit total transmit power per active RE,Es/N0: total transmit power per active RE divided by noise variance of each Rx branch; no n_rx scaling,A100_PRG_DFT8_6RB,PRG_DFT,,,,reg_bundle_dft_cycling,0.1,-0.994943,-1.076692,-0.931543,bracketed,Jeffreys-smoothed weighted decreasing isotonic curve; local log10-BLER interpolation,A100_PRG_DFT8_6RB,precoder cycling present,0,baseline target SNR - candidate target SNR; positive means candidate needs less SNR,outputs/experiment031_pdcch_cdd/20260903_main/analysis/target_snr.csv,
31,PDCCH_A100_8T1R_1sym_AL4_estimated_A41,result-031,executed; awaiting researcher confirmation,PDCCH,Sionna 1.0.2 TDL-A,100,3.5,0,48,24,1,8,1,1,30,4096,288,41,QPSK,"A=41, CRC24C, Polar E=432",PDCCH DMRS; comb-3/REG for 1-symbol A100 or comb-4 on both symbols for C300,estimated,candidate-matched frequency or 2D time-frequency LMMSE,coherent QPSK LLR; MRC when n_rx>1,CRC24C/RNTI mask; Sionna Polar hybrid CA-SCL list 8,unit total transmit power per active RE,Es/N0: total transmit power per active RE divided by noise variance of each Rx branch; no n_rx scaling,A100_SIDON8_AL4_01,STRICT_SIDON,non-transparent; matched effective covariance,"[0,1,3,7,12,20,30,65]","[0,115.740741,347.222222,810.185185,1388.888889,2314.814815,3472.222222,7523.148148]",cdd,0.1,-1.249523,-1.299103,-1.193088,bracketed,Jeffreys-smoothed weighted decreasing isotonic; local log10-BLER interpolation,A100_PRG_DFT8_6RB,precoder cycling present,0.25458,baseline target SNR - candidate target SNR; positive means candidate needs less SNR,outputs/experiment031_pdcch_cdd/20260908_strict_sidon_search/fine_analysis/target_snr.csv,gain combines source target estimates produced by different crossing methods
31,PDCCH_A100_8T1R_1sym_AL4_estimated_A41,result-031,executed; awaiting researcher confirmation,PDCCH,Sionna 1.0.2 TDL-A,100,3.5,0,48,24,1,8,1,1,30,4096,288,41,QPSK,"A=41, CRC24C, Polar E=432",PDCCH DMRS; comb-3/REG for 1-symbol A100 or comb-4 on both symbols for C300,estimated,candidate-matched frequency or 2D time-frequency LMMSE,coherent QPSK LLR; MRC when n_rx>1,CRC24C/RNTI mask; Sionna Polar hybrid CA-SCL list 8,unit total transmit power per active RE,Es/N0: total transmit power per active RE divided by noise variance of each Rx branch; no n_rx scaling,A100_SIDON8_AL4_02,STRICT_SIDON,non-transparent; matched effective covariance,"[0,4,20,33,96,155,203,253]","[0,462.962963,2314.814815,3819.444444,11111.111111,17939.814815,23495.37037,29282.407407]",cdd,0.1,-1.025002,-1.075939,-0.964692,bracketed,Jeffreys-smoothed weighted decreasing isotonic; local log10-BLER interpolation,A100_PRG_DFT8_6RB,precoder cycling present,0.030059,baseline target SNR - candidate target SNR; positive means candidate needs less SNR,outputs/experiment031_pdcch_cdd/20260908_strict_sidon_search/fine_analysis/target_snr.csv,gain combines source target estimates produced by different crossing methods
31,PDCCH_A100_8T1R_1sym_AL4_estimated_A41,result-031,executed; awaiting researcher confirmation,PDCCH,Sionna 1.0.2 TDL-A,100,3.5,0,48,24,1,8,1,1,30,4096,288,41,QPSK,"A=41, CRC24C, Polar E=432",PDCCH DMRS; comb-3/REG for 1-symbol A100 or comb-4 on both symbols for C300,estimated,candidate-matched frequency or 2D time-frequency LMMSE,coherent QPSK LLR; MRC when n_rx>1,CRC24C/RNTI mask; Sionna Polar hybrid CA-SCL list 8,unit total transmit power per active RE,Es/N0: total transmit power per active RE divided by noise variance of each Rx branch; no n_rx scaling,A100_SIDON8_AL4_03,STRICT_SIDON,non-transparent; matched effective covariance,"[0,7,54,64,89,181,243,262]","[0,810.185185,6250,7407.407407,10300.925926,20949.074074,28125,30324.074074]",cdd,0.1,-1.066303,-1.108205,-1.013487,bracketed,Jeffreys-smoothed weighted decreasing isotonic; local log10-BLER interpolation,A100_PRG_DFT8_6RB,precoder cycling present,0.07136,baseline target SNR - candidate target SNR; positive means candidate needs less SNR,outputs/experiment031_pdcch_cdd/20260908_strict_sidon_search/fine_analysis/target_snr.csv,gain combines source target estimates produced by different crossing methods
31,PDCCH_A100_8T1R_1sym_AL4_estimated_A41,result-031,executed; awaiting researcher confirmation,PDCCH,Sionna 1.0.2 TDL-A,100,3.5,0,48,24,1,8,1,1,30,4096,288,41,QPSK,"A=41, CRC24C, Polar E=432",PDCCH DMRS; comb-3/REG for 1-symbol A100 or comb-4 on both symbols for C300,estimated,candidate-matched frequency or 2D time-frequency LMMSE,coherent QPSK LLR; MRC when n_rx>1,CRC24C/RNTI mask; Sionna Polar hybrid CA-SCL list 8,unit total transmit power per active RE,Es/N0: total transmit power per active RE divided by noise variance of each Rx branch; no n_rx scaling,A100_SIDON8_AL4_06,STRICT_SIDON,non-transparent; matched effective covariance,"[0,1,9,14,25,42,90,252]","[0,115.740741,1041.666667,1620.37037,2893.518519,4861.111111,10416.666667,29166.666667]",cdd,0.1,-1.130126,-1.170778,-1.088285,bracketed,Jeffreys-smoothed weighted decreasing isotonic; local log10-BLER interpolation,A100_PRG_DFT8_6RB,precoder cycling present,0.135183,baseline target SNR - candidate target SNR; positive means candidate needs less SNR,outputs/experiment031_pdcch_cdd/20260908_strict_sidon_search/fine_analysis/target_snr.csv,gain combines source target estimates produced by different crossing methods
31,PDCCH_A100_8T1R_1sym_AL4_estimated_A41,result-031,executed; awaiting researcher confirmation,PDCCH,Sionna 1.0.2 TDL-A,100,3.5,0,48,24,1,8,1,1,30,4096,288,41,QPSK,"A=41, CRC24C, Polar E=432; AL8 repetition when E=864","PDCCH DMRS, 3 RE/REG; 144 DMRS RE",estimated,matched fullband frequency LMMSE for CDD; physical covariance per PRG for cycling,coherent QPSK LLR; MRC when n_rx>1,CRC24C/RNTI mask; Sionna Polar hybrid CA-SCL list 8,unit total transmit power per active RE,Es/N0: total transmit power per active RE divided by noise variance of each Rx branch; no n_rx scaling,A100_SMALL_CDD_QSTEP0P25_MATCHED_CDD,SMALL_CDD,,"[0,0.125,0.25,0.375,0.5,0.625,0.75,0.875]","[0,14.467593,28.935185,43.402778,57.87037,72.337963,86.805556,101.273148]",cdd,0.1,-0.076801,-0.160538,0.026481,bracketed,Jeffreys-smoothed weighted decreasing isotonic curve; local log10-BLER interpolation,A100_PRG_DFT8_6RB,precoder cycling present,-0.918142,baseline target SNR - candidate target SNR; positive means candidate needs less SNR,outputs/experiment031_pdcch_cdd/20260903_main/analysis/target_snr.csv,
31,PDCCH_A100_8T1R_1sym_AL4_estimated_A41,result-031,executed; awaiting researcher confirmation,PDCCH,Sionna 1.0.2 TDL-A,100,3.5,0,48,24,1,8,1,1,30,4096,288,41,QPSK,"A=41, CRC24C, Polar E=432; AL8 repetition when E=864","PDCCH DMRS, 3 RE/REG; 144 DMRS RE",estimated,matched fullband frequency LMMSE for CDD; physical covariance per PRG for cycling,coherent QPSK LLR; MRC when n_rx>1,CRC24C/RNTI mask; Sionna Polar hybrid CA-SCL list 8,unit total transmit power per active RE,Es/N0: total transmit power per active RE divided by noise variance of each Rx branch; no n_rx scaling,A100_SMALL_CDD_QSTEP0P25_TRANSPARENT_CDD,SMALL_CDD,physical_fullband,"[0,0.125,0.25,0.375,0.5,0.625,0.75,0.875]","[0,14.467593,28.935185,43.402778,57.87037,72.337963,86.805556,101.273148]",cdd,0.1,0.013572,-0.057138,0.0841,bracketed,Jeffreys-smoothed weighted decreasing isotonic curve; local log10-BLER interpolation,A100_PRG_DFT8_6RB,precoder cycling present,-1.008515,baseline target SNR - candidate target SNR; positive means candidate needs less SNR,outputs/experiment031_pdcch_cdd/20260903_main/analysis/target_snr.csv,
31,PDCCH_A100_8T1R_1sym_AL4_estimated_A41,result-031,executed; awaiting researcher confirmation,PDCCH,Sionna 1.0.2 TDL-A,100,3.5,0,48,24,1,8,1,1,30,4096,288,41,QPSK,"A=41, CRC24C, Polar E=432; AL8 repetition when E=864","PDCCH DMRS, 3 RE/REG; 144 DMRS RE",estimated,matched fullband frequency LMMSE for CDD; physical covariance per PRG for cycling,coherent QPSK LLR; MRC when n_rx>1,CRC24C/RNTI mask; Sionna Polar hybrid CA-SCL list 8,unit total transmit power per active RE,Es/N0: total transmit power per active RE divided by noise variance of each Rx branch; no n_rx scaling,AP_RMS_T1,AP_RMS_T1,,"[0,0.864,1.728,2.592,3.456,4.32,5.184,6.048]","[0,100,200,300,400,500,600,700]",cdd,0.1,,,,unbracketed,not estimated; no adjacent raw double-sided bracket,A100_PRG_DFT8_6RB,precoder cycling present,,baseline target SNR - candidate target SNR; positive means candidate needs less SNR,outputs/experiment031_pdcch_cdd/20260903_main/analysis/target_snr.csv,
31,PDCCH_A100_8T1R_1sym_AL4_estimated_A41,result-031,executed; awaiting researcher confirmation,PDCCH,Sionna 1.0.2 TDL-A,100,3.5,0,48,24,1,8,1,1,30,4096,288,41,QPSK,"A=41, CRC24C, Polar E=432; AL8 repetition when E=864","PDCCH DMRS, 3 RE/REG; 144 DMRS RE",estimated,matched fullband frequency LMMSE for CDD; physical covariance per PRG for cycling,coherent QPSK LLR; MRC when n_rx>1,CRC24C/RNTI mask; Sionna Polar hybrid CA-SCL list 8,unit total transmit power per active RE,Es/N0: total transmit power per active RE divided by noise variance of each Rx branch; no n_rx scaling,AP_TEPS_T1,AP_TEPS_T1,,"[0,4.144262,8.288525,12.432787,16.57705,20.721312,24.865574,29.009837]","[0,479.659954,959.320023,1438.979977,1918.640046,2398.3,2877.959954,3357.620023]",cdd,0.1,-1.08808,-1.144608,-1.012621,bracketed,Jeffreys-smoothed weighted decreasing isotonic curve; local log10-BLER interpolation,A100_PRG_DFT8_6RB,precoder cycling present,0.093137,baseline target SNR - candidate target SNR; positive means candidate needs less SNR,outputs/experiment031_pdcch_cdd/20260903_main/analysis/target_snr.csv,
31,PDCCH_A100_8T1R_1sym_AL4_estimated_A41,result-031,executed; awaiting researcher confirmation,PDCCH,Sionna 1.0.2 TDL-A,100,3.5,0,48,24,1,8,1,1,30,4096,288,41,QPSK,"A=41, CRC24C, Polar E=432; AL8 repetition when E=864","PDCCH DMRS, 3 RE/REG; 144 DMRS RE",estimated,matched fullband frequency LMMSE for CDD; physical covariance per PRG for cycling,coherent QPSK LLR; MRC when n_rx>1,CRC24C/RNTI mask; Sionna Polar hybrid CA-SCL list 8,unit total transmit power per active RE,Es/N0: total transmit power per active RE divided by noise variance of each Rx branch; no n_rx scaling,B0_QC,B0_QC,,"[0,4.5,9,13.5,18,22.5,27,31.5]","[0,520.833333,1041.666667,1562.5,2083.333333,2604.166667,3125,3645.833333]",cdd,0.1,-1.062369,-1.100896,-1.008619,bracketed,Jeffreys-smoothed weighted decreasing isotonic curve; local log10-BLER interpolation,A100_PRG_DFT8_6RB,precoder cycling present,0.067426,baseline target SNR - candidate target SNR; positive means candidate needs less SNR,outputs/experiment031_pdcch_cdd/20260903_main/analysis/target_snr.csv,
31,PDCCH_A100_8T1R_1sym_AL4_estimated_A41,result-031,executed; awaiting researcher confirmation,PDCCH,Sionna 1.0.2 TDL-A,100,3.5,0,48,24,1,8,1,1,30,4096,288,41,QPSK,"A=41, CRC24C, Polar E=432; AL8 repetition when E=864","PDCCH DMRS, 3 RE/REG; 144 DMRS RE",estimated,matched fullband frequency LMMSE for CDD; physical covariance per PRG for cycling,coherent QPSK LLR; MRC when n_rx>1,CRC24C/RNTI mask; Sionna Polar hybrid CA-SCL list 8,unit total transmit power per active RE,Es/N0: total transmit power per active RE divided by noise variance of each Rx branch; no n_rx scaling,GEO_T1_CTRL,GEO_T1_CTRL,,"[0,3,10,40,130,191,205,271]","[0,347.222222,1157.407407,4629.62963,15046.296296,22106.481481,23726.851852,31365.740741]",cdd,0.1,-0.983061,-1.036057,-0.945059,bracketed,Jeffreys-smoothed weighted decreasing isotonic curve; local log10-BLER interpolation,A100_PRG_DFT8_6RB,precoder cycling present,-0.011882,baseline target SNR - candidate target SNR; positive means candidate needs less SNR,outputs/experiment031_pdcch_cdd/20260903_main/analysis/target_snr.csv,
31,PDCCH_A100_8T1R_1sym_AL4_estimated_A41,result-031,executed; awaiting researcher confirmation,PDCCH,Sionna 1.0.2 TDL-A,100,3.5,0,48,24,1,8,1,1,30,4096,288,41,QPSK,"A=41, CRC24C, Polar E=432; AL8 repetition when E=864","PDCCH DMRS, 3 RE/REG; 144 DMRS RE",estimated,matched fullband frequency LMMSE for CDD; physical covariance per PRG for cycling,coherent QPSK LLR; MRC when n_rx>1,CRC24C/RNTI mask; Sionna Polar hybrid CA-SCL list 8,unit total transmit power per active RE,Es/N0: total transmit power per active RE divided by noise variance of each Rx branch; no n_rx scaling,S0_SIDON,S0_SIDON,,"[0,1,3,7,12,20,30,65]","[0,115.740741,347.222222,810.185185,1388.888889,2314.814815,3472.222222,7523.148148]",cdd,0.1,-1.239831,-1.292183,-1.196841,bracketed,Jeffreys-smoothed weighted decreasing isotonic curve; local log10-BLER interpolation,A100_PRG_DFT8_6RB,precoder cycling present,0.244888,baseline target SNR - candidate target SNR; positive means candidate needs less SNR,outputs/experiment031_pdcch_cdd/20260903_main/analysis/target_snr.csv,
31,PDCCH_A100_8T1R_1sym_AL8_estimated_A41,result-031,executed; awaiting researcher confirmation,PDCCH,Sionna 1.0.2 TDL-A,100,3.5,0,48,48,1,8,1,1,30,4096,288,41,QPSK,"A=41, CRC24C, Polar E=864; AL8 repetition when E=864","PDCCH DMRS, 3 RE/REG; 288 DMRS RE",estimated,matched fullband frequency LMMSE for CDD; physical covariance per PRG for cycling,coherent QPSK LLR; MRC when n_rx>1,CRC24C/RNTI mask; Sionna Polar hybrid CA-SCL list 8,unit total transmit power per active RE,Es/N0: total transmit power per active RE divided by noise variance of each Rx branch; no n_rx scaling,A100_PRG_DFT8_6RB,PRG_DFT,,,,reg_bundle_dft_cycling,0.01,-2.841592,-3.01254,-2.725282,bracketed,Jeffreys-smoothed weighted decreasing isotonic curve; local log10-BLER interpolation,A100_PRG_DFT8_6RB,precoder cycling present,0,baseline target SNR - candidate target SNR; positive means candidate needs less SNR,outputs/experiment031_pdcch_cdd/20260903_main/analysis/target_snr.csv,
31,PDCCH_A100_8T1R_1sym_AL8_estimated_A41,result-031,executed; awaiting researcher confirmation,PDCCH,Sionna 1.0.2 TDL-A,100,3.5,0,48,48,1,8,1,1,30,4096,288,41,QPSK,"A=41, CRC24C, Polar E=864",PDCCH DMRS; comb-3/REG for 1-symbol A100 or comb-4 on both symbols for C300,estimated,candidate-matched frequency or 2D time-frequency LMMSE,coherent QPSK LLR; MRC when n_rx>1,CRC24C/RNTI mask; Sionna Polar hybrid CA-SCL list 8,unit total transmit power per active RE,Es/N0: total transmit power per active RE divided by noise variance of each Rx branch; no n_rx scaling,A100_SIDON8_AL8_01,STRICT_SIDON,non-transparent; matched effective covariance,"[0,1,3,7,12,20,30,65]","[0,57.87037,173.611111,405.092593,694.444444,1157.407407,1736.111111,3761.574074]",cdd,0.01,-2.720288,-2.810943,-2.674315,bracketed,Jeffreys-smoothed weighted decreasing isotonic; local log10-BLER interpolation,A100_PRG_DFT8_6RB,precoder cycling present,-0.121304,baseline target SNR - candidate target SNR; positive means candidate needs less SNR,outputs/experiment031_pdcch_cdd/20260908_strict_sidon_search/fine_analysis/target_snr.csv,gain combines source target estimates produced by different crossing methods
31,PDCCH_A100_8T1R_1sym_AL8_estimated_A41,result-031,executed; awaiting researcher confirmation,PDCCH,Sionna 1.0.2 TDL-A,100,3.5,0,48,48,1,8,1,1,30,4096,288,41,QPSK,"A=41, CRC24C, Polar E=864",PDCCH DMRS; comb-3/REG for 1-symbol A100 or comb-4 on both symbols for C300,estimated,candidate-matched frequency or 2D time-frequency LMMSE,coherent QPSK LLR; MRC when n_rx>1,CRC24C/RNTI mask; Sionna Polar hybrid CA-SCL list 8,unit total transmit power per active RE,Es/N0: total transmit power per active RE divided by noise variance of each Rx branch; no n_rx scaling,A100_SIDON8_AL8_02,STRICT_SIDON,non-transparent; matched effective covariance,"[0,5,124,136,163,403,487,505]","[0,289.351852,7175.925926,7870.37037,9432.87037,23321.759259,28182.87037,29224.537037]",cdd,0.01,-2.570373,-2.639269,-2.485696,bracketed,Jeffreys-smoothed weighted decreasing isotonic; local log10-BLER interpolation,A100_PRG_DFT8_6RB,precoder cycling present,-0.271219,baseline target SNR - candidate target SNR; positive means candidate needs less SNR,outputs/experiment031_pdcch_cdd/20260908_strict_sidon_search/fine_analysis/target_snr.csv,gain combines source target estimates produced by different crossing methods
31,PDCCH_A100_8T1R_1sym_AL8_estimated_A41,result-031,executed; awaiting researcher confirmation,PDCCH,Sionna 1.0.2 TDL-A,100,3.5,0,48,48,1,8,1,1,30,4096,288,41,QPSK,"A=41, CRC24C, Polar E=864",PDCCH DMRS; comb-3/REG for 1-symbol A100 or comb-4 on both symbols for C300,estimated,candidate-matched frequency or 2D time-frequency LMMSE,coherent QPSK LLR; MRC when n_rx>1,CRC24C/RNTI mask; Sionna Polar hybrid CA-SCL list 8,unit total transmit power per active RE,Es/N0: total transmit power per active RE divided by noise variance of each Rx branch; no n_rx scaling,A100_SIDON8_AL8_05,STRICT_SIDON,non-transparent; matched effective covariance,"[0,3,15,23,70,104,139,569]","[0,173.611111,868.055556,1331.018519,4050.925926,6018.518519,8043.981481,32928.240741]",cdd,0.01,-2.430872,-2.524397,-2.368873,bracketed,Jeffreys-smoothed weighted decreasing isotonic; local log10-BLER interpolation,A100_PRG_DFT8_6RB,precoder cycling present,-0.41072,baseline target SNR - candidate target SNR; positive means candidate needs less SNR,outputs/experiment031_pdcch_cdd/20260908_strict_sidon_search/fine_analysis/target_snr.csv,gain combines source target estimates produced by different crossing methods
31,PDCCH_A100_8T1R_1sym_AL8_estimated_A41,result-031,executed; awaiting researcher confirmation,PDCCH,Sionna 1.0.2 TDL-A,100,3.5,0,48,48,1,8,1,1,30,4096,288,41,QPSK,"A=41, CRC24C, Polar E=864",PDCCH DMRS; comb-3/REG for 1-symbol A100 or comb-4 on both symbols for C300,estimated,candidate-matched frequency or 2D time-frequency LMMSE,coherent QPSK LLR; MRC when n_rx>1,CRC24C/RNTI mask; Sionna Polar hybrid CA-SCL list 8,unit total transmit power per active RE,Es/N0: total transmit power per active RE divided by noise variance of each Rx branch; no n_rx scaling,A100_SIDON8_AL8_06,STRICT_SIDON,non-transparent; matched effective covariance,"[0,1,5,160,178,241,524,568]","[0,57.87037,289.351852,9259.259259,10300.925926,13946.759259,30324.074074,32870.37037]",cdd,0.01,-2.59173,-2.698309,-2.486414,bracketed,Jeffreys-smoothed weighted decreasing isotonic; local log10-BLER interpolation,A100_PRG_DFT8_6RB,precoder cycling present,-0.249862,baseline target SNR - candidate target SNR; positive means candidate needs less SNR,outputs/experiment031_pdcch_cdd/20260908_strict_sidon_search/fine_analysis/target_snr.csv,gain combines source target estimates produced by different crossing methods
31,PDCCH_A100_8T1R_1sym_AL8_estimated_A41,result-031,executed; awaiting researcher confirmation,PDCCH,Sionna 1.0.2 TDL-A,100,3.5,0,48,48,1,8,1,1,30,4096,288,41,QPSK,"A=41, CRC24C, Polar E=864; AL8 repetition when E=864","PDCCH DMRS, 3 RE/REG; 288 DMRS RE",estimated,matched fullband frequency LMMSE for CDD; physical covariance per PRG for cycling,coherent QPSK LLR; MRC when n_rx>1,CRC24C/RNTI mask; Sionna Polar hybrid CA-SCL list 8,unit total transmit power per active RE,Es/N0: total transmit power per active RE divided by noise variance of each Rx branch; no n_rx scaling,A100_SMALL_CDD_QSTEP0P25_MATCHED_CDD,SMALL_CDD,,"[0,0.25,0.5,0.75,1,1.25,1.5,1.75]","[0,14.467593,28.935185,43.402778,57.87037,72.337963,86.805556,101.273148]",cdd,0.01,,,,unbracketed,not estimated; no adjacent raw double-sided bracket,A100_PRG_DFT8_6RB,precoder cycling present,,baseline target SNR - candidate target SNR; positive means candidate needs less SNR,outputs/experiment031_pdcch_cdd/20260903_main/analysis/target_snr.csv,
31,PDCCH_A100_8T1R_1sym_AL8_estimated_A41,result-031,executed; awaiting researcher confirmation,PDCCH,Sionna 1.0.2 TDL-A,100,3.5,0,48,48,1,8,1,1,30,4096,288,41,QPSK,"A=41, CRC24C, Polar E=864; AL8 repetition when E=864","PDCCH DMRS, 3 RE/REG; 288 DMRS RE",estimated,matched fullband frequency LMMSE for CDD; physical covariance per PRG for cycling,coherent QPSK LLR; MRC when n_rx>1,CRC24C/RNTI mask; Sionna Polar hybrid CA-SCL list 8,unit total transmit power per active RE,Es/N0: total transmit power per active RE divided by noise variance of each Rx branch; no n_rx scaling,A100_SMALL_CDD_QSTEP0P25_TRANSPARENT_CDD,SMALL_CDD,physical_fullband,"[0,0.25,0.5,0.75,1,1.25,1.5,1.75]","[0,14.467593,28.935185,43.402778,57.87037,72.337963,86.805556,101.273148]",cdd,0.01,-0.898539,-1.032639,-0.780733,bracketed,Jeffreys-smoothed weighted decreasing isotonic curve; local log10-BLER interpolation,A100_PRG_DFT8_6RB,precoder cycling present,-1.943053,baseline target SNR - candidate target SNR; positive means candidate needs less SNR,outputs/experiment031_pdcch_cdd/20260903_main/analysis/target_snr.csv,
31,PDCCH_A100_8T1R_1sym_AL8_estimated_A41,result-031,executed; awaiting researcher confirmation,PDCCH,Sionna 1.0.2 TDL-A,100,3.5,0,48,48,1,8,1,1,30,4096,288,41,QPSK,"A=41, CRC24C, Polar E=864; AL8 repetition when E=864","PDCCH DMRS, 3 RE/REG; 288 DMRS RE",estimated,matched fullband frequency LMMSE for CDD; physical covariance per PRG for cycling,coherent QPSK LLR; MRC when n_rx>1,CRC24C/RNTI mask; Sionna Polar hybrid CA-SCL list 8,unit total transmit power per active RE,Es/N0: total transmit power per active RE divided by noise variance of each Rx branch; no n_rx scaling,AP_RMS_T1,AP_RMS_T1,,"[0,1.728,3.456,5.184,6.912,8.64,10.368,12.096]","[0,100,200,300,400,500,600,700]",cdd,0.01,-2.970041,-3.045901,-2.915224,bracketed,Jeffreys-smoothed weighted decreasing isotonic curve; local log10-BLER interpolation,A100_PRG_DFT8_6RB,precoder cycling present,0.128449,baseline target SNR - candidate target SNR; positive means candidate needs less SNR,outputs/experiment031_pdcch_cdd/20260903_main/analysis/target_snr.csv,
31,PDCCH_A100_8T1R_1sym_AL8_estimated_A41,result-031,executed; awaiting researcher confirmation,PDCCH,Sionna 1.0.2 TDL-A,100,3.5,0,48,48,1,8,1,1,30,4096,288,41,QPSK,"A=41, CRC24C, Polar E=864; AL8 repetition when E=864","PDCCH DMRS, 3 RE/REG; 288 DMRS RE",estimated,matched fullband frequency LMMSE for CDD; physical covariance per PRG for cycling,coherent QPSK LLR; MRC when n_rx>1,CRC24C/RNTI mask; Sionna Polar hybrid CA-SCL list 8,unit total transmit power per active RE,Es/N0: total transmit power per active RE divided by noise variance of each Rx branch; no n_rx scaling,AP_TEPS_T1,AP_TEPS_T1,,"[0,8.288525,16.57705,24.865574,33.154099,41.442624,49.731149,58.019674]","[0,479.660012,959.320023,1438.979977,1918.639988,2398.3,2877.960012,3357.620023]",cdd,0.01,-2.5955,-2.663402,-2.527416,bracketed,Jeffreys-smoothed weighted decreasing isotonic curve; local log10-BLER interpolation,A100_PRG_DFT8_6RB,precoder cycling present,-0.246092,baseline target SNR - candidate target SNR; positive means candidate needs less SNR,outputs/experiment031_pdcch_cdd/20260903_main/analysis/target_snr.csv,
31,PDCCH_A100_8T1R_1sym_AL8_estimated_A41,result-031,executed; awaiting researcher confirmation,PDCCH,Sionna 1.0.2 TDL-A,100,3.5,0,48,48,1,8,1,1,30,4096,288,41,QPSK,"A=41, CRC24C, Polar E=864; AL8 repetition when E=864","PDCCH DMRS, 3 RE/REG; 288 DMRS RE",estimated,matched fullband frequency LMMSE for CDD; physical covariance per PRG for cycling,coherent QPSK LLR; MRC when n_rx>1,CRC24C/RNTI mask; Sionna Polar hybrid CA-SCL list 8,unit total transmit power per active RE,Es/N0: total transmit power per active RE divided by noise variance of each Rx branch; no n_rx scaling,B0_QC,B0_QC,,"[0,9,18,27,36,45,54,63]","[0,520.833333,1041.666667,1562.5,2083.333333,2604.166667,3125,3645.833333]",cdd,0.01,-2.508059,-2.576518,-2.448935,bracketed,Jeffreys-smoothed weighted decreasing isotonic curve; local log10-BLER interpolation,A100_PRG_DFT8_6RB,precoder cycling present,-0.333533,baseline target SNR - candidate target SNR; positive means candidate needs less SNR,outputs/experiment031_pdcch_cdd/20260903_main/analysis/target_snr.csv,
31,PDCCH_A100_8T1R_1sym_AL8_estimated_A41,result-031,executed; awaiting researcher confirmation,PDCCH,Sionna 1.0.2 TDL-A,100,3.5,0,48,48,1,8,1,1,30,4096,288,41,QPSK,"A=41, CRC24C, Polar E=864; AL8 repetition when E=864","PDCCH DMRS, 3 RE/REG; 288 DMRS RE",estimated,matched fullband frequency LMMSE for CDD; physical covariance per PRG for cycling,coherent QPSK LLR; MRC when n_rx>1,CRC24C/RNTI mask; Sionna Polar hybrid CA-SCL list 8,unit total transmit power per active RE,Es/N0: total transmit power per active RE divided by noise variance of each Rx branch; no n_rx scaling,GEO_T1_CTRL,GEO_T1_CTRL,,"[0,7,86,101,302,353,511,540]","[0,405.092593,4976.851852,5844.907407,17476.851852,20428.240741,29571.759259,31250]",cdd,0.01,-2.375561,-2.447565,-2.306609,bracketed,Jeffreys-smoothed weighted decreasing isotonic curve; local log10-BLER interpolation,A100_PRG_DFT8_6RB,precoder cycling present,-0.466031,baseline target SNR - candidate target SNR; positive means candidate needs less SNR,outputs/experiment031_pdcch_cdd/20260903_main/analysis/target_snr.csv,
31,PDCCH_A100_8T1R_1sym_AL8_estimated_A41,result-031,executed; awaiting researcher confirmation,PDCCH,Sionna 1.0.2 TDL-A,100,3.5,0,48,48,1,8,1,1,30,4096,288,41,QPSK,"A=41, CRC24C, Polar E=864; AL8 repetition when E=864","PDCCH DMRS, 3 RE/REG; 288 DMRS RE",estimated,matched fullband frequency LMMSE for CDD; physical covariance per PRG for cycling,coherent QPSK LLR; MRC when n_rx>1,CRC24C/RNTI mask; Sionna Polar hybrid CA-SCL list 8,unit total transmit power per active RE,Es/N0: total transmit power per active RE divided by noise variance of each Rx branch; no n_rx scaling,S0_SIDON,S0_SIDON,,"[0,1,3,7,12,20,30,65]","[0,57.87037,173.611111,405.092593,694.444444,1157.407407,1736.111111,3761.574074]",cdd,0.01,-2.792176,-2.865779,-2.720819,bracketed,Jeffreys-smoothed weighted decreasing isotonic curve; local log10-BLER interpolation,A100_PRG_DFT8_6RB,precoder cycling present,-0.049416,baseline target SNR - candidate target SNR; positive means candidate needs less SNR,outputs/experiment031_pdcch_cdd/20260903_main/analysis/target_snr.csv,
31,PDCCH_A100_8T1R_1sym_AL8_estimated_A41,result-031,executed; awaiting researcher confirmation,PDCCH,Sionna 1.0.2 TDL-A,100,3.5,0,48,48,1,8,1,1,30,4096,288,41,QPSK,"A=41, CRC24C, Polar E=864; AL8 repetition when E=864","PDCCH DMRS, 3 RE/REG; 288 DMRS RE",estimated,matched fullband frequency LMMSE for CDD; physical covariance per PRG for cycling,coherent QPSK LLR; MRC when n_rx>1,CRC24C/RNTI mask; Sionna Polar hybrid CA-SCL list 8,unit total transmit power per active RE,Es/N0: total transmit power per active RE divided by noise variance of each Rx branch; no n_rx scaling,A100_PRG_DFT8_6RB,PRG_DFT,,,,reg_bundle_dft_cycling,0.1,-4.931116,-4.991902,-4.888229,bracketed,Jeffreys-smoothed weighted decreasing isotonic curve; local log10-BLER interpolation,A100_PRG_DFT8_6RB,precoder cycling present,0,baseline target SNR - candidate target SNR; positive means candidate needs less SNR,outputs/experiment031_pdcch_cdd/20260903_main/analysis/target_snr.csv,
31,PDCCH_A100_8T1R_1sym_AL8_estimated_A41,result-031,executed; awaiting researcher confirmation,PDCCH,Sionna 1.0.2 TDL-A,100,3.5,0,48,48,1,8,1,1,30,4096,288,41,QPSK,"A=41, CRC24C, Polar E=864",PDCCH DMRS; comb-3/REG for 1-symbol A100 or comb-4 on both symbols for C300,estimated,candidate-matched frequency or 2D time-frequency LMMSE,coherent QPSK LLR; MRC when n_rx>1,CRC24C/RNTI mask; Sionna Polar hybrid CA-SCL list 8,unit total transmit power per active RE,Es/N0: total transmit power per active RE divided by noise variance of each Rx branch; no n_rx scaling,A100_SIDON8_AL8_01,STRICT_SIDON,non-transparent; matched effective covariance,"[0,1,3,7,12,20,30,65]","[0,57.87037,173.611111,405.092593,694.444444,1157.407407,1736.111111,3761.574074]",cdd,0.1,-4.493318,-4.549566,-4.454887,bracketed,Jeffreys-smoothed weighted decreasing isotonic; local log10-BLER interpolation,A100_PRG_DFT8_6RB,precoder cycling present,-0.437798,baseline target SNR - candidate target SNR; positive means candidate needs less SNR,outputs/experiment031_pdcch_cdd/20260908_strict_sidon_search/fine_analysis/target_snr.csv,gain combines source target estimates produced by different crossing methods
31,PDCCH_A100_8T1R_1sym_AL8_estimated_A41,result-031,executed; awaiting researcher confirmation,PDCCH,Sionna 1.0.2 TDL-A,100,3.5,0,48,48,1,8,1,1,30,4096,288,41,QPSK,"A=41, CRC24C, Polar E=864",PDCCH DMRS; comb-3/REG for 1-symbol A100 or comb-4 on both symbols for C300,estimated,candidate-matched frequency or 2D time-frequency LMMSE,coherent QPSK LLR; MRC when n_rx>1,CRC24C/RNTI mask; Sionna Polar hybrid CA-SCL list 8,unit total transmit power per active RE,Es/N0: total transmit power per active RE divided by noise variance of each Rx branch; no n_rx scaling,A100_SIDON8_AL8_02,STRICT_SIDON,non-transparent; matched effective covariance,"[0,5,124,136,163,403,487,505]","[0,289.351852,7175.925926,7870.37037,9432.87037,23321.759259,28182.87037,29224.537037]",cdd,0.1,-4.286239,-4.33151,-4.233471,bracketed,Jeffreys-smoothed weighted decreasing isotonic; local log10-BLER interpolation,A100_PRG_DFT8_6RB,precoder cycling present,-0.644877,baseline target SNR - candidate target SNR; positive means candidate needs less SNR,outputs/experiment031_pdcch_cdd/20260908_strict_sidon_search/fine_analysis/target_snr.csv,gain combines source target estimates produced by different crossing methods
31,PDCCH_A100_8T1R_1sym_AL8_estimated_A41,result-031,executed; awaiting researcher confirmation,PDCCH,Sionna 1.0.2 TDL-A,100,3.5,0,48,48,1,8,1,1,30,4096,288,41,QPSK,"A=41, CRC24C, Polar E=864",PDCCH DMRS; comb-3/REG for 1-symbol A100 or comb-4 on both symbols for C300,estimated,candidate-matched frequency or 2D time-frequency LMMSE,coherent QPSK LLR; MRC when n_rx>1,CRC24C/RNTI mask; Sionna Polar hybrid CA-SCL list 8,unit total transmit power per active RE,Es/N0: total transmit power per active RE divided by noise variance of each Rx branch; no n_rx scaling,A100_SIDON8_AL8_05,STRICT_SIDON,non-transparent; matched effective covariance,"[0,3,15,23,70,104,139,569]","[0,173.611111,868.055556,1331.018519,4050.925926,6018.518519,8043.981481,32928.240741]",cdd,0.1,-4.236678,-4.285724,-4.190653,bracketed,Jeffreys-smoothed weighted decreasing isotonic; local log10-BLER interpolation,A100_PRG_DFT8_6RB,precoder cycling present,-0.694438,baseline target SNR - candidate target SNR; positive means candidate needs less SNR,outputs/experiment031_pdcch_cdd/20260908_strict_sidon_search/fine_analysis/target_snr.csv,gain combines source target estimates produced by different crossing methods
31,PDCCH_A100_8T1R_1sym_AL8_estimated_A41,result-031,executed; awaiting researcher confirmation,PDCCH,Sionna 1.0.2 TDL-A,100,3.5,0,48,48,1,8,1,1,30,4096,288,41,QPSK,"A=41, CRC24C, Polar E=864",PDCCH DMRS; comb-3/REG for 1-symbol A100 or comb-4 on both symbols for C300,estimated,candidate-matched frequency or 2D time-frequency LMMSE,coherent QPSK LLR; MRC when n_rx>1,CRC24C/RNTI mask; Sionna Polar hybrid CA-SCL list 8,unit total transmit power per active RE,Es/N0: total transmit power per active RE divided by noise variance of each Rx branch; no n_rx scaling,A100_SIDON8_AL8_06,STRICT_SIDON,non-transparent; matched effective covariance,"[0,1,5,160,178,241,524,568]","[0,57.87037,289.351852,9259.259259,10300.925926,13946.759259,30324.074074,32870.37037]",cdd,0.1,-4.41907,-4.450747,-4.391774,bracketed,Jeffreys-smoothed weighted decreasing isotonic; local log10-BLER interpolation,A100_PRG_DFT8_6RB,precoder cycling present,-0.512046,baseline target SNR - candidate target SNR; positive means candidate needs less SNR,outputs/experiment031_pdcch_cdd/20260908_strict_sidon_search/fine_analysis/target_snr.csv,gain combines source target estimates produced by different crossing methods
31,PDCCH_A100_8T1R_1sym_AL8_estimated_A41,result-031,executed; awaiting researcher confirmation,PDCCH,Sionna 1.0.2 TDL-A,100,3.5,0,48,48,1,8,1,1,30,4096,288,41,QPSK,"A=41, CRC24C, Polar E=864; AL8 repetition when E=864","PDCCH DMRS, 3 RE/REG; 288 DMRS RE",estimated,matched fullband frequency LMMSE for CDD; physical covariance per PRG for cycling,coherent QPSK LLR; MRC when n_rx>1,CRC24C/RNTI mask; Sionna Polar hybrid CA-SCL list 8,unit total transmit power per active RE,Es/N0: total transmit power per active RE divided by noise variance of each Rx branch; no n_rx scaling,A100_SMALL_CDD_QSTEP0P25_MATCHED_CDD,SMALL_CDD,,"[0,0.25,0.5,0.75,1,1.25,1.5,1.75]","[0,14.467593,28.935185,43.402778,57.87037,72.337963,86.805556,101.273148]",cdd,0.1,-4.283355,-4.334372,-4.214252,bracketed,Jeffreys-smoothed weighted decreasing isotonic curve; local log10-BLER interpolation,A100_PRG_DFT8_6RB,precoder cycling present,-0.647761,baseline target SNR - candidate target SNR; positive means candidate needs less SNR,outputs/experiment031_pdcch_cdd/20260903_main/analysis/target_snr.csv,
31,PDCCH_A100_8T1R_1sym_AL8_estimated_A41,result-031,executed; awaiting researcher confirmation,PDCCH,Sionna 1.0.2 TDL-A,100,3.5,0,48,48,1,8,1,1,30,4096,288,41,QPSK,"A=41, CRC24C, Polar E=864; AL8 repetition when E=864","PDCCH DMRS, 3 RE/REG; 288 DMRS RE",estimated,matched fullband frequency LMMSE for CDD; physical covariance per PRG for cycling,coherent QPSK LLR; MRC when n_rx>1,CRC24C/RNTI mask; Sionna Polar hybrid CA-SCL list 8,unit total transmit power per active RE,Es/N0: total transmit power per active RE divided by noise variance of each Rx branch; no n_rx scaling,A100_SMALL_CDD_QSTEP0P25_TRANSPARENT_CDD,SMALL_CDD,physical_fullband,"[0,0.25,0.5,0.75,1,1.25,1.5,1.75]","[0,14.467593,28.935185,43.402778,57.87037,72.337963,86.805556,101.273148]",cdd,0.1,-3.423104,-3.479621,-3.379571,bracketed,Jeffreys-smoothed weighted decreasing isotonic curve; local log10-BLER interpolation,A100_PRG_DFT8_6RB,precoder cycling present,-1.508012,baseline target SNR - candidate target SNR; positive means candidate needs less SNR,outputs/experiment031_pdcch_cdd/20260903_main/analysis/target_snr.csv,
31,PDCCH_A100_8T1R_1sym_AL8_estimated_A41,result-031,executed; awaiting researcher confirmation,PDCCH,Sionna 1.0.2 TDL-A,100,3.5,0,48,48,1,8,1,1,30,4096,288,41,QPSK,"A=41, CRC24C, Polar E=864; AL8 repetition when E=864","PDCCH DMRS, 3 RE/REG; 288 DMRS RE",estimated,matched fullband frequency LMMSE for CDD; physical covariance per PRG for cycling,coherent QPSK LLR; MRC when n_rx>1,CRC24C/RNTI mask; Sionna Polar hybrid CA-SCL list 8,unit total transmit power per active RE,Es/N0: total transmit power per active RE divided by noise variance of each Rx branch; no n_rx scaling,AP_RMS_T1,AP_RMS_T1,,"[0,1.728,3.456,5.184,6.912,8.64,10.368,12.096]","[0,100,200,300,400,500,600,700]",cdd,0.1,-4.821791,-4.854391,-4.779825,bracketed,Jeffreys-smoothed weighted decreasing isotonic curve; local log10-BLER interpolation,A100_PRG_DFT8_6RB,precoder cycling present,-0.109325,baseline target SNR - candidate target SNR; positive means candidate needs less SNR,outputs/experiment031_pdcch_cdd/20260903_main/analysis/target_snr.csv,
31,PDCCH_A100_8T1R_1sym_AL8_estimated_A41,result-031,executed; awaiting researcher confirmation,PDCCH,Sionna 1.0.2 TDL-A,100,3.5,0,48,48,1,8,1,1,30,4096,288,41,QPSK,"A=41, CRC24C, Polar E=864; AL8 repetition when E=864","PDCCH DMRS, 3 RE/REG; 288 DMRS RE",estimated,matched fullband frequency LMMSE for CDD; physical covariance per PRG for cycling,coherent QPSK LLR; MRC when n_rx>1,CRC24C/RNTI mask; Sionna Polar hybrid CA-SCL list 8,unit total transmit power per active RE,Es/N0: total transmit power per active RE divided by noise variance of each Rx branch; no n_rx scaling,AP_TEPS_T1,AP_TEPS_T1,,"[0,8.288525,16.57705,24.865574,33.154099,41.442624,49.731149,58.019674]","[0,479.660012,959.320023,1438.979977,1918.639988,2398.3,2877.960012,3357.620023]",cdd,0.1,-4.330017,-4.364452,-4.287052,bracketed,Jeffreys-smoothed weighted decreasing isotonic curve; local log10-BLER interpolation,A100_PRG_DFT8_6RB,precoder cycling present,-0.601099,baseline target SNR - candidate target SNR; positive means candidate needs less SNR,outputs/experiment031_pdcch_cdd/20260903_main/analysis/target_snr.csv,
31,PDCCH_A100_8T1R_1sym_AL8_estimated_A41,result-031,executed; awaiting researcher confirmation,PDCCH,Sionna 1.0.2 TDL-A,100,3.5,0,48,48,1,8,1,1,30,4096,288,41,QPSK,"A=41, CRC24C, Polar E=864; AL8 repetition when E=864","PDCCH DMRS, 3 RE/REG; 288 DMRS RE",estimated,matched fullband frequency LMMSE for CDD; physical covariance per PRG for cycling,coherent QPSK LLR; MRC when n_rx>1,CRC24C/RNTI mask; Sionna Polar hybrid CA-SCL list 8,unit total transmit power per active RE,Es/N0: total transmit power per active RE divided by noise variance of each Rx branch; no n_rx scaling,B0_QC,B0_QC,,"[0,9,18,27,36,45,54,63]","[0,520.833333,1041.666667,1562.5,2083.333333,2604.166667,3125,3645.833333]",cdd,0.1,-4.2552,-4.309417,-4.217228,bracketed,Jeffreys-smoothed weighted decreasing isotonic curve; local log10-BLER interpolation,A100_PRG_DFT8_6RB,precoder cycling present,-0.675916,baseline target SNR - candidate target SNR; positive means candidate needs less SNR,outputs/experiment031_pdcch_cdd/20260903_main/analysis/target_snr.csv,
31,PDCCH_A100_8T1R_1sym_AL8_estimated_A41,result-031,executed; awaiting researcher confirmation,PDCCH,Sionna 1.0.2 TDL-A,100,3.5,0,48,48,1,8,1,1,30,4096,288,41,QPSK,"A=41, CRC24C, Polar E=864; AL8 repetition when E=864","PDCCH DMRS, 3 RE/REG; 288 DMRS RE",estimated,matched fullband frequency LMMSE for CDD; physical covariance per PRG for cycling,coherent QPSK LLR; MRC when n_rx>1,CRC24C/RNTI mask; Sionna Polar hybrid CA-SCL list 8,unit total transmit power per active RE,Es/N0: total transmit power per active RE divided by noise variance of each Rx branch; no n_rx scaling,GEO_T1_CTRL,GEO_T1_CTRL,,"[0,7,86,101,302,353,511,540]","[0,405.092593,4976.851852,5844.907407,17476.851852,20428.240741,29571.759259,31250]",cdd,0.1,-4.165209,-4.212832,-4.128788,bracketed,Jeffreys-smoothed weighted decreasing isotonic curve; local log10-BLER interpolation,A100_PRG_DFT8_6RB,precoder cycling present,-0.765907,baseline target SNR - candidate target SNR; positive means candidate needs less SNR,outputs/experiment031_pdcch_cdd/20260903_main/analysis/target_snr.csv,
31,PDCCH_A100_8T1R_1sym_AL8_estimated_A41,result-031,executed; awaiting researcher confirmation,PDCCH,Sionna 1.0.2 TDL-A,100,3.5,0,48,48,1,8,1,1,30,4096,288,41,QPSK,"A=41, CRC24C, Polar E=864; AL8 repetition when E=864","PDCCH DMRS, 3 RE/REG; 288 DMRS RE",estimated,matched fullband frequency LMMSE for CDD; physical covariance per PRG for cycling,coherent QPSK LLR; MRC when n_rx>1,CRC24C/RNTI mask; Sionna Polar hybrid CA-SCL list 8,unit total transmit power per active RE,Es/N0: total transmit power per active RE divided by noise variance of each Rx branch; no n_rx scaling,S0_SIDON,S0_SIDON,,"[0,1,3,7,12,20,30,65]","[0,57.87037,173.611111,405.092593,694.444444,1157.407407,1736.111111,3761.574074]",cdd,0.1,-4.55171,-4.596121,-4.494864,bracketed,Jeffreys-smoothed weighted decreasing isotonic curve; local log10-BLER interpolation,A100_PRG_DFT8_6RB,precoder cycling present,-0.379406,baseline target SNR - candidate target SNR; positive means candidate needs less SNR,outputs/experiment031_pdcch_cdd/20260903_main/analysis/target_snr.csv,
31,PDCCH_C300_4T1R_2sym_AL1_estimated_A41,result-031,executed; awaiting researcher confirmation,PDCCH,Sionna 1.0.2 TDL-C,300,4,3,48,3,2,4,1,1,30,4096,288,41,QPSK,"A=41, CRC24C, Polar E=108",comb-4 on both CORESET symbols,estimated,matched/physical 2D time-frequency LMMSE; per-PRG for cycling,coherent QPSK LLR; MRC when n_rx>1,CRC24C/RNTI mask; Sionna Polar hybrid CA-SCL list 8,unit total transmit power per active RE,Es/N0: total transmit power per active RE divided by noise variance of each Rx branch; no n_rx scaling,C300_AP_RMS_T1,AP_RMS_T1,,"[0,0.324,0.648,0.972]","[0,300,600,900]",cdd,0.01,14.892579,14.69861,15.054489,bracketed,Jeffreys-smoothed weighted decreasing isotonic curve; local log10-BLER interpolation; raw adjacent bracket <=0.25 dB,C300_PRG_DFT4_6REG,precoder cycling present,2.031554,baseline target SNR - candidate target SNR; positive means candidate needs less SNR,outputs/experiment031_pdcch_cdd/20260907_c300_4tx_2sym/analysis/target_snr.csv,
31,PDCCH_C300_4T1R_2sym_AL1_estimated_A41,result-031,executed; awaiting researcher confirmation,PDCCH,Sionna 1.0.2 TDL-C,300,4,3,48,3,2,4,1,1,30,4096,288,41,QPSK,"A=41, CRC24C, Polar E=108",comb-4 on both CORESET symbols,estimated,matched/physical 2D time-frequency LMMSE; per-PRG for cycling,coherent QPSK LLR; MRC when n_rx>1,CRC24C/RNTI mask; Sionna Polar hybrid CA-SCL list 8,unit total transmit power per active RE,Es/N0: total transmit power per active RE divided by noise variance of each Rx branch; no n_rx scaling,C300_AP_TEPS_T1,AP_TEPS_T1,,"[0,2.043306,4.086612,6.129918]","[0,1891.95,3783.9,5675.85]",cdd,0.01,12.123924,11.953289,12.279415,bracketed,Jeffreys-smoothed weighted decreasing isotonic curve; local log10-BLER interpolation; raw adjacent bracket <=0.25 dB,C300_PRG_DFT4_6REG,precoder cycling present,4.800209,baseline target SNR - candidate target SNR; positive means candidate needs less SNR,outputs/experiment031_pdcch_cdd/20260907_c300_4tx_2sym/analysis/target_snr.csv,
31,PDCCH_C300_4T1R_2sym_AL1_estimated_A41,result-031,executed; awaiting researcher confirmation,PDCCH,Sionna 1.0.2 TDL-C,300,4,3,48,3,2,4,1,1,30,4096,288,41,QPSK,"A=41, CRC24C, Polar E=108",comb-4 on both CORESET symbols,estimated,matched/physical 2D time-frequency LMMSE; per-PRG for cycling,coherent QPSK LLR; MRC when n_rx>1,CRC24C/RNTI mask; Sionna Polar hybrid CA-SCL list 8,unit total transmit power per active RE,Es/N0: total transmit power per active RE divided by noise variance of each Rx branch; no n_rx scaling,C300_B0_QC,B0_QC,,"[0,0.5625,1.125,1.6875]","[0,520.833333,1041.666667,1562.5]",cdd,0.01,13.655348,13.525451,13.794049,bracketed,Jeffreys-smoothed weighted decreasing isotonic curve; local log10-BLER interpolation; raw adjacent bracket <=0.25 dB,C300_PRG_DFT4_6REG,precoder cycling present,3.268785,baseline target SNR - candidate target SNR; positive means candidate needs less SNR,outputs/experiment031_pdcch_cdd/20260907_c300_4tx_2sym/analysis/target_snr.csv,
31,PDCCH_C300_4T1R_2sym_AL1_estimated_A41,result-031,executed; awaiting researcher confirmation,PDCCH,Sionna 1.0.2 TDL-C,300,4,3,48,3,2,4,1,1,30,4096,288,41,QPSK,"A=41, CRC24C, Polar E=108",comb-4 on both CORESET symbols,estimated,matched/physical 2D time-frequency LMMSE; per-PRG for cycling,coherent QPSK LLR; MRC when n_rx>1,CRC24C/RNTI mask; Sionna Polar hybrid CA-SCL list 8,unit total transmit power per active RE,Es/N0: total transmit power per active RE divided by noise variance of each Rx branch; no n_rx scaling,C300_GEO_T1_CTRL_BAL_PAIR,GEO_T1_CTRL,,"[0,2,6,14]","[0,1851.851852,5555.555556,12962.962963]",cdd,0.01,,,,unqualified,not estimated: No adjacent raw bracket with width <= 0.25 dB.,C300_PRG_DFT4_6REG,precoder cycling present,,baseline target SNR - candidate target SNR; positive means candidate needs less SNR,outputs/experiment031_pdcch_cdd/20260907_c300_4tx_2sym/analysis/target_snr.csv,
31,PDCCH_C300_4T1R_2sym_AL1_estimated_A41,result-031,executed; awaiting researcher confirmation,PDCCH,Sionna 1.0.2 TDL-C,300,4,3,48,3,2,4,1,1,30,4096,288,41,QPSK,"A=41, CRC24C, Polar E=108",comb-4 on both CORESET symbols,estimated,matched/physical 2D time-frequency LMMSE; per-PRG for cycling,coherent QPSK LLR; MRC when n_rx>1,CRC24C/RNTI mask; Sionna Polar hybrid CA-SCL list 8,unit total transmit power per active RE,Es/N0: total transmit power per active RE divided by noise variance of each Rx branch; no n_rx scaling,C300_GEO_T1_CTRL_FOLD,GEO_T1_CTRL,,"[0,2,5,16]","[0,1851.851852,4629.62963,14814.814815]",cdd,0.01,,,,unqualified,not estimated: Target is not double-sided bracketed.,C300_PRG_DFT4_6REG,precoder cycling present,,baseline target SNR - candidate target SNR; positive means candidate needs less SNR,outputs/experiment031_pdcch_cdd/20260907_c300_4tx_2sym/analysis/target_snr.csv,
31,PDCCH_C300_4T1R_2sym_AL1_estimated_A41,result-031,executed; awaiting researcher confirmation,PDCCH,Sionna 1.0.2 TDL-C,300,4,3,48,3,2,4,1,1,30,4096,288,41,QPSK,"A=41, CRC24C, Polar E=108",comb-4 on both CORESET symbols,estimated,matched/physical 2D time-frequency LMMSE; per-PRG for cycling,coherent QPSK LLR; MRC when n_rx>1,CRC24C/RNTI mask; Sionna Polar hybrid CA-SCL list 8,unit total transmit power per active RE,Es/N0: total transmit power per active RE divided by noise variance of each Rx branch; no n_rx scaling,C300_PRG_DFT4_6REG,PRG_DFT,physical_prg,,,reg_bundle_dft_cycling,0.01,16.924133,16.841796,17.035704,bracketed,Jeffreys-smoothed weighted decreasing isotonic curve; local log10-BLER interpolation; raw adjacent bracket <=0.25 dB,C300_PRG_DFT4_6REG,precoder cycling present,0,baseline target SNR - candidate target SNR; positive means candidate needs less SNR,outputs/experiment031_pdcch_cdd/20260907_c300_4tx_2sym/analysis/target_snr.csv;outputs/experiment031_pdcch_cdd/20260914_c300_al1_cdd911/analysis/target_snr.csv,Rows with blank target failed the <=0.25 dB bracket rule and are not extrapolated.; duplicate curve reused; not an independent rerun
31,PDCCH_C300_4T1R_2sym_AL1_estimated_A41,result-031,executed; awaiting researcher confirmation,PDCCH,Sionna 1.0.2 TDL-C,300,4,3,48,3,2,4,1,1,30,4096,288,41,QPSK,"A=41, CRC24C, Polar E=108",comb-4 on both CORESET symbols,estimated,matched/physical 2D time-frequency LMMSE; per-PRG for cycling,coherent QPSK LLR; MRC when n_rx>1,CRC24C/RNTI mask; Sionna Polar hybrid CA-SCL list 8,unit total transmit power per active RE,Es/N0: total transmit power per active RE divided by noise variance of each Rx branch; no n_rx scaling,C300_S0_SIDON,S0_SIDON,,"[0,1,3,7]","[0,925.925926,2777.777778,6481.481481]",cdd,0.01,12.788987,12.658971,12.923932,bracketed,Jeffreys-smoothed weighted decreasing isotonic curve; local log10-BLER interpolation; raw adjacent bracket <=0.25 dB,C300_PRG_DFT4_6REG,precoder cycling present,4.135146,baseline target SNR - candidate target SNR; positive means candidate needs less SNR,outputs/experiment031_pdcch_cdd/20260907_c300_4tx_2sym/analysis/target_snr.csv;outputs/experiment031_pdcch_cdd/20260914_c300_al1_cdd911/analysis/target_snr.csv,Rows with blank target failed the <=0.25 dB bracket rule and are not extrapolated.; duplicate curve reused; not an independent rerun
31,PDCCH_C300_4T1R_2sym_AL1_estimated_A41,result-031,executed; awaiting researcher confirmation,PDCCH,Sionna 1.0.2 TDL-C; independent Rx branches,300,4,3,48,3,2,4,1,1,30,4096,288,41,QPSK,"A=41, CRC24C, Polar E=108",comb-4 on both CORESET symbols; 18 DMRS RE,estimated,"per-Rx 2D time-frequency LMMSE, then coherent MRC",coherent QPSK LLR; MRC when n_rx>1,CRC24C/RNTI mask; Sionna Polar hybrid CA-SCL list 8,unit total transmit power per active RE,Es/N0: total transmit power per active RE divided by noise variance of each Rx branch; no n_rx scaling,C300_S0_SIDON_TRANSPARENT,CDD,transparent physical covariance,,"[0,925.925926,2777.777778,6481.481481]",CDD with explicit physical delays,0.01,,,,unqualified,not estimated: No adjacent raw bracket with width <= 0.25 dB.,C300_PRG_DFT4_6REG,precoder cycling present,,baseline target SNR - candidate target SNR; positive means candidate needs less SNR,outputs/experiment031_pdcch_cdd/20260914_c300_al1_cdd911/analysis/target_snr.csv,Rows with blank target failed the <=0.25 dB bracket rule and are not extrapolated.
31,PDCCH_C300_4T1R_2sym_AL1_estimated_A41,result-031,executed; awaiting researcher confirmation,PDCCH,Sionna 1.0.2 TDL-C,300,4,3,48,3,2,4,1,1,30,4096,288,41,QPSK,"A=41, CRC24C, Polar E=108",PDCCH DMRS; comb-3/REG for 1-symbol A100 or comb-4 on both symbols for C300,estimated,candidate-matched frequency or 2D time-frequency LMMSE,coherent QPSK LLR; MRC when n_rx>1,CRC24C/RNTI mask; Sionna Polar hybrid CA-SCL list 8,unit total transmit power per active RE,Es/N0: total transmit power per active RE divided by noise variance of each Rx branch; no n_rx scaling,C300_SIDON4_AL1_04,STRICT_SIDON,non-transparent; matched effective covariance,"[0,1,4,6]","[0,925.925926,3703.703704,5555.555556]",cdd,0.01,11.805104,11.693503,11.91177,bracketed,Jeffreys-smoothed weighted decreasing isotonic; local log10-BLER interpolation,C300_PRG_DFT4_6REG,precoder cycling present,5.119029,baseline target SNR - candidate target SNR; positive means candidate needs less SNR,outputs/experiment031_pdcch_cdd/20260908_strict_sidon_search/fine_analysis/target_snr.csv,gain combines source target estimates produced by different crossing methods
31,PDCCH_C300_4T1R_2sym_AL1_estimated_A41,result-031,executed; awaiting researcher confirmation,PDCCH,Sionna 1.0.2 TDL-C,300,4,3,48,3,2,4,1,1,30,4096,288,41,QPSK,"A=41, CRC24C, Polar E=108",comb-4 on both CORESET symbols,estimated,matched/physical 2D time-frequency LMMSE; per-PRG for cycling,coherent QPSK LLR; MRC when n_rx>1,CRC24C/RNTI mask; Sionna Polar hybrid CA-SCL list 8,unit total transmit power per active RE,Es/N0: total transmit power per active RE divided by noise variance of each Rx branch; no n_rx scaling,C300_SMALL_CDD_QSTEP0P25_MATCHED_CDD,SMALL_CDD,matched_effective,"[0,0.015625,0.03125,0.046875]","[0,14.467593,28.935185,43.402778]",cdd,0.01,16.858774,16.703829,17.039778,bracketed,Jeffreys-smoothed weighted decreasing isotonic curve; local log10-BLER interpolation; raw adjacent bracket <=0.25 dB,C300_PRG_DFT4_6REG,precoder cycling present,0.065359,baseline target SNR - candidate target SNR; positive means candidate needs less SNR,outputs/experiment031_pdcch_cdd/20260907_c300_4tx_2sym/analysis/target_snr.csv,
31,PDCCH_C300_4T1R_2sym_AL1_estimated_A41,result-031,executed; awaiting researcher confirmation,PDCCH,Sionna 1.0.2 TDL-C,300,4,3,48,3,2,4,1,1,30,4096,288,41,QPSK,"A=41, CRC24C, Polar E=108",comb-4 on both CORESET symbols,estimated,matched/physical 2D time-frequency LMMSE; per-PRG for cycling,coherent QPSK LLR; MRC when n_rx>1,CRC24C/RNTI mask; Sionna Polar hybrid CA-SCL list 8,unit total transmit power per active RE,Es/N0: total transmit power per active RE divided by noise variance of each Rx branch; no n_rx scaling,C300_SMALL_CDD_QSTEP0P25_TRANSPARENT_CDD,SMALL_CDD,physical_fullband,"[0,0.015625,0.03125,0.046875]","[0,14.467593,28.935185,43.402778]",cdd,0.01,16.991682,16.895281,17.29321,bracketed,Jeffreys-smoothed weighted decreasing isotonic curve; local log10-BLER interpolation; raw adjacent bracket <=0.25 dB,C300_PRG_DFT4_6REG,precoder cycling present,-0.067549,baseline target SNR - candidate target SNR; positive means candidate needs less SNR,outputs/experiment031_pdcch_cdd/20260907_c300_4tx_2sym/analysis/target_snr.csv,
31,PDCCH_C300_4T1R_2sym_AL1_estimated_A41,result-031,executed; awaiting researcher confirmation,PDCCH,Sionna 1.0.2 TDL-C; independent Rx branches,300,4,3,48,3,2,4,1,1,30,4096,288,41,QPSK,"A=41, CRC24C, Polar E=108",comb-4 on both CORESET symbols; 18 DMRS RE,estimated,"per-Rx 2D time-frequency LMMSE, then coherent MRC",coherent QPSK LLR; MRC when n_rx>1,CRC24C/RNTI mask; Sionna Polar hybrid CA-SCL list 8,unit total transmit power per active RE,Es/N0: total transmit power per active RE divided by noise variance of each Rx branch; no n_rx scaling,CDD130_transparent,CDD,transparent physical covariance,,"[0,0,130,130]",CDD with explicit physical delays,0.01,,,,unqualified,not estimated: No adjacent raw bracket with width <= 0.25 dB.,C300_PRG_DFT4_6REG,precoder cycling present,,baseline target SNR - candidate target SNR; positive means candidate needs less SNR,outputs/experiment031_pdcch_cdd/20260914_c300_al1_cdd911/analysis/target_snr.csv,Rows with blank target failed the <=0.25 dB bracket rule and are not extrapolated.
31,PDCCH_C300_4T1R_2sym_AL1_estimated_A41,result-031,executed; awaiting researcher confirmation,PDCCH,Sionna 1.0.2 TDL-C; independent Rx branches,300,4,3,48,3,2,4,1,1,30,4096,288,41,QPSK,"A=41, CRC24C, Polar E=108",comb-4 on both CORESET symbols; 18 DMRS RE,estimated,"per-Rx 2D time-frequency LMMSE, then coherent MRC",coherent QPSK LLR; MRC when n_rx>1,CRC24C/RNTI mask; Sionna Polar hybrid CA-SCL list 8,unit total transmit power per active RE,Es/N0: total transmit power per active RE divided by noise variance of each Rx branch; no n_rx scaling,CDD911,CDD,non-transparent matched covariance,,"[0,0,911,911]",CDD with explicit physical delays,0.01,14.315853,14.169213,14.443448,bracketed,Jeffreys-smoothed weighted decreasing isotonic curve; local log10-BLER interpolation; raw adjacent bracket <=0.25 dB,C300_PRG_DFT4_6REG,precoder cycling present,2.60828,baseline target SNR - candidate target SNR; positive means candidate needs less SNR,outputs/experiment031_pdcch_cdd/20260914_c300_al1_cdd911/analysis/target_snr.csv,Rows with blank target failed the <=0.25 dB bracket rule and are not extrapolated.
31,PDCCH_C300_4T1R_2sym_AL1_estimated_A41,result-031,executed; awaiting researcher confirmation,PDCCH,Sionna 1.0.2 TDL-C; independent Rx branches,300,4,3,48,3,2,4,1,1,30,4096,288,41,QPSK,"A=41, CRC24C, Polar E=108",comb-4 on both CORESET symbols; 18 DMRS RE,estimated,"per-Rx 2D time-frequency LMMSE, then coherent MRC",coherent QPSK LLR; MRC when n_rx>1,CRC24C/RNTI mask; Sionna Polar hybrid CA-SCL list 8,unit total transmit power per active RE,Es/N0: total transmit power per active RE divided by noise variance of each Rx branch; no n_rx scaling,CDD911_transparent,CDD,transparent physical covariance,,"[0,0,911,911]",CDD with explicit physical delays,0.01,,,,unqualified,not estimated: No adjacent raw bracket with width <= 0.25 dB.,C300_PRG_DFT4_6REG,precoder cycling present,,baseline target SNR - candidate target SNR; positive means candidate needs less SNR,outputs/experiment031_pdcch_cdd/20260914_c300_al1_cdd911/analysis/target_snr.csv,Rows with blank target failed the <=0.25 dB bracket rule and are not extrapolated.
31,PDCCH_C300_4T1R_2sym_AL1_estimated_A41,result-031,executed; awaiting researcher confirmation,PDCCH,Sionna 1.0.2 TDL-C,300,4,3,48,3,2,4,1,1,30,4096,288,41,QPSK,"A=41, CRC24C, Polar E=108",comb-4 on both CORESET symbols,estimated,matched/physical 2D time-frequency LMMSE; per-PRG for cycling,coherent QPSK LLR; MRC when n_rx>1,CRC24C/RNTI mask; Sionna Polar hybrid CA-SCL list 8,unit total transmit power per active RE,Es/N0: total transmit power per active RE divided by noise variance of each Rx branch; no n_rx scaling,C300_AP_RMS_T1,AP_RMS_T1,,"[0,0.324,0.648,0.972]","[0,300,600,900]",cdd,0.1,9.55074,9.394454,9.751417,bracketed,Jeffreys-smoothed weighted decreasing isotonic curve; local log10-BLER interpolation; raw adjacent bracket <=0.25 dB,C300_PRG_DFT4_6REG,precoder cycling present,1.295013,baseline target SNR - candidate target SNR; positive means candidate needs less SNR,outputs/experiment031_pdcch_cdd/20260907_c300_4tx_2sym/analysis/target_snr.csv,
31,PDCCH_C300_4T1R_2sym_AL1_estimated_A41,result-031,executed; awaiting researcher confirmation,PDCCH,Sionna 1.0.2 TDL-C,300,4,3,48,3,2,4,1,1,30,4096,288,41,QPSK,"A=41, CRC24C, Polar E=108",comb-4 on both CORESET symbols,estimated,matched/physical 2D time-frequency LMMSE; per-PRG for cycling,coherent QPSK LLR; MRC when n_rx>1,CRC24C/RNTI mask; Sionna Polar hybrid CA-SCL list 8,unit total transmit power per active RE,Es/N0: total transmit power per active RE divided by noise variance of each Rx branch; no n_rx scaling,C300_AP_TEPS_T1,AP_TEPS_T1,,"[0,2.043306,4.086612,6.129918]","[0,1891.95,3783.9,5675.85]",cdd,0.1,8.44146,8.381441,8.52557,bracketed,Jeffreys-smoothed weighted decreasing isotonic curve; local log10-BLER interpolation; raw adjacent bracket <=0.25 dB,C300_PRG_DFT4_6REG,precoder cycling present,2.404293,baseline target SNR - candidate target SNR; positive means candidate needs less SNR,outputs/experiment031_pdcch_cdd/20260907_c300_4tx_2sym/analysis/target_snr.csv,
31,PDCCH_C300_4T1R_2sym_AL1_estimated_A41,result-031,executed; awaiting researcher confirmation,PDCCH,Sionna 1.0.2 TDL-C,300,4,3,48,3,2,4,1,1,30,4096,288,41,QPSK,"A=41, CRC24C, Polar E=108",comb-4 on both CORESET symbols,estimated,matched/physical 2D time-frequency LMMSE; per-PRG for cycling,coherent QPSK LLR; MRC when n_rx>1,CRC24C/RNTI mask; Sionna Polar hybrid CA-SCL list 8,unit total transmit power per active RE,Es/N0: total transmit power per active RE divided by noise variance of each Rx branch; no n_rx scaling,C300_B0_QC,B0_QC,,"[0,0.5625,1.125,1.6875]","[0,520.833333,1041.666667,1562.5]",cdd,0.1,8.973671,8.86064,9.063912,bracketed,Jeffreys-smoothed weighted decreasing isotonic curve; local log10-BLER interpolation; raw adjacent bracket <=0.25 dB,C300_PRG_DFT4_6REG,precoder cycling present,1.872082,baseline target SNR - candidate target SNR; positive means candidate needs less SNR,outputs/experiment031_pdcch_cdd/20260907_c300_4tx_2sym/analysis/target_snr.csv,
31,PDCCH_C300_4T1R_2sym_AL1_estimated_A41,result-031,executed; awaiting researcher confirmation,PDCCH,Sionna 1.0.2 TDL-C,300,4,3,48,3,2,4,1,1,30,4096,288,41,QPSK,"A=41, CRC24C, Polar E=108",comb-4 on both CORESET symbols,estimated,matched/physical 2D time-frequency LMMSE; per-PRG for cycling,coherent QPSK LLR; MRC when n_rx>1,CRC24C/RNTI mask; Sionna Polar hybrid CA-SCL list 8,unit total transmit power per active RE,Es/N0: total transmit power per active RE divided by noise variance of each Rx branch; no n_rx scaling,C300_GEO_T1_CTRL_BAL_PAIR,GEO_T1_CTRL,,"[0,2,6,14]","[0,1851.851852,5555.555556,12962.962963]",cdd,0.1,9.535634,9.433662,9.602966,bracketed,Jeffreys-smoothed weighted decreasing isotonic curve; local log10-BLER interpolation; raw adjacent bracket <=0.25 dB,C300_PRG_DFT4_6REG,precoder cycling present,1.310119,baseline target SNR - candidate target SNR; positive means candidate needs less SNR,outputs/experiment031_pdcch_cdd/20260907_c300_4tx_2sym/analysis/target_snr.csv,
31,PDCCH_C300_4T1R_2sym_AL1_estimated_A41,result-031,executed; awaiting researcher confirmation,PDCCH,Sionna 1.0.2 TDL-C,300,4,3,48,3,2,4,1,1,30,4096,288,41,QPSK,"A=41, CRC24C, Polar E=108",comb-4 on both CORESET symbols,estimated,matched/physical 2D time-frequency LMMSE; per-PRG for cycling,coherent QPSK LLR; MRC when n_rx>1,CRC24C/RNTI mask; Sionna Polar hybrid CA-SCL list 8,unit total transmit power per active RE,Es/N0: total transmit power per active RE divided by noise variance of each Rx branch; no n_rx scaling,C300_GEO_T1_CTRL_FOLD,GEO_T1_CTRL,,"[0,2,5,16]","[0,1851.851852,4629.62963,14814.814815]",cdd,0.1,9.139216,9.044263,9.267903,bracketed,Jeffreys-smoothed weighted decreasing isotonic curve; local log10-BLER interpolation; raw adjacent bracket <=0.25 dB,C300_PRG_DFT4_6REG,precoder cycling present,1.706537,baseline target SNR - candidate target SNR; positive means candidate needs less SNR,outputs/experiment031_pdcch_cdd/20260907_c300_4tx_2sym/analysis/target_snr.csv,
31,PDCCH_C300_4T1R_2sym_AL1_estimated_A41,result-031,executed; awaiting researcher confirmation,PDCCH,Sionna 1.0.2 TDL-C,300,4,3,48,3,2,4,1,1,30,4096,288,41,QPSK,"A=41, CRC24C, Polar E=108",comb-4 on both CORESET symbols,estimated,matched/physical 2D time-frequency LMMSE; per-PRG for cycling,coherent QPSK LLR; MRC when n_rx>1,CRC24C/RNTI mask; Sionna Polar hybrid CA-SCL list 8,unit total transmit power per active RE,Es/N0: total transmit power per active RE divided by noise variance of each Rx branch; no n_rx scaling,C300_PRG_DFT4_6REG,PRG_DFT,physical_prg,,,reg_bundle_dft_cycling,0.1,10.845753,10.674736,11.042274,bracketed,Jeffreys-smoothed weighted decreasing isotonic curve; local log10-BLER interpolation; raw adjacent bracket <=0.25 dB,C300_PRG_DFT4_6REG,precoder cycling present,0,baseline target SNR - candidate target SNR; positive means candidate needs less SNR,outputs/experiment031_pdcch_cdd/20260907_c300_4tx_2sym/analysis/target_snr.csv;outputs/experiment031_pdcch_cdd/20260914_c300_al1_cdd911/analysis/target_snr.csv,Rows with blank target failed the <=0.25 dB bracket rule and are not extrapolated.; duplicate curve reused; not an independent rerun
31,PDCCH_C300_4T1R_2sym_AL1_estimated_A41,result-031,executed; awaiting researcher confirmation,PDCCH,Sionna 1.0.2 TDL-C,300,4,3,48,3,2,4,1,1,30,4096,288,41,QPSK,"A=41, CRC24C, Polar E=108",comb-4 on both CORESET symbols,estimated,matched/physical 2D time-frequency LMMSE; per-PRG for cycling,coherent QPSK LLR; MRC when n_rx>1,CRC24C/RNTI mask; Sionna Polar hybrid CA-SCL list 8,unit total transmit power per active RE,Es/N0: total transmit power per active RE divided by noise variance of each Rx branch; no n_rx scaling,C300_S0_SIDON,S0_SIDON,,"[0,1,3,7]","[0,925.925926,2777.777778,6481.481481]",cdd,0.1,8.503943,8.417552,8.619168,bracketed,Jeffreys-smoothed weighted decreasing isotonic curve; local log10-BLER interpolation; raw adjacent bracket <=0.25 dB,C300_PRG_DFT4_6REG,precoder cycling present,2.34181,baseline target SNR - candidate target SNR; positive means candidate needs less SNR,outputs/experiment031_pdcch_cdd/20260907_c300_4tx_2sym/analysis/target_snr.csv;outputs/experiment031_pdcch_cdd/20260914_c300_al1_cdd911/analysis/target_snr.csv,Rows with blank target failed the <=0.25 dB bracket rule and are not extrapolated.; duplicate curve reused; not an independent rerun
31,PDCCH_C300_4T1R_2sym_AL1_estimated_A41,result-031,executed; awaiting researcher confirmation,PDCCH,Sionna 1.0.2 TDL-C; independent Rx branches,300,4,3,48,3,2,4,1,1,30,4096,288,41,QPSK,"A=41, CRC24C, Polar E=108",comb-4 on both CORESET symbols; 18 DMRS RE,estimated,"per-Rx 2D time-frequency LMMSE, then coherent MRC",coherent QPSK LLR; MRC when n_rx>1,CRC24C/RNTI mask; Sionna Polar hybrid CA-SCL list 8,unit total transmit power per active RE,Es/N0: total transmit power per active RE divided by noise variance of each Rx branch; no n_rx scaling,C300_S0_SIDON_TRANSPARENT,CDD,transparent physical covariance,,"[0,925.925926,2777.777778,6481.481481]",CDD with explicit physical delays,0.1,,,,unqualified,not estimated: No adjacent raw bracket with width <= 0.25 dB.,C300_PRG_DFT4_6REG,precoder cycling present,,baseline target SNR - candidate target SNR; positive means candidate needs less SNR,outputs/experiment031_pdcch_cdd/20260914_c300_al1_cdd911/analysis/target_snr.csv,Rows with blank target failed the <=0.25 dB bracket rule and are not extrapolated.
31,PDCCH_C300_4T1R_2sym_AL1_estimated_A41,result-031,executed; awaiting researcher confirmation,PDCCH,Sionna 1.0.2 TDL-C,300,4,3,48,3,2,4,1,1,30,4096,288,41,QPSK,"A=41, CRC24C, Polar E=108",PDCCH DMRS; comb-3/REG for 1-symbol A100 or comb-4 on both symbols for C300,estimated,candidate-matched frequency or 2D time-frequency LMMSE,coherent QPSK LLR; MRC when n_rx>1,CRC24C/RNTI mask; Sionna Polar hybrid CA-SCL list 8,unit total transmit power per active RE,Es/N0: total transmit power per active RE divided by noise variance of each Rx branch; no n_rx scaling,C300_SIDON4_AL1_04,STRICT_SIDON,non-transparent; matched effective covariance,"[0,1,4,6]","[0,925.925926,3703.703704,5555.555556]",cdd,0.1,8.196692,8.13415,8.280701,bracketed,Jeffreys-smoothed weighted decreasing isotonic; local log10-BLER interpolation,C300_PRG_DFT4_6REG,precoder cycling present,2.649061,baseline target SNR - candidate target SNR; positive means candidate needs less SNR,outputs/experiment031_pdcch_cdd/20260908_strict_sidon_search/fine_analysis/target_snr.csv,gain combines source target estimates produced by different crossing methods
31,PDCCH_C300_4T1R_2sym_AL1_estimated_A41,result-031,executed; awaiting researcher confirmation,PDCCH,Sionna 1.0.2 TDL-C,300,4,3,48,3,2,4,1,1,30,4096,288,41,QPSK,"A=41, CRC24C, Polar E=108",comb-4 on both CORESET symbols,estimated,matched/physical 2D time-frequency LMMSE; per-PRG for cycling,coherent QPSK LLR; MRC when n_rx>1,CRC24C/RNTI mask; Sionna Polar hybrid CA-SCL list 8,unit total transmit power per active RE,Es/N0: total transmit power per active RE divided by noise variance of each Rx branch; no n_rx scaling,C300_SMALL_CDD_QSTEP0P25_MATCHED_CDD,SMALL_CDD,matched_effective,"[0,0.015625,0.03125,0.046875]","[0,14.467593,28.935185,43.402778]",cdd,0.1,10.81937,10.688613,10.945905,bracketed,Jeffreys-smoothed weighted decreasing isotonic curve; local log10-BLER interpolation; raw adjacent bracket <=0.25 dB,C300_PRG_DFT4_6REG,precoder cycling present,0.026383,baseline target SNR - candidate target SNR; positive means candidate needs less SNR,outputs/experiment031_pdcch_cdd/20260907_c300_4tx_2sym/analysis/target_snr.csv,
31,PDCCH_C300_4T1R_2sym_AL1_estimated_A41,result-031,executed; awaiting researcher confirmation,PDCCH,Sionna 1.0.2 TDL-C,300,4,3,48,3,2,4,1,1,30,4096,288,41,QPSK,"A=41, CRC24C, Polar E=108",comb-4 on both CORESET symbols,estimated,matched/physical 2D time-frequency LMMSE; per-PRG for cycling,coherent QPSK LLR; MRC when n_rx>1,CRC24C/RNTI mask; Sionna Polar hybrid CA-SCL list 8,unit total transmit power per active RE,Es/N0: total transmit power per active RE divided by noise variance of each Rx branch; no n_rx scaling,C300_SMALL_CDD_QSTEP0P25_TRANSPARENT_CDD,SMALL_CDD,physical_fullband,"[0,0.015625,0.03125,0.046875]","[0,14.467593,28.935185,43.402778]",cdd,0.1,10.869983,10.769302,10.955749,bracketed,Jeffreys-smoothed weighted decreasing isotonic curve; local log10-BLER interpolation; raw adjacent bracket <=0.25 dB,C300_PRG_DFT4_6REG,precoder cycling present,-0.02423,baseline target SNR - candidate target SNR; positive means candidate needs less SNR,outputs/experiment031_pdcch_cdd/20260907_c300_4tx_2sym/analysis/target_snr.csv,
31,PDCCH_C300_4T1R_2sym_AL1_estimated_A41,result-031,executed; awaiting researcher confirmation,PDCCH,Sionna 1.0.2 TDL-C; independent Rx branches,300,4,3,48,3,2,4,1,1,30,4096,288,41,QPSK,"A=41, CRC24C, Polar E=108",comb-4 on both CORESET symbols; 18 DMRS RE,estimated,"per-Rx 2D time-frequency LMMSE, then coherent MRC",coherent QPSK LLR; MRC when n_rx>1,CRC24C/RNTI mask; Sionna Polar hybrid CA-SCL list 8,unit total transmit power per active RE,Es/N0: total transmit power per active RE divided by noise variance of each Rx branch; no n_rx scaling,CDD130_transparent,CDD,transparent physical covariance,,"[0,0,130,130]",CDD with explicit physical delays,0.1,,,,unqualified,not estimated: No adjacent raw bracket with width <= 0.25 dB.,C300_PRG_DFT4_6REG,precoder cycling present,,baseline target SNR - candidate target SNR; positive means candidate needs less SNR,outputs/experiment031_pdcch_cdd/20260914_c300_al1_cdd911/analysis/target_snr.csv,Rows with blank target failed the <=0.25 dB bracket rule and are not extrapolated.
31,PDCCH_C300_4T1R_2sym_AL1_estimated_A41,result-031,executed; awaiting researcher confirmation,PDCCH,Sionna 1.0.2 TDL-C; independent Rx branches,300,4,3,48,3,2,4,1,1,30,4096,288,41,QPSK,"A=41, CRC24C, Polar E=108",comb-4 on both CORESET symbols; 18 DMRS RE,estimated,"per-Rx 2D time-frequency LMMSE, then coherent MRC",coherent QPSK LLR; MRC when n_rx>1,CRC24C/RNTI mask; Sionna Polar hybrid CA-SCL list 8,unit total transmit power per active RE,Es/N0: total transmit power per active RE divided by noise variance of each Rx branch; no n_rx scaling,CDD911,CDD,non-transparent matched covariance,,"[0,0,911,911]",CDD with explicit physical delays,0.1,9.236478,8.975078,9.323997,bracketed,Jeffreys-smoothed weighted decreasing isotonic curve; local log10-BLER interpolation; raw adjacent bracket <=0.25 dB,C300_PRG_DFT4_6REG,precoder cycling present,1.609275,baseline target SNR - candidate target SNR; positive means candidate needs less SNR,outputs/experiment031_pdcch_cdd/20260914_c300_al1_cdd911/analysis/target_snr.csv,Rows with blank target failed the <=0.25 dB bracket rule and are not extrapolated.
31,PDCCH_C300_4T1R_2sym_AL1_estimated_A41,result-031,executed; awaiting researcher confirmation,PDCCH,Sionna 1.0.2 TDL-C; independent Rx branches,300,4,3,48,3,2,4,1,1,30,4096,288,41,QPSK,"A=41, CRC24C, Polar E=108",comb-4 on both CORESET symbols; 18 DMRS RE,estimated,"per-Rx 2D time-frequency LMMSE, then coherent MRC",coherent QPSK LLR; MRC when n_rx>1,CRC24C/RNTI mask; Sionna Polar hybrid CA-SCL list 8,unit total transmit power per active RE,Es/N0: total transmit power per active RE divided by noise variance of each Rx branch; no n_rx scaling,CDD911_transparent,CDD,transparent physical covariance,,"[0,0,911,911]",CDD with explicit physical delays,0.1,,,,unqualified,not estimated: No adjacent raw bracket with width <= 0.25 dB.,C300_PRG_DFT4_6REG,precoder cycling present,,baseline target SNR - candidate target SNR; positive means candidate needs less SNR,outputs/experiment031_pdcch_cdd/20260914_c300_al1_cdd911/analysis/target_snr.csv,Rows with blank target failed the <=0.25 dB bracket rule and are not extrapolated.
31,PDCCH_C300_4T1R_2sym_AL1_ideal_A41,result-031,executed; awaiting researcher confirmation,PDCCH,Sionna 1.0.2 TDL-C,300,4,3,48,3,2,4,1,1,30,4096,288,41,QPSK,"A=41, CRC24C, Polar E=108",comb-4 on both CORESET symbols,ideal,true data-RE effective channel,coherent QPSK LLR; MRC when n_rx>1,CRC24C/RNTI mask; Sionna Polar hybrid CA-SCL list 8,unit total transmit power per active RE,Es/N0: total transmit power per active RE divided by noise variance of each Rx branch; no n_rx scaling,C300_AP_RMS_T1,AP_RMS_T1,ideal CSI,"[0,0.324,0.648,0.972]","[0,300,600,900]",cdd,0.01,13.279908,12.967527,13.466321,bracketed,Jeffreys-smoothed weighted decreasing isotonic curve; local log10-BLER interpolation; raw adjacent bracket <=0.25 dB,C300_PRG_DFT4_6REG,precoder cycling present,2.227772,baseline target SNR - candidate target SNR; positive means candidate needs less SNR,outputs/experiment031_pdcch_cdd/20260910_c300_4tx_2sym_ideal_csi/analysis/target_snr.csv,
31,PDCCH_C300_4T1R_2sym_AL1_ideal_A41,result-031,executed; awaiting researcher confirmation,PDCCH,Sionna 1.0.2 TDL-C,300,4,3,48,3,2,4,1,1,30,4096,288,41,QPSK,"A=41, CRC24C, Polar E=108",comb-4 on both CORESET symbols,ideal,true data-RE effective channel,coherent QPSK LLR; MRC when n_rx>1,CRC24C/RNTI mask; Sionna Polar hybrid CA-SCL list 8,unit total transmit power per active RE,Es/N0: total transmit power per active RE divided by noise variance of each Rx branch; no n_rx scaling,C300_AP_TEPS_T1,AP_TEPS_T1,ideal CSI,"[0,2.043306,4.086612,6.129918]","[0,1891.95,3783.9,5675.85]",cdd,0.01,9.517802,9.429871,9.591594,bracketed,Jeffreys-smoothed weighted decreasing isotonic curve; local log10-BLER interpolation; raw adjacent bracket <=0.25 dB,C300_PRG_DFT4_6REG,precoder cycling present,5.989878,baseline target SNR - candidate target SNR; positive means candidate needs less SNR,outputs/experiment031_pdcch_cdd/20260910_c300_4tx_2sym_ideal_csi/analysis/target_snr.csv,
31,PDCCH_C300_4T1R_2sym_AL1_ideal_A41,result-031,executed; awaiting researcher confirmation,PDCCH,Sionna 1.0.2 TDL-C,300,4,3,48,3,2,4,1,1,30,4096,288,41,QPSK,"A=41, CRC24C, Polar E=108",comb-4 on both CORESET symbols,ideal,true data-RE effective channel,coherent QPSK LLR; MRC when n_rx>1,CRC24C/RNTI mask; Sionna Polar hybrid CA-SCL list 8,unit total transmit power per active RE,Es/N0: total transmit power per active RE divided by noise variance of each Rx branch; no n_rx scaling,C300_B0_QC,B0_QC,ideal CSI,"[0,0.5625,1.125,1.6875]","[0,520.833333,1041.666667,1562.5]",cdd,0.01,12.002309,11.808818,12.094535,bracketed,Jeffreys-smoothed weighted decreasing isotonic curve; local log10-BLER interpolation; raw adjacent bracket <=0.25 dB,C300_PRG_DFT4_6REG,precoder cycling present,3.505371,baseline target SNR - candidate target SNR; positive means candidate needs less SNR,outputs/experiment031_pdcch_cdd/20260910_c300_4tx_2sym_ideal_csi/analysis/target_snr.csv,
31,PDCCH_C300_4T1R_2sym_AL1_ideal_A41,result-031,executed; awaiting researcher confirmation,PDCCH,Sionna 1.0.2 TDL-C,300,4,3,48,3,2,4,1,1,30,4096,288,41,QPSK,"A=41, CRC24C, Polar E=108",comb-4 on both CORESET symbols,ideal,true data-RE effective channel,coherent QPSK LLR; MRC when n_rx>1,CRC24C/RNTI mask; Sionna Polar hybrid CA-SCL list 8,unit total transmit power per active RE,Es/N0: total transmit power per active RE divided by noise variance of each Rx branch; no n_rx scaling,C300_GEO_T1_CTRL_BAL_PAIR,GEO_T1_CTRL,ideal CSI,"[0,2,6,14]","[0,1851.851852,5555.555556,12962.962963]",cdd,0.01,9.098073,8.955447,9.220479,bracketed,Jeffreys-smoothed weighted decreasing isotonic curve; local log10-BLER interpolation; raw adjacent bracket <=0.25 dB,C300_PRG_DFT4_6REG,precoder cycling present,6.409607,baseline target SNR - candidate target SNR; positive means candidate needs less SNR,outputs/experiment031_pdcch_cdd/20260910_c300_4tx_2sym_ideal_csi/analysis/target_snr.csv,
31,PDCCH_C300_4T1R_2sym_AL1_ideal_A41,result-031,executed; awaiting researcher confirmation,PDCCH,Sionna 1.0.2 TDL-C,300,4,3,48,3,2,4,1,1,30,4096,288,41,QPSK,"A=41, CRC24C, Polar E=108",comb-4 on both CORESET symbols,ideal,true data-RE effective channel,coherent QPSK LLR; MRC when n_rx>1,CRC24C/RNTI mask; Sionna Polar hybrid CA-SCL list 8,unit total transmit power per active RE,Es/N0: total transmit power per active RE divided by noise variance of each Rx branch; no n_rx scaling,C300_GEO_T1_CTRL_FOLD,GEO_T1_CTRL,ideal CSI,"[0,2,5,16]","[0,1851.851852,4629.62963,14814.814815]",cdd,0.01,9.146083,9.091192,9.202552,bracketed,Jeffreys-smoothed weighted decreasing isotonic curve; local log10-BLER interpolation; raw adjacent bracket <=0.25 dB,C300_PRG_DFT4_6REG,precoder cycling present,6.361597,baseline target SNR - candidate target SNR; positive means candidate needs less SNR,outputs/experiment031_pdcch_cdd/20260910_c300_4tx_2sym_ideal_csi/analysis/target_snr.csv,
31,PDCCH_C300_4T1R_2sym_AL1_ideal_A41,result-031,executed; awaiting researcher confirmation,PDCCH,Sionna 1.0.2 TDL-C,300,4,3,48,3,2,4,1,1,30,4096,288,41,QPSK,"A=41, CRC24C, Polar E=108",comb-4 on both CORESET symbols,ideal,true data-RE effective channel,coherent QPSK LLR; MRC when n_rx>1,CRC24C/RNTI mask; Sionna Polar hybrid CA-SCL list 8,unit total transmit power per active RE,Es/N0: total transmit power per active RE divided by noise variance of each Rx branch; no n_rx scaling,C300_PRG_DFT4_6REG,PRG_DFT,ideal CSI,,,reg_bundle_dft_cycling,0.01,15.50768,15.35609,16.001051,bracketed,Jeffreys-smoothed weighted decreasing isotonic curve; local log10-BLER interpolation; raw adjacent bracket <=0.25 dB,C300_PRG_DFT4_6REG,precoder cycling present,0,baseline target SNR - candidate target SNR; positive means candidate needs less SNR,outputs/experiment031_pdcch_cdd/20260910_c300_4tx_2sym_ideal_csi/analysis/target_snr.csv;outputs/experiment031_pdcch_cdd/20260914_c300_al1_cdd911/analysis/target_snr.csv,Rows with blank target failed the <=0.25 dB bracket rule and are not extrapolated.; duplicate curve reused; not an independent rerun
31,PDCCH_C300_4T1R_2sym_AL1_ideal_A41,result-031,executed; awaiting researcher confirmation,PDCCH,Sionna 1.0.2 TDL-C,300,4,3,48,3,2,4,1,1,30,4096,288,41,QPSK,"A=41, CRC24C, Polar E=108",comb-4 on both CORESET symbols,ideal,true data-RE effective channel,coherent QPSK LLR; MRC when n_rx>1,CRC24C/RNTI mask; Sionna Polar hybrid CA-SCL list 8,unit total transmit power per active RE,Es/N0: total transmit power per active RE divided by noise variance of each Rx branch; no n_rx scaling,C300_S0_SIDON,S0_SIDON,ideal CSI,"[0,1,3,7]","[0,925.925926,2777.777778,6481.481481]",cdd,0.01,9.23412,9.152111,9.520494,bracketed,Jeffreys-smoothed weighted decreasing isotonic curve; local log10-BLER interpolation; raw adjacent bracket <=0.25 dB,C300_PRG_DFT4_6REG,precoder cycling present,6.27356,baseline target SNR - candidate target SNR; positive means candidate needs less SNR,outputs/experiment031_pdcch_cdd/20260910_c300_4tx_2sym_ideal_csi/analysis/target_snr.csv;outputs/experiment031_pdcch_cdd/20260914_c300_al1_cdd911/analysis/target_snr.csv,Rows with blank target failed the <=0.25 dB bracket rule and are not extrapolated.; duplicate curve reused; not an independent rerun
31,PDCCH_C300_4T1R_2sym_AL1_ideal_A41,result-031,executed; awaiting researcher confirmation,PDCCH,Sionna 1.0.2 TDL-C,300,4,3,48,3,2,4,1,1,30,4096,288,41,QPSK,"A=41, CRC24C, Polar E=108",comb-4 on both CORESET symbols,ideal,true data-RE effective channel,coherent QPSK LLR; MRC when n_rx>1,CRC24C/RNTI mask; Sionna Polar hybrid CA-SCL list 8,unit total transmit power per active RE,Es/N0: total transmit power per active RE divided by noise variance of each Rx branch; no n_rx scaling,C300_SMALL_CDD_QSTEP0P25_IDEAL_CSI,SMALL_CDD,ideal CSI,"[0,0.015625,0.03125,0.046875]","[0,14.467593,28.935185,43.402778]",cdd,0.01,15.545261,15.425623,15.772684,bracketed,Jeffreys-smoothed weighted decreasing isotonic curve; local log10-BLER interpolation; raw adjacent bracket <=0.25 dB,C300_PRG_DFT4_6REG,precoder cycling present,-0.037581,baseline target SNR - candidate target SNR; positive means candidate needs less SNR,outputs/experiment031_pdcch_cdd/20260910_c300_4tx_2sym_ideal_csi/analysis/target_snr.csv,
31,PDCCH_C300_4T1R_2sym_AL1_ideal_A41,result-031,executed; awaiting researcher confirmation,PDCCH,Sionna 1.0.2 TDL-C; independent Rx branches,300,4,3,48,3,2,4,1,1,30,4096,288,41,QPSK,"A=41, CRC24C, Polar E=108",comb-4 on both CORESET symbols; 18 DMRS RE,ideal,true data-RE channel,coherent QPSK LLR; MRC when n_rx>1,CRC24C/RNTI mask; Sionna Polar hybrid CA-SCL list 8,unit total transmit power per active RE,Es/N0: total transmit power per active RE divided by noise variance of each Rx branch; no n_rx scaling,CDD130,CDD,ideal CSI,,"[0,0,130,130]",CDD with explicit physical delays,0.01,,,,unqualified,not estimated: No adjacent raw bracket with width <= 0.25 dB.,C300_PRG_DFT4_6REG,precoder cycling present,,baseline target SNR - candidate target SNR; positive means candidate needs less SNR,outputs/experiment031_pdcch_cdd/20260914_c300_al1_cdd911/analysis/target_snr.csv,Rows with blank target failed the <=0.25 dB bracket rule and are not extrapolated.
31,PDCCH_C300_4T1R_2sym_AL1_ideal_A41,result-031,executed; awaiting researcher confirmation,PDCCH,Sionna 1.0.2 TDL-C; independent Rx branches,300,4,3,48,3,2,4,1,1,30,4096,288,41,QPSK,"A=41, CRC24C, Polar E=108",comb-4 on both CORESET symbols; 18 DMRS RE,ideal,true data-RE channel,coherent QPSK LLR; MRC when n_rx>1,CRC24C/RNTI mask; Sionna Polar hybrid CA-SCL list 8,unit total transmit power per active RE,Es/N0: total transmit power per active RE divided by noise variance of each Rx branch; no n_rx scaling,CDD911,CDD,ideal CSI,,"[0,0,911,911]",CDD with explicit physical delays,0.01,12.788645,12.641022,12.902518,bracketed,Jeffreys-smoothed weighted decreasing isotonic curve; local log10-BLER interpolation; raw adjacent bracket <=0.25 dB,C300_PRG_DFT4_6REG,precoder cycling present,2.719035,baseline target SNR - candidate target SNR; positive means candidate needs less SNR,outputs/experiment031_pdcch_cdd/20260914_c300_al1_cdd911/analysis/target_snr.csv,Rows with blank target failed the <=0.25 dB bracket rule and are not extrapolated.
31,PDCCH_C300_4T1R_2sym_AL1_ideal_A41,result-031,executed; awaiting researcher confirmation,PDCCH,Sionna 1.0.2 TDL-C,300,4,3,48,3,2,4,1,1,30,4096,288,41,QPSK,"A=41, CRC24C, Polar E=108",comb-4 on both CORESET symbols,ideal,true data-RE effective channel,coherent QPSK LLR; MRC when n_rx>1,CRC24C/RNTI mask; Sionna Polar hybrid CA-SCL list 8,unit total transmit power per active RE,Es/N0: total transmit power per active RE divided by noise variance of each Rx branch; no n_rx scaling,C300_AP_RMS_T1,AP_RMS_T1,ideal CSI,"[0,0.324,0.648,0.972]","[0,300,600,900]",cdd,0.1,8.31669,8.187663,8.469606,bracketed,Jeffreys-smoothed weighted decreasing isotonic curve; local log10-BLER interpolation; raw adjacent bracket <=0.25 dB,C300_PRG_DFT4_6REG,precoder cycling present,1.481248,baseline target SNR - candidate target SNR; positive means candidate needs less SNR,outputs/experiment031_pdcch_cdd/20260910_c300_4tx_2sym_ideal_csi/analysis/target_snr.csv,
31,PDCCH_C300_4T1R_2sym_AL1_ideal_A41,result-031,executed; awaiting researcher confirmation,PDCCH,Sionna 1.0.2 TDL-C,300,4,3,48,3,2,4,1,1,30,4096,288,41,QPSK,"A=41, CRC24C, Polar E=108",comb-4 on both CORESET symbols,ideal,true data-RE effective channel,coherent QPSK LLR; MRC when n_rx>1,CRC24C/RNTI mask; Sionna Polar hybrid CA-SCL list 8,unit total transmit power per active RE,Es/N0: total transmit power per active RE divided by noise variance of each Rx branch; no n_rx scaling,C300_AP_TEPS_T1,AP_TEPS_T1,ideal CSI,"[0,2.043306,4.086612,6.129918]","[0,1891.95,3783.9,5675.85]",cdd,0.1,6.390356,6.332016,6.457805,bracketed,Jeffreys-smoothed weighted decreasing isotonic curve; local log10-BLER interpolation; raw adjacent bracket <=0.25 dB,C300_PRG_DFT4_6REG,precoder cycling present,3.407582,baseline target SNR - candidate target SNR; positive means candidate needs less SNR,outputs/experiment031_pdcch_cdd/20260910_c300_4tx_2sym_ideal_csi/analysis/target_snr.csv,
31,PDCCH_C300_4T1R_2sym_AL1_ideal_A41,result-031,executed; awaiting researcher confirmation,PDCCH,Sionna 1.0.2 TDL-C,300,4,3,48,3,2,4,1,1,30,4096,288,41,QPSK,"A=41, CRC24C, Polar E=108",comb-4 on both CORESET symbols,ideal,true data-RE effective channel,coherent QPSK LLR; MRC when n_rx>1,CRC24C/RNTI mask; Sionna Polar hybrid CA-SCL list 8,unit total transmit power per active RE,Es/N0: total transmit power per active RE divided by noise variance of each Rx branch; no n_rx scaling,C300_B0_QC,B0_QC,ideal CSI,"[0,0.5625,1.125,1.6875]","[0,520.833333,1041.666667,1562.5]",cdd,0.1,7.575359,7.415811,7.700299,bracketed,Jeffreys-smoothed weighted decreasing isotonic curve; local log10-BLER interpolation; raw adjacent bracket <=0.25 dB,C300_PRG_DFT4_6REG,precoder cycling present,2.222579,baseline target SNR - candidate target SNR; positive means candidate needs less SNR,outputs/experiment031_pdcch_cdd/20260910_c300_4tx_2sym_ideal_csi/analysis/target_snr.csv,
31,PDCCH_C300_4T1R_2sym_AL1_ideal_A41,result-031,executed; awaiting researcher confirmation,PDCCH,Sionna 1.0.2 TDL-C,300,4,3,48,3,2,4,1,1,30,4096,288,41,QPSK,"A=41, CRC24C, Polar E=108",comb-4 on both CORESET symbols,ideal,true data-RE effective channel,coherent QPSK LLR; MRC when n_rx>1,CRC24C/RNTI mask; Sionna Polar hybrid CA-SCL list 8,unit total transmit power per active RE,Es/N0: total transmit power per active RE divided by noise variance of each Rx branch; no n_rx scaling,C300_GEO_T1_CTRL_BAL_PAIR,GEO_T1_CTRL,ideal CSI,"[0,2,6,14]","[0,1851.851852,5555.555556,12962.962963]",cdd,0.1,6.124394,5.99856,6.250434,bracketed,Jeffreys-smoothed weighted decreasing isotonic curve; local log10-BLER interpolation; raw adjacent bracket <=0.25 dB,C300_PRG_DFT4_6REG,precoder cycling present,3.673544,baseline target SNR - candidate target SNR; positive means candidate needs less SNR,outputs/experiment031_pdcch_cdd/20260910_c300_4tx_2sym_ideal_csi/analysis/target_snr.csv,
31,PDCCH_C300_4T1R_2sym_AL1_ideal_A41,result-031,executed; awaiting researcher confirmation,PDCCH,Sionna 1.0.2 TDL-C,300,4,3,48,3,2,4,1,1,30,4096,288,41,QPSK,"A=41, CRC24C, Polar E=108",comb-4 on both CORESET symbols,ideal,true data-RE effective channel,coherent QPSK LLR; MRC when n_rx>1,CRC24C/RNTI mask; Sionna Polar hybrid CA-SCL list 8,unit total transmit power per active RE,Es/N0: total transmit power per active RE divided by noise variance of each Rx branch; no n_rx scaling,C300_GEO_T1_CTRL_FOLD,GEO_T1_CTRL,ideal CSI,"[0,2,5,16]","[0,1851.851852,4629.62963,14814.814815]",cdd,0.1,6.171819,6.097422,6.264189,bracketed,Jeffreys-smoothed weighted decreasing isotonic curve; local log10-BLER interpolation; raw adjacent bracket <=0.25 dB,C300_PRG_DFT4_6REG,precoder cycling present,3.626119,baseline target SNR - candidate target SNR; positive means candidate needs less SNR,outputs/experiment031_pdcch_cdd/20260910_c300_4tx_2sym_ideal_csi/analysis/target_snr.csv,
31,PDCCH_C300_4T1R_2sym_AL1_ideal_A41,result-031,executed; awaiting researcher confirmation,PDCCH,Sionna 1.0.2 TDL-C,300,4,3,48,3,2,4,1,1,30,4096,288,41,QPSK,"A=41, CRC24C, Polar E=108",comb-4 on both CORESET symbols,ideal,true data-RE effective channel,coherent QPSK LLR; MRC when n_rx>1,CRC24C/RNTI mask; Sionna Polar hybrid CA-SCL list 8,unit total transmit power per active RE,Es/N0: total transmit power per active RE divided by noise variance of each Rx branch; no n_rx scaling,C300_PRG_DFT4_6REG,PRG_DFT,ideal CSI,,,reg_bundle_dft_cycling,0.1,9.797938,9.676234,9.903336,bracketed,Jeffreys-smoothed weighted decreasing isotonic curve; local log10-BLER interpolation; raw adjacent bracket <=0.25 dB,C300_PRG_DFT4_6REG,precoder cycling present,0,baseline target SNR - candidate target SNR; positive means candidate needs less SNR,outputs/experiment031_pdcch_cdd/20260910_c300_4tx_2sym_ideal_csi/analysis/target_snr.csv;outputs/experiment031_pdcch_cdd/20260914_c300_al1_cdd911/analysis/target_snr.csv,Rows with blank target failed the <=0.25 dB bracket rule and are not extrapolated.; duplicate curve reused; not an independent rerun
31,PDCCH_C300_4T1R_2sym_AL1_ideal_A41,result-031,executed; awaiting researcher confirmation,PDCCH,Sionna 1.0.2 TDL-C,300,4,3,48,3,2,4,1,1,30,4096,288,41,QPSK,"A=41, CRC24C, Polar E=108",comb-4 on both CORESET symbols,ideal,true data-RE effective channel,coherent QPSK LLR; MRC when n_rx>1,CRC24C/RNTI mask; Sionna Polar hybrid CA-SCL list 8,unit total transmit power per active RE,Es/N0: total transmit power per active RE divided by noise variance of each Rx branch; no n_rx scaling,C300_S0_SIDON,S0_SIDON,ideal CSI,"[0,1,3,7]","[0,925.925926,2777.777778,6481.481481]",cdd,0.1,6.235021,6.165076,6.310387,bracketed,Jeffreys-smoothed weighted decreasing isotonic curve; local log10-BLER interpolation; raw adjacent bracket <=0.25 dB,C300_PRG_DFT4_6REG,precoder cycling present,3.562917,baseline target SNR - candidate target SNR; positive means candidate needs less SNR,outputs/experiment031_pdcch_cdd/20260910_c300_4tx_2sym_ideal_csi/analysis/target_snr.csv;outputs/experiment031_pdcch_cdd/20260914_c300_al1_cdd911/analysis/target_snr.csv,Rows with blank target failed the <=0.25 dB bracket rule and are not extrapolated.; duplicate curve reused; not an independent rerun
31,PDCCH_C300_4T1R_2sym_AL1_ideal_A41,result-031,executed; awaiting researcher confirmation,PDCCH,Sionna 1.0.2 TDL-C,300,4,3,48,3,2,4,1,1,30,4096,288,41,QPSK,"A=41, CRC24C, Polar E=108",comb-4 on both CORESET symbols,ideal,true data-RE effective channel,coherent QPSK LLR; MRC when n_rx>1,CRC24C/RNTI mask; Sionna Polar hybrid CA-SCL list 8,unit total transmit power per active RE,Es/N0: total transmit power per active RE divided by noise variance of each Rx branch; no n_rx scaling,C300_SMALL_CDD_QSTEP0P25_IDEAL_CSI,SMALL_CDD,ideal CSI,"[0,0.015625,0.03125,0.046875]","[0,14.467593,28.935185,43.402778]",cdd,0.1,9.976492,9.710145,10.060973,bracketed,Jeffreys-smoothed weighted decreasing isotonic curve; local log10-BLER interpolation; raw adjacent bracket <=0.25 dB,C300_PRG_DFT4_6REG,precoder cycling present,-0.178554,baseline target SNR - candidate target SNR; positive means candidate needs less SNR,outputs/experiment031_pdcch_cdd/20260910_c300_4tx_2sym_ideal_csi/analysis/target_snr.csv,
31,PDCCH_C300_4T1R_2sym_AL1_ideal_A41,result-031,executed; awaiting researcher confirmation,PDCCH,Sionna 1.0.2 TDL-C; independent Rx branches,300,4,3,48,3,2,4,1,1,30,4096,288,41,QPSK,"A=41, CRC24C, Polar E=108",comb-4 on both CORESET symbols; 18 DMRS RE,ideal,true data-RE channel,coherent QPSK LLR; MRC when n_rx>1,CRC24C/RNTI mask; Sionna Polar hybrid CA-SCL list 8,unit total transmit power per active RE,Es/N0: total transmit power per active RE divided by noise variance of each Rx branch; no n_rx scaling,CDD130,CDD,ideal CSI,,"[0,0,130,130]",CDD with explicit physical delays,0.1,,,,unqualified,not estimated: No adjacent raw bracket with width <= 0.25 dB.,C300_PRG_DFT4_6REG,precoder cycling present,,baseline target SNR - candidate target SNR; positive means candidate needs less SNR,outputs/experiment031_pdcch_cdd/20260914_c300_al1_cdd911/analysis/target_snr.csv,Rows with blank target failed the <=0.25 dB bracket rule and are not extrapolated.
31,PDCCH_C300_4T1R_2sym_AL1_ideal_A41,result-031,executed; awaiting researcher confirmation,PDCCH,Sionna 1.0.2 TDL-C; independent Rx branches,300,4,3,48,3,2,4,1,1,30,4096,288,41,QPSK,"A=41, CRC24C, Polar E=108",comb-4 on both CORESET symbols; 18 DMRS RE,ideal,true data-RE channel,coherent QPSK LLR; MRC when n_rx>1,CRC24C/RNTI mask; Sionna Polar hybrid CA-SCL list 8,unit total transmit power per active RE,Es/N0: total transmit power per active RE divided by noise variance of each Rx branch; no n_rx scaling,CDD911,CDD,ideal CSI,,"[0,0,911,911]",CDD with explicit physical delays,0.1,7.951787,7.862303,8.042154,bracketed,Jeffreys-smoothed weighted decreasing isotonic curve; local log10-BLER interpolation; raw adjacent bracket <=0.25 dB,C300_PRG_DFT4_6REG,precoder cycling present,1.846151,baseline target SNR - candidate target SNR; positive means candidate needs less SNR,outputs/experiment031_pdcch_cdd/20260914_c300_al1_cdd911/analysis/target_snr.csv,Rows with blank target failed the <=0.25 dB bracket rule and are not extrapolated.
31,PDCCH_C300_4T1R_2sym_AL2_estimated_A41,result-031,executed; awaiting researcher confirmation,PDCCH,Sionna 1.0.2 TDL-C,300,4,3,48,6,2,4,1,1,30,4096,288,41,QPSK,"A=41, CRC24C, Polar E=216",comb-4 on both CORESET symbols,estimated,matched/physical 2D time-frequency LMMSE; per-PRG for cycling,coherent QPSK LLR; MRC when n_rx>1,CRC24C/RNTI mask; Sionna Polar hybrid CA-SCL list 8,unit total transmit power per active RE,Es/N0: total transmit power per active RE divided by noise variance of each Rx branch; no n_rx scaling,C300_AP_RMS_T1,AP_RMS_T1,,"[0,0.648,1.296,1.944]","[0,300,600,900]",cdd,0.01,7.019644,6.84366,7.280562,bracketed,Jeffreys-smoothed weighted decreasing isotonic curve; local log10-BLER interpolation; raw adjacent bracket <=0.25 dB,C300_PRG_DFT4_6REG,precoder cycling present,1.705141,baseline target SNR - candidate target SNR; positive means candidate needs less SNR,outputs/experiment031_pdcch_cdd/20260907_c300_4tx_2sym/analysis/target_snr.csv,
31,PDCCH_C300_4T1R_2sym_AL2_estimated_A41,result-031,executed; awaiting researcher confirmation,PDCCH,Sionna 1.0.2 TDL-C,300,4,3,48,6,2,4,1,1,30,4096,288,41,QPSK,"A=41, CRC24C, Polar E=216",comb-4 on both CORESET symbols,estimated,matched/physical 2D time-frequency LMMSE; per-PRG for cycling,coherent QPSK LLR; MRC when n_rx>1,CRC24C/RNTI mask; Sionna Polar hybrid CA-SCL list 8,unit total transmit power per active RE,Es/N0: total transmit power per active RE divided by noise variance of each Rx branch; no n_rx scaling,C300_AP_TEPS_T1,AP_TEPS_T1,,"[0,4.086612,8.173224,12.259836]","[0,1891.95,3783.9,5675.85]",cdd,0.01,5.51637,5.424363,5.587011,bracketed,Jeffreys-smoothed weighted decreasing isotonic curve; local log10-BLER interpolation; raw adjacent bracket <=0.25 dB,C300_PRG_DFT4_6REG,precoder cycling present,3.208415,baseline target SNR - candidate target SNR; positive means candidate needs less SNR,outputs/experiment031_pdcch_cdd/20260907_c300_4tx_2sym/analysis/target_snr.csv,
31,PDCCH_C300_4T1R_2sym_AL2_estimated_A41,result-031,executed; awaiting researcher confirmation,PDCCH,Sionna 1.0.2 TDL-C,300,4,3,48,6,2,4,1,1,30,4096,288,41,QPSK,"A=41, CRC24C, Polar E=216",comb-4 on both CORESET symbols,estimated,matched/physical 2D time-frequency LMMSE; per-PRG for cycling,coherent QPSK LLR; MRC when n_rx>1,CRC24C/RNTI mask; Sionna Polar hybrid CA-SCL list 8,unit total transmit power per active RE,Es/N0: total transmit power per active RE divided by noise variance of each Rx branch; no n_rx scaling,C300_B0_QC,B0_QC,,"[0,1.125,2.25,3.375]","[0,520.833333,1041.666667,1562.5]",cdd,0.01,6.029287,5.848522,6.207776,bracketed,Jeffreys-smoothed weighted decreasing isotonic curve; local log10-BLER interpolation; raw adjacent bracket <=0.25 dB,C300_PRG_DFT4_6REG,precoder cycling present,2.695498,baseline target SNR - candidate target SNR; positive means candidate needs less SNR,outputs/experiment031_pdcch_cdd/20260907_c300_4tx_2sym/analysis/target_snr.csv,
31,PDCCH_C300_4T1R_2sym_AL2_estimated_A41,result-031,executed; awaiting researcher confirmation,PDCCH,Sionna 1.0.2 TDL-C,300,4,3,48,6,2,4,1,1,30,4096,288,41,QPSK,"A=41, CRC24C, Polar E=216",comb-4 on both CORESET symbols,estimated,matched/physical 2D time-frequency LMMSE; per-PRG for cycling,coherent QPSK LLR; MRC when n_rx>1,CRC24C/RNTI mask; Sionna Polar hybrid CA-SCL list 8,unit total transmit power per active RE,Es/N0: total transmit power per active RE divided by noise variance of each Rx branch; no n_rx scaling,C300_GEO_T1_CTRL_BAL,GEO_T1_CTRL,,"[0,4,12,33]","[0,1851.851852,5555.555556,15277.777778]",cdd,0.01,6.25362,6.135244,6.38923,bracketed,Jeffreys-smoothed weighted decreasing isotonic curve; local log10-BLER interpolation; raw adjacent bracket <=0.25 dB,C300_PRG_DFT4_6REG,precoder cycling present,2.471165,baseline target SNR - candidate target SNR; positive means candidate needs less SNR,outputs/experiment031_pdcch_cdd/20260907_c300_4tx_2sym/analysis/target_snr.csv,
31,PDCCH_C300_4T1R_2sym_AL2_estimated_A41,result-031,executed; awaiting researcher confirmation,PDCCH,Sionna 1.0.2 TDL-C,300,4,3,48,6,2,4,1,1,30,4096,288,41,QPSK,"A=41, CRC24C, Polar E=216",comb-4 on both CORESET symbols,estimated,matched/physical 2D time-frequency LMMSE; per-PRG for cycling,coherent QPSK LLR; MRC when n_rx>1,CRC24C/RNTI mask; Sionna Polar hybrid CA-SCL list 8,unit total transmit power per active RE,Es/N0: total transmit power per active RE divided by noise variance of each Rx branch; no n_rx scaling,C300_GEO_T1_CTRL_FOLD,GEO_T1_CTRL,,"[0,4,10,32]","[0,1851.851852,4629.62963,14814.814815]",cdd,0.01,6.027633,5.9421,6.089602,bracketed,Jeffreys-smoothed weighted decreasing isotonic curve; local log10-BLER interpolation; raw adjacent bracket <=0.25 dB,C300_PRG_DFT4_6REG,precoder cycling present,2.697152,baseline target SNR - candidate target SNR; positive means candidate needs less SNR,outputs/experiment031_pdcch_cdd/20260907_c300_4tx_2sym/analysis/target_snr.csv,
31,PDCCH_C300_4T1R_2sym_AL2_estimated_A41,result-031,executed; awaiting researcher confirmation,PDCCH,Sionna 1.0.2 TDL-C,300,4,3,48,6,2,4,1,1,30,4096,288,41,QPSK,"A=41, CRC24C, Polar E=216",comb-4 on both CORESET symbols,estimated,matched/physical 2D time-frequency LMMSE; per-PRG for cycling,coherent QPSK LLR; MRC when n_rx>1,CRC24C/RNTI mask; Sionna Polar hybrid CA-SCL list 8,unit total transmit power per active RE,Es/N0: total transmit power per active RE divided by noise variance of each Rx branch; no n_rx scaling,C300_GEO_T1_CTRL_PAIR,GEO_T1_CTRL,,"[0,5,16,49]","[0,2314.814815,7407.407407,22685.185185]",cdd,0.01,6.510718,6.164187,6.616812,bracketed,Jeffreys-smoothed weighted decreasing isotonic curve; local log10-BLER interpolation; raw adjacent bracket <=0.25 dB,C300_PRG_DFT4_6REG,precoder cycling present,2.214067,baseline target SNR - candidate target SNR; positive means candidate needs less SNR,outputs/experiment031_pdcch_cdd/20260907_c300_4tx_2sym/analysis/target_snr.csv,
31,PDCCH_C300_4T1R_2sym_AL2_estimated_A41,result-031,executed; awaiting researcher confirmation,PDCCH,Sionna 1.0.2 TDL-C,300,4,3,48,6,2,4,1,1,30,4096,288,41,QPSK,"A=41, CRC24C, Polar E=216",comb-4 on both CORESET symbols,estimated,matched/physical 2D time-frequency LMMSE; per-PRG for cycling,coherent QPSK LLR; MRC when n_rx>1,CRC24C/RNTI mask; Sionna Polar hybrid CA-SCL list 8,unit total transmit power per active RE,Es/N0: total transmit power per active RE divided by noise variance of each Rx branch; no n_rx scaling,C300_PRG_DFT4_6REG,PRG_DFT,physical_prg,,,reg_bundle_dft_cycling,0.01,8.724785,8.413924,8.806989,bracketed,Jeffreys-smoothed weighted decreasing isotonic curve; local log10-BLER interpolation; raw adjacent bracket <=0.25 dB,C300_PRG_DFT4_6REG,precoder cycling present,0,baseline target SNR - candidate target SNR; positive means candidate needs less SNR,outputs/experiment031_pdcch_cdd/20260907_c300_4tx_2sym/analysis/target_snr.csv,
31,PDCCH_C300_4T1R_2sym_AL2_estimated_A41,result-031,executed; awaiting researcher confirmation,PDCCH,Sionna 1.0.2 TDL-C,300,4,3,48,6,2,4,1,1,30,4096,288,41,QPSK,"A=41, CRC24C, Polar E=216",comb-4 on both CORESET symbols,estimated,matched/physical 2D time-frequency LMMSE; per-PRG for cycling,coherent QPSK LLR; MRC when n_rx>1,CRC24C/RNTI mask; Sionna Polar hybrid CA-SCL list 8,unit total transmit power per active RE,Es/N0: total transmit power per active RE divided by noise variance of each Rx branch; no n_rx scaling,C300_S0_SIDON,S0_SIDON,,"[0,1,3,7]","[0,462.962963,1388.888889,3240.740741]",cdd,0.01,5.584895,5.474269,5.672812,bracketed,Jeffreys-smoothed weighted decreasing isotonic curve; local log10-BLER interpolation; raw adjacent bracket <=0.25 dB,C300_PRG_DFT4_6REG,precoder cycling present,3.13989,baseline target SNR - candidate target SNR; positive means candidate needs less SNR,outputs/experiment031_pdcch_cdd/20260907_c300_4tx_2sym/analysis/target_snr.csv,
31,PDCCH_C300_4T1R_2sym_AL2_estimated_A41,result-031,executed; awaiting researcher confirmation,PDCCH,Sionna 1.0.2 TDL-C,300,4,3,48,6,2,4,1,1,30,4096,288,41,QPSK,"A=41, CRC24C, Polar E=216",PDCCH DMRS; comb-3/REG for 1-symbol A100 or comb-4 on both symbols for C300,estimated,candidate-matched frequency or 2D time-frequency LMMSE,coherent QPSK LLR; MRC when n_rx>1,CRC24C/RNTI mask; Sionna Polar hybrid CA-SCL list 8,unit total transmit power per active RE,Es/N0: total transmit power per active RE divided by noise variance of each Rx branch; no n_rx scaling,C300_SIDON4_AL2_01,STRICT_SIDON,non-transparent; matched effective covariance,"[0,1,3,7]","[0,462.962963,1388.888889,3240.740741]",cdd,0.01,5.640505,5.49829,5.765799,bracketed,Jeffreys-smoothed weighted decreasing isotonic; local log10-BLER interpolation,C300_PRG_DFT4_6REG,precoder cycling present,3.08428,baseline target SNR - candidate target SNR; positive means candidate needs less SNR,outputs/experiment031_pdcch_cdd/20260908_strict_sidon_search/fine_analysis/target_snr.csv,gain combines source target estimates produced by different crossing methods
31,PDCCH_C300_4T1R_2sym_AL2_estimated_A41,result-031,executed; awaiting researcher confirmation,PDCCH,Sionna 1.0.2 TDL-C,300,4,3,48,6,2,4,1,1,30,4096,288,41,QPSK,"A=41, CRC24C, Polar E=216",PDCCH DMRS; comb-3/REG for 1-symbol A100 or comb-4 on both symbols for C300,estimated,candidate-matched frequency or 2D time-frequency LMMSE,coherent QPSK LLR; MRC when n_rx>1,CRC24C/RNTI mask; Sionna Polar hybrid CA-SCL list 8,unit total transmit power per active RE,Es/N0: total transmit power per active RE divided by noise variance of each Rx branch; no n_rx scaling,C300_SIDON4_AL2_03,STRICT_SIDON,non-transparent; matched effective covariance,"[0,4,10,32]","[0,1851.851852,4629.62963,14814.814815]",cdd,0.01,5.925381,5.790093,6.074614,bracketed,Jeffreys-smoothed weighted decreasing isotonic; local log10-BLER interpolation,C300_PRG_DFT4_6REG,precoder cycling present,2.799404,baseline target SNR - candidate target SNR; positive means candidate needs less SNR,outputs/experiment031_pdcch_cdd/20260908_strict_sidon_search/fine_analysis/target_snr.csv,gain combines source target estimates produced by different crossing methods
31,PDCCH_C300_4T1R_2sym_AL2_estimated_A41,result-031,executed; awaiting researcher confirmation,PDCCH,Sionna 1.0.2 TDL-C,300,4,3,48,6,2,4,1,1,30,4096,288,41,QPSK,"A=41, CRC24C, Polar E=216",PDCCH DMRS; comb-3/REG for 1-symbol A100 or comb-4 on both symbols for C300,estimated,candidate-matched frequency or 2D time-frequency LMMSE,coherent QPSK LLR; MRC when n_rx>1,CRC24C/RNTI mask; Sionna Polar hybrid CA-SCL list 8,unit total transmit power per active RE,Es/N0: total transmit power per active RE divided by noise variance of each Rx branch; no n_rx scaling,C300_SIDON4_AL2_04,STRICT_SIDON,non-transparent; matched effective covariance,"[0,1,4,6]","[0,462.962963,1851.851852,2777.777778]",cdd,0.01,5.54768,5.386409,5.767351,bracketed,Jeffreys-smoothed weighted decreasing isotonic; local log10-BLER interpolation,C300_PRG_DFT4_6REG,precoder cycling present,3.177105,baseline target SNR - candidate target SNR; positive means candidate needs less SNR,outputs/experiment031_pdcch_cdd/20260908_strict_sidon_search/fine_analysis/target_snr.csv,gain combines source target estimates produced by different crossing methods
31,PDCCH_C300_4T1R_2sym_AL2_estimated_A41,result-031,executed; awaiting researcher confirmation,PDCCH,Sionna 1.0.2 TDL-C,300,4,3,48,6,2,4,1,1,30,4096,288,41,QPSK,"A=41, CRC24C, Polar E=216",PDCCH DMRS; comb-3/REG for 1-symbol A100 or comb-4 on both symbols for C300,estimated,candidate-matched frequency or 2D time-frequency LMMSE,coherent QPSK LLR; MRC when n_rx>1,CRC24C/RNTI mask; Sionna Polar hybrid CA-SCL list 8,unit total transmit power per active RE,Es/N0: total transmit power per active RE divided by noise variance of each Rx branch; no n_rx scaling,C300_SIDON4_AL2_06,STRICT_SIDON,non-transparent; matched effective covariance,"[0,3,7,64]","[0,1388.888889,3240.740741,29629.62963]",cdd,0.01,5.837733,5.701802,6.039341,bracketed,Jeffreys-smoothed weighted decreasing isotonic; local log10-BLER interpolation,C300_PRG_DFT4_6REG,precoder cycling present,2.887052,baseline target SNR - candidate target SNR; positive means candidate needs less SNR,outputs/experiment031_pdcch_cdd/20260908_strict_sidon_search/fine_analysis/target_snr.csv,gain combines source target estimates produced by different crossing methods
31,PDCCH_C300_4T1R_2sym_AL2_estimated_A41,result-031,executed; awaiting researcher confirmation,PDCCH,Sionna 1.0.2 TDL-C,300,4,3,48,6,2,4,1,1,30,4096,288,41,QPSK,"A=41, CRC24C, Polar E=216",comb-4 on both CORESET symbols,estimated,matched/physical 2D time-frequency LMMSE; per-PRG for cycling,coherent QPSK LLR; MRC when n_rx>1,CRC24C/RNTI mask; Sionna Polar hybrid CA-SCL list 8,unit total transmit power per active RE,Es/N0: total transmit power per active RE divided by noise variance of each Rx branch; no n_rx scaling,C300_SMALL_CDD_QSTEP0P25_MATCHED_CDD,SMALL_CDD,matched_effective,"[0,0.03125,0.0625,0.09375]","[0,14.467593,28.935185,43.402778]",cdd,0.01,9.869148,9.688903,10.050104,bracketed,Jeffreys-smoothed weighted decreasing isotonic curve; local log10-BLER interpolation; raw adjacent bracket <=0.25 dB,C300_PRG_DFT4_6REG,precoder cycling present,-1.144363,baseline target SNR - candidate target SNR; positive means candidate needs less SNR,outputs/experiment031_pdcch_cdd/20260907_c300_4tx_2sym/analysis/target_snr.csv,
31,PDCCH_C300_4T1R_2sym_AL2_estimated_A41,result-031,executed; awaiting researcher confirmation,PDCCH,Sionna 1.0.2 TDL-C,300,4,3,48,6,2,4,1,1,30,4096,288,41,QPSK,"A=41, CRC24C, Polar E=216",comb-4 on both CORESET symbols,estimated,matched/physical 2D time-frequency LMMSE; per-PRG for cycling,coherent QPSK LLR; MRC when n_rx>1,CRC24C/RNTI mask; Sionna Polar hybrid CA-SCL list 8,unit total transmit power per active RE,Es/N0: total transmit power per active RE divided by noise variance of each Rx branch; no n_rx scaling,C300_SMALL_CDD_QSTEP0P25_TRANSPARENT_CDD,SMALL_CDD,physical_fullband,"[0,0.03125,0.0625,0.09375]","[0,14.467593,28.935185,43.402778]",cdd,0.01,9.74799,9.662769,9.862291,bracketed,Jeffreys-smoothed weighted decreasing isotonic curve; local log10-BLER interpolation; raw adjacent bracket <=0.25 dB,C300_PRG_DFT4_6REG,precoder cycling present,-1.023205,baseline target SNR - candidate target SNR; positive means candidate needs less SNR,outputs/experiment031_pdcch_cdd/20260907_c300_4tx_2sym/analysis/target_snr.csv,
31,PDCCH_C300_4T1R_2sym_AL2_estimated_A41,result-031,executed; awaiting researcher confirmation,PDCCH,Sionna 1.0.2 TDL-C,300,4,3,48,6,2,4,1,1,30,4096,288,41,QPSK,"A=41, CRC24C, Polar E=216",comb-4 on both CORESET symbols,estimated,matched/physical 2D time-frequency LMMSE; per-PRG for cycling,coherent QPSK LLR; MRC when n_rx>1,CRC24C/RNTI mask; Sionna Polar hybrid CA-SCL list 8,unit total transmit power per active RE,Es/N0: total transmit power per active RE divided by noise variance of each Rx branch; no n_rx scaling,C300_AP_RMS_T1,AP_RMS_T1,,"[0,0.648,1.296,1.944]","[0,300,600,900]",cdd,0.1,3.445474,3.344804,3.545194,bracketed,Jeffreys-smoothed weighted decreasing isotonic curve; local log10-BLER interpolation; raw adjacent bracket <=0.25 dB,C300_PRG_DFT4_6REG,precoder cycling present,0.714388,baseline target SNR - candidate target SNR; positive means candidate needs less SNR,outputs/experiment031_pdcch_cdd/20260907_c300_4tx_2sym/analysis/target_snr.csv,
31,PDCCH_C300_4T1R_2sym_AL2_estimated_A41,result-031,executed; awaiting researcher confirmation,PDCCH,Sionna 1.0.2 TDL-C,300,4,3,48,6,2,4,1,1,30,4096,288,41,QPSK,"A=41, CRC24C, Polar E=216",comb-4 on both CORESET symbols,estimated,matched/physical 2D time-frequency LMMSE; per-PRG for cycling,coherent QPSK LLR; MRC when n_rx>1,CRC24C/RNTI mask; Sionna Polar hybrid CA-SCL list 8,unit total transmit power per active RE,Es/N0: total transmit power per active RE divided by noise variance of each Rx branch; no n_rx scaling,C300_AP_TEPS_T1,AP_TEPS_T1,,"[0,4.086612,8.173224,12.259836]","[0,1891.95,3783.9,5675.85]",cdd,0.1,2.881006,2.812815,2.955659,bracketed,Jeffreys-smoothed weighted decreasing isotonic curve; local log10-BLER interpolation; raw adjacent bracket <=0.25 dB,C300_PRG_DFT4_6REG,precoder cycling present,1.278856,baseline target SNR - candidate target SNR; positive means candidate needs less SNR,outputs/experiment031_pdcch_cdd/20260907_c300_4tx_2sym/analysis/target_snr.csv,
31,PDCCH_C300_4T1R_2sym_AL2_estimated_A41,result-031,executed; awaiting researcher confirmation,PDCCH,Sionna 1.0.2 TDL-C,300,4,3,48,6,2,4,1,1,30,4096,288,41,QPSK,"A=41, CRC24C, Polar E=216",comb-4 on both CORESET symbols,estimated,matched/physical 2D time-frequency LMMSE; per-PRG for cycling,coherent QPSK LLR; MRC when n_rx>1,CRC24C/RNTI mask; Sionna Polar hybrid CA-SCL list 8,unit total transmit power per active RE,Es/N0: total transmit power per active RE divided by noise variance of each Rx branch; no n_rx scaling,C300_B0_QC,B0_QC,,"[0,1.125,2.25,3.375]","[0,520.833333,1041.666667,1562.5]",cdd,0.1,2.905011,2.841464,2.993533,bracketed,Jeffreys-smoothed weighted decreasing isotonic curve; local log10-BLER interpolation; raw adjacent bracket <=0.25 dB,C300_PRG_DFT4_6REG,precoder cycling present,1.254851,baseline target SNR - candidate target SNR; positive means candidate needs less SNR,outputs/experiment031_pdcch_cdd/20260907_c300_4tx_2sym/analysis/target_snr.csv,
31,PDCCH_C300_4T1R_2sym_AL2_estimated_A41,result-031,executed; awaiting researcher confirmation,PDCCH,Sionna 1.0.2 TDL-C,300,4,3,48,6,2,4,1,1,30,4096,288,41,QPSK,"A=41, CRC24C, Polar E=216",comb-4 on both CORESET symbols,estimated,matched/physical 2D time-frequency LMMSE; per-PRG for cycling,coherent QPSK LLR; MRC when n_rx>1,CRC24C/RNTI mask; Sionna Polar hybrid CA-SCL list 8,unit total transmit power per active RE,Es/N0: total transmit power per active RE divided by noise variance of each Rx branch; no n_rx scaling,C300_GEO_T1_CTRL_BAL,GEO_T1_CTRL,,"[0,4,12,33]","[0,1851.851852,5555.555556,15277.777778]",cdd,0.1,3.195042,3.14679,3.262456,bracketed,Jeffreys-smoothed weighted decreasing isotonic curve; local log10-BLER interpolation; raw adjacent bracket <=0.25 dB,C300_PRG_DFT4_6REG,precoder cycling present,0.96482,baseline target SNR - candidate target SNR; positive means candidate needs less SNR,outputs/experiment031_pdcch_cdd/20260907_c300_4tx_2sym/analysis/target_snr.csv,
31,PDCCH_C300_4T1R_2sym_AL2_estimated_A41,result-031,executed; awaiting researcher confirmation,PDCCH,Sionna 1.0.2 TDL-C,300,4,3,48,6,2,4,1,1,30,4096,288,41,QPSK,"A=41, CRC24C, Polar E=216",comb-4 on both CORESET symbols,estimated,matched/physical 2D time-frequency LMMSE; per-PRG for cycling,coherent QPSK LLR; MRC when n_rx>1,CRC24C/RNTI mask; Sionna Polar hybrid CA-SCL list 8,unit total transmit power per active RE,Es/N0: total transmit power per active RE divided by noise variance of each Rx branch; no n_rx scaling,C300_GEO_T1_CTRL_FOLD,GEO_T1_CTRL,,"[0,4,10,32]","[0,1851.851852,4629.62963,14814.814815]",cdd,0.1,2.988217,2.935508,3.061944,bracketed,Jeffreys-smoothed weighted decreasing isotonic curve; local log10-BLER interpolation; raw adjacent bracket <=0.25 dB,C300_PRG_DFT4_6REG,precoder cycling present,1.171645,baseline target SNR - candidate target SNR; positive means candidate needs less SNR,outputs/experiment031_pdcch_cdd/20260907_c300_4tx_2sym/analysis/target_snr.csv,
31,PDCCH_C300_4T1R_2sym_AL2_estimated_A41,result-031,executed; awaiting researcher confirmation,PDCCH,Sionna 1.0.2 TDL-C,300,4,3,48,6,2,4,1,1,30,4096,288,41,QPSK,"A=41, CRC24C, Polar E=216",comb-4 on both CORESET symbols,estimated,matched/physical 2D time-frequency LMMSE; per-PRG for cycling,coherent QPSK LLR; MRC when n_rx>1,CRC24C/RNTI mask; Sionna Polar hybrid CA-SCL list 8,unit total transmit power per active RE,Es/N0: total transmit power per active RE divided by noise variance of each Rx branch; no n_rx scaling,C300_GEO_T1_CTRL_PAIR,GEO_T1_CTRL,,"[0,5,16,49]","[0,2314.814815,7407.407407,22685.185185]",cdd,0.1,3.252557,3.173706,3.332035,bracketed,Jeffreys-smoothed weighted decreasing isotonic curve; local log10-BLER interpolation; raw adjacent bracket <=0.25 dB,C300_PRG_DFT4_6REG,precoder cycling present,0.907305,baseline target SNR - candidate target SNR; positive means candidate needs less SNR,outputs/experiment031_pdcch_cdd/20260907_c300_4tx_2sym/analysis/target_snr.csv,
31,PDCCH_C300_4T1R_2sym_AL2_estimated_A41,result-031,executed; awaiting researcher confirmation,PDCCH,Sionna 1.0.2 TDL-C,300,4,3,48,6,2,4,1,1,30,4096,288,41,QPSK,"A=41, CRC24C, Polar E=216",comb-4 on both CORESET symbols,estimated,matched/physical 2D time-frequency LMMSE; per-PRG for cycling,coherent QPSK LLR; MRC when n_rx>1,CRC24C/RNTI mask; Sionna Polar hybrid CA-SCL list 8,unit total transmit power per active RE,Es/N0: total transmit power per active RE divided by noise variance of each Rx branch; no n_rx scaling,C300_PRG_DFT4_6REG,PRG_DFT,physical_prg,,,reg_bundle_dft_cycling,0.1,4.159862,4.068076,4.502207,bracketed,Jeffreys-smoothed weighted decreasing isotonic curve; local log10-BLER interpolation; raw adjacent bracket <=0.25 dB,C300_PRG_DFT4_6REG,precoder cycling present,0,baseline target SNR - candidate target SNR; positive means candidate needs less SNR,outputs/experiment031_pdcch_cdd/20260907_c300_4tx_2sym/analysis/target_snr.csv,
31,PDCCH_C300_4T1R_2sym_AL2_estimated_A41,result-031,executed; awaiting researcher confirmation,PDCCH,Sionna 1.0.2 TDL-C,300,4,3,48,6,2,4,1,1,30,4096,288,41,QPSK,"A=41, CRC24C, Polar E=216",comb-4 on both CORESET symbols,estimated,matched/physical 2D time-frequency LMMSE; per-PRG for cycling,coherent QPSK LLR; MRC when n_rx>1,CRC24C/RNTI mask; Sionna Polar hybrid CA-SCL list 8,unit total transmit power per active RE,Es/N0: total transmit power per active RE divided by noise variance of each Rx branch; no n_rx scaling,C300_S0_SIDON,S0_SIDON,,"[0,1,3,7]","[0,462.962963,1388.888889,3240.740741]",cdd,0.1,2.744307,2.672827,2.812506,bracketed,Jeffreys-smoothed weighted decreasing isotonic curve; local log10-BLER interpolation; raw adjacent bracket <=0.25 dB,C300_PRG_DFT4_6REG,precoder cycling present,1.415555,baseline target SNR - candidate target SNR; positive means candidate needs less SNR,outputs/experiment031_pdcch_cdd/20260907_c300_4tx_2sym/analysis/target_snr.csv,
31,PDCCH_C300_4T1R_2sym_AL2_estimated_A41,result-031,executed; awaiting researcher confirmation,PDCCH,Sionna 1.0.2 TDL-C,300,4,3,48,6,2,4,1,1,30,4096,288,41,QPSK,"A=41, CRC24C, Polar E=216",PDCCH DMRS; comb-3/REG for 1-symbol A100 or comb-4 on both symbols for C300,estimated,candidate-matched frequency or 2D time-frequency LMMSE,coherent QPSK LLR; MRC when n_rx>1,CRC24C/RNTI mask; Sionna Polar hybrid CA-SCL list 8,unit total transmit power per active RE,Es/N0: total transmit power per active RE divided by noise variance of each Rx branch; no n_rx scaling,C300_SIDON4_AL2_01,STRICT_SIDON,non-transparent; matched effective covariance,"[0,1,3,7]","[0,462.962963,1388.888889,3240.740741]",cdd,0.1,2.754692,2.66698,2.81747,bracketed,Jeffreys-smoothed weighted decreasing isotonic; local log10-BLER interpolation,C300_PRG_DFT4_6REG,precoder cycling present,1.40517,baseline target SNR - candidate target SNR; positive means candidate needs less SNR,outputs/experiment031_pdcch_cdd/20260908_strict_sidon_search/fine_analysis/target_snr.csv,gain combines source target estimates produced by different crossing methods
31,PDCCH_C300_4T1R_2sym_AL2_estimated_A41,result-031,executed; awaiting researcher confirmation,PDCCH,Sionna 1.0.2 TDL-C,300,4,3,48,6,2,4,1,1,30,4096,288,41,QPSK,"A=41, CRC24C, Polar E=216",PDCCH DMRS; comb-3/REG for 1-symbol A100 or comb-4 on both symbols for C300,estimated,candidate-matched frequency or 2D time-frequency LMMSE,coherent QPSK LLR; MRC when n_rx>1,CRC24C/RNTI mask; Sionna Polar hybrid CA-SCL list 8,unit total transmit power per active RE,Es/N0: total transmit power per active RE divided by noise variance of each Rx branch; no n_rx scaling,C300_SIDON4_AL2_03,STRICT_SIDON,non-transparent; matched effective covariance,"[0,4,10,32]","[0,1851.851852,4629.62963,14814.814815]",cdd,0.1,3.065609,2.975933,3.143234,bracketed,Jeffreys-smoothed weighted decreasing isotonic; local log10-BLER interpolation,C300_PRG_DFT4_6REG,precoder cycling present,1.094253,baseline target SNR - candidate target SNR; positive means candidate needs less SNR,outputs/experiment031_pdcch_cdd/20260908_strict_sidon_search/fine_analysis/target_snr.csv,gain combines source target estimates produced by different crossing methods
31,PDCCH_C300_4T1R_2sym_AL2_estimated_A41,result-031,executed; awaiting researcher confirmation,PDCCH,Sionna 1.0.2 TDL-C,300,4,3,48,6,2,4,1,1,30,4096,288,41,QPSK,"A=41, CRC24C, Polar E=216",PDCCH DMRS; comb-3/REG for 1-symbol A100 or comb-4 on both symbols for C300,estimated,candidate-matched frequency or 2D time-frequency LMMSE,coherent QPSK LLR; MRC when n_rx>1,CRC24C/RNTI mask; Sionna Polar hybrid CA-SCL list 8,unit total transmit power per active RE,Es/N0: total transmit power per active RE divided by noise variance of each Rx branch; no n_rx scaling,C300_SIDON4_AL2_04,STRICT_SIDON,non-transparent; matched effective covariance,"[0,1,4,6]","[0,462.962963,1851.851852,2777.777778]",cdd,0.1,2.700027,2.655175,2.768732,bracketed,Jeffreys-smoothed weighted decreasing isotonic; local log10-BLER interpolation,C300_PRG_DFT4_6REG,precoder cycling present,1.459835,baseline target SNR - candidate target SNR; positive means candidate needs less SNR,outputs/experiment031_pdcch_cdd/20260908_strict_sidon_search/fine_analysis/target_snr.csv,gain combines source target estimates produced by different crossing methods
31,PDCCH_C300_4T1R_2sym_AL2_estimated_A41,result-031,executed; awaiting researcher confirmation,PDCCH,Sionna 1.0.2 TDL-C,300,4,3,48,6,2,4,1,1,30,4096,288,41,QPSK,"A=41, CRC24C, Polar E=216",PDCCH DMRS; comb-3/REG for 1-symbol A100 or comb-4 on both symbols for C300,estimated,candidate-matched frequency or 2D time-frequency LMMSE,coherent QPSK LLR; MRC when n_rx>1,CRC24C/RNTI mask; Sionna Polar hybrid CA-SCL list 8,unit total transmit power per active RE,Es/N0: total transmit power per active RE divided by noise variance of each Rx branch; no n_rx scaling,C300_SIDON4_AL2_06,STRICT_SIDON,non-transparent; matched effective covariance,"[0,3,7,64]","[0,1388.888889,3240.740741,29629.62963]",cdd,0.1,2.93006,2.881302,2.994679,bracketed,Jeffreys-smoothed weighted decreasing isotonic; local log10-BLER interpolation,C300_PRG_DFT4_6REG,precoder cycling present,1.229802,baseline target SNR - candidate target SNR; positive means candidate needs less SNR,outputs/experiment031_pdcch_cdd/20260908_strict_sidon_search/fine_analysis/target_snr.csv,gain combines source target estimates produced by different crossing methods
31,PDCCH_C300_4T1R_2sym_AL2_estimated_A41,result-031,executed; awaiting researcher confirmation,PDCCH,Sionna 1.0.2 TDL-C,300,4,3,48,6,2,4,1,1,30,4096,288,41,QPSK,"A=41, CRC24C, Polar E=216",comb-4 on both CORESET symbols,estimated,matched/physical 2D time-frequency LMMSE; per-PRG for cycling,coherent QPSK LLR; MRC when n_rx>1,CRC24C/RNTI mask; Sionna Polar hybrid CA-SCL list 8,unit total transmit power per active RE,Es/N0: total transmit power per active RE divided by noise variance of each Rx branch; no n_rx scaling,C300_SMALL_CDD_QSTEP0P25_MATCHED_CDD,SMALL_CDD,matched_effective,"[0,0.03125,0.0625,0.09375]","[0,14.467593,28.935185,43.402778]",cdd,0.1,5.165733,5.090796,5.26753,bracketed,Jeffreys-smoothed weighted decreasing isotonic curve; local log10-BLER interpolation; raw adjacent bracket <=0.25 dB,C300_PRG_DFT4_6REG,precoder cycling present,-1.005871,baseline target SNR - candidate target SNR; positive means candidate needs less SNR,outputs/experiment031_pdcch_cdd/20260907_c300_4tx_2sym/analysis/target_snr.csv,
31,PDCCH_C300_4T1R_2sym_AL2_estimated_A41,result-031,executed; awaiting researcher confirmation,PDCCH,Sionna 1.0.2 TDL-C,300,4,3,48,6,2,4,1,1,30,4096,288,41,QPSK,"A=41, CRC24C, Polar E=216",comb-4 on both CORESET symbols,estimated,matched/physical 2D time-frequency LMMSE; per-PRG for cycling,coherent QPSK LLR; MRC when n_rx>1,CRC24C/RNTI mask; Sionna Polar hybrid CA-SCL list 8,unit total transmit power per active RE,Es/N0: total transmit power per active RE divided by noise variance of each Rx branch; no n_rx scaling,C300_SMALL_CDD_QSTEP0P25_TRANSPARENT_CDD,SMALL_CDD,physical_fullband,"[0,0.03125,0.0625,0.09375]","[0,14.467593,28.935185,43.402778]",cdd,0.1,5.136795,4.983789,5.293868,bracketed,Jeffreys-smoothed weighted decreasing isotonic curve; local log10-BLER interpolation; raw adjacent bracket <=0.25 dB,C300_PRG_DFT4_6REG,precoder cycling present,-0.976933,baseline target SNR - candidate target SNR; positive means candidate needs less SNR,outputs/experiment031_pdcch_cdd/20260907_c300_4tx_2sym/analysis/target_snr.csv,
31,PDCCH_C300_4T1R_2sym_AL2_ideal_A41,result-031,executed; awaiting researcher confirmation,PDCCH,Sionna 1.0.2 TDL-C,300,4,3,48,6,2,4,1,1,30,4096,288,41,QPSK,"A=41, CRC24C, Polar E=216",comb-4 on both CORESET symbols,ideal,true data-RE effective channel,coherent QPSK LLR; MRC when n_rx>1,CRC24C/RNTI mask; Sionna Polar hybrid CA-SCL list 8,unit total transmit power per active RE,Es/N0: total transmit power per active RE divided by noise variance of each Rx branch; no n_rx scaling,C300_AP_RMS_T1,AP_RMS_T1,ideal CSI,"[0,0.648,1.296,1.944]","[0,300,600,900]",cdd,0.01,5.443477,5.321517,5.580669,bracketed,Jeffreys-smoothed weighted decreasing isotonic curve; local log10-BLER interpolation; raw adjacent bracket <=0.25 dB,C300_PRG_DFT4_6REG,precoder cycling present,1.347117,baseline target SNR - candidate target SNR; positive means candidate needs less SNR,outputs/experiment031_pdcch_cdd/20260910_c300_4tx_2sym_ideal_csi/analysis/target_snr.csv,
31,PDCCH_C300_4T1R_2sym_AL2_ideal_A41,result-031,executed; awaiting researcher confirmation,PDCCH,Sionna 1.0.2 TDL-C,300,4,3,48,6,2,4,1,1,30,4096,288,41,QPSK,"A=41, CRC24C, Polar E=216",comb-4 on both CORESET symbols,ideal,true data-RE effective channel,coherent QPSK LLR; MRC when n_rx>1,CRC24C/RNTI mask; Sionna Polar hybrid CA-SCL list 8,unit total transmit power per active RE,Es/N0: total transmit power per active RE divided by noise variance of each Rx branch; no n_rx scaling,C300_AP_TEPS_T1,AP_TEPS_T1,ideal CSI,"[0,4.086612,8.173224,12.259836]","[0,1891.95,3783.9,5675.85]",cdd,0.01,3.196107,3.136841,3.281519,bracketed,Jeffreys-smoothed weighted decreasing isotonic curve; local log10-BLER interpolation; raw adjacent bracket <=0.25 dB,C300_PRG_DFT4_6REG,precoder cycling present,3.594487,baseline target SNR - candidate target SNR; positive means candidate needs less SNR,outputs/experiment031_pdcch_cdd/20260910_c300_4tx_2sym_ideal_csi/analysis/target_snr.csv,
31,PDCCH_C300_4T1R_2sym_AL2_ideal_A41,result-031,executed; awaiting researcher confirmation,PDCCH,Sionna 1.0.2 TDL-C,300,4,3,48,6,2,4,1,1,30,4096,288,41,QPSK,"A=41, CRC24C, Polar E=216",comb-4 on both CORESET symbols,ideal,true data-RE effective channel,coherent QPSK LLR; MRC when n_rx>1,CRC24C/RNTI mask; Sionna Polar hybrid CA-SCL list 8,unit total transmit power per active RE,Es/N0: total transmit power per active RE divided by noise variance of each Rx branch; no n_rx scaling,C300_B0_QC,B0_QC,ideal CSI,"[0,1.125,2.25,3.375]","[0,520.833333,1041.666667,1562.5]",cdd,0.01,4.356229,4.231306,4.43265,bracketed,Jeffreys-smoothed weighted decreasing isotonic curve; local log10-BLER interpolation; raw adjacent bracket <=0.25 dB,C300_PRG_DFT4_6REG,precoder cycling present,2.434365,baseline target SNR - candidate target SNR; positive means candidate needs less SNR,outputs/experiment031_pdcch_cdd/20260910_c300_4tx_2sym_ideal_csi/analysis/target_snr.csv,
31,PDCCH_C300_4T1R_2sym_AL2_ideal_A41,result-031,executed; awaiting researcher confirmation,PDCCH,Sionna 1.0.2 TDL-C,300,4,3,48,6,2,4,1,1,30,4096,288,41,QPSK,"A=41, CRC24C, Polar E=216",comb-4 on both CORESET symbols,ideal,true data-RE effective channel,coherent QPSK LLR; MRC when n_rx>1,CRC24C/RNTI mask; Sionna Polar hybrid CA-SCL list 8,unit total transmit power per active RE,Es/N0: total transmit power per active RE divided by noise variance of each Rx branch; no n_rx scaling,C300_GEO_T1_CTRL_BAL,GEO_T1_CTRL,ideal CSI,"[0,4,12,33]","[0,1851.851852,5555.555556,15277.777778]",cdd,0.01,3.165137,3.063598,3.271744,bracketed,Jeffreys-smoothed weighted decreasing isotonic curve; local log10-BLER interpolation; raw adjacent bracket <=0.25 dB,C300_PRG_DFT4_6REG,precoder cycling present,3.625457,baseline target SNR - candidate target SNR; positive means candidate needs less SNR,outputs/experiment031_pdcch_cdd/20260910_c300_4tx_2sym_ideal_csi/analysis/target_snr.csv,
31,PDCCH_C300_4T1R_2sym_AL2_ideal_A41,result-031,executed; awaiting researcher confirmation,PDCCH,Sionna 1.0.2 TDL-C,300,4,3,48,6,2,4,1,1,30,4096,288,41,QPSK,"A=41, CRC24C, Polar E=216",comb-4 on both CORESET symbols,ideal,true data-RE effective channel,coherent QPSK LLR; MRC when n_rx>1,CRC24C/RNTI mask; Sionna Polar hybrid CA-SCL list 8,unit total transmit power per active RE,Es/N0: total transmit power per active RE divided by noise variance of each Rx branch; no n_rx scaling,C300_GEO_T1_CTRL_FOLD,GEO_T1_CTRL,ideal CSI,"[0,4,10,32]","[0,1851.851852,4629.62963,14814.814815]",cdd,0.01,3.221154,3.150335,3.310505,bracketed,Jeffreys-smoothed weighted decreasing isotonic curve; local log10-BLER interpolation; raw adjacent bracket <=0.25 dB,C300_PRG_DFT4_6REG,precoder cycling present,3.56944,baseline target SNR - candidate target SNR; positive means candidate needs less SNR,outputs/experiment031_pdcch_cdd/20260910_c300_4tx_2sym_ideal_csi/analysis/target_snr.csv,
31,PDCCH_C300_4T1R_2sym_AL2_ideal_A41,result-031,executed; awaiting researcher confirmation,PDCCH,Sionna 1.0.2 TDL-C,300,4,3,48,6,2,4,1,1,30,4096,288,41,QPSK,"A=41, CRC24C, Polar E=216",comb-4 on both CORESET symbols,ideal,true data-RE effective channel,coherent QPSK LLR; MRC when n_rx>1,CRC24C/RNTI mask; Sionna Polar hybrid CA-SCL list 8,unit total transmit power per active RE,Es/N0: total transmit power per active RE divided by noise variance of each Rx branch; no n_rx scaling,C300_GEO_T1_CTRL_PAIR,GEO_T1_CTRL,ideal CSI,"[0,5,16,49]","[0,2314.814815,7407.407407,22685.185185]",cdd,0.01,3.281141,3.092309,3.353556,bracketed,Jeffreys-smoothed weighted decreasing isotonic curve; local log10-BLER interpolation; raw adjacent bracket <=0.25 dB,C300_PRG_DFT4_6REG,precoder cycling present,3.509453,baseline target SNR - candidate target SNR; positive means candidate needs less SNR,outputs/experiment031_pdcch_cdd/20260910_c300_4tx_2sym_ideal_csi/analysis/target_snr.csv,
31,PDCCH_C300_4T1R_2sym_AL2_ideal_A41,result-031,executed; awaiting researcher confirmation,PDCCH,Sionna 1.0.2 TDL-C,300,4,3,48,6,2,4,1,1,30,4096,288,41,QPSK,"A=41, CRC24C, Polar E=216",comb-4 on both CORESET symbols,ideal,true data-RE effective channel,coherent QPSK LLR; MRC when n_rx>1,CRC24C/RNTI mask; Sionna Polar hybrid CA-SCL list 8,unit total transmit power per active RE,Es/N0: total transmit power per active RE divided by noise variance of each Rx branch; no n_rx scaling,C300_PRG_DFT4_6REG,PRG_DFT,ideal CSI,,,reg_bundle_dft_cycling,0.01,6.790594,6.676922,6.885675,bracketed,Jeffreys-smoothed weighted decreasing isotonic curve; local log10-BLER interpolation; raw adjacent bracket <=0.25 dB,C300_PRG_DFT4_6REG,precoder cycling present,0,baseline target SNR - candidate target SNR; positive means candidate needs less SNR,outputs/experiment031_pdcch_cdd/20260910_c300_4tx_2sym_ideal_csi/analysis/target_snr.csv,
31,PDCCH_C300_4T1R_2sym_AL2_ideal_A41,result-031,executed; awaiting researcher confirmation,PDCCH,Sionna 1.0.2 TDL-C,300,4,3,48,6,2,4,1,1,30,4096,288,41,QPSK,"A=41, CRC24C, Polar E=216",comb-4 on both CORESET symbols,ideal,true data-RE effective channel,coherent QPSK LLR; MRC when n_rx>1,CRC24C/RNTI mask; Sionna Polar hybrid CA-SCL list 8,unit total transmit power per active RE,Es/N0: total transmit power per active RE divided by noise variance of each Rx branch; no n_rx scaling,C300_S0_SIDON,S0_SIDON,ideal CSI,"[0,1,3,7]","[0,462.962963,1388.888889,3240.740741]",cdd,0.01,3.608697,3.496801,3.697845,bracketed,Jeffreys-smoothed weighted decreasing isotonic curve; local log10-BLER interpolation; raw adjacent bracket <=0.25 dB,C300_PRG_DFT4_6REG,precoder cycling present,3.181897,baseline target SNR - candidate target SNR; positive means candidate needs less SNR,outputs/experiment031_pdcch_cdd/20260910_c300_4tx_2sym_ideal_csi/analysis/target_snr.csv,
31,PDCCH_C300_4T1R_2sym_AL2_ideal_A41,result-031,executed; awaiting researcher confirmation,PDCCH,Sionna 1.0.2 TDL-C,300,4,3,48,6,2,4,1,1,30,4096,288,41,QPSK,"A=41, CRC24C, Polar E=216",comb-4 on both CORESET symbols,ideal,true data-RE effective channel,coherent QPSK LLR; MRC when n_rx>1,CRC24C/RNTI mask; Sionna Polar hybrid CA-SCL list 8,unit total transmit power per active RE,Es/N0: total transmit power per active RE divided by noise variance of each Rx branch; no n_rx scaling,C300_SMALL_CDD_QSTEP0P25_IDEAL_CSI,SMALL_CDD,ideal CSI,"[0,0.03125,0.0625,0.09375]","[0,14.467593,28.935185,43.402778]",cdd,0.01,8.378155,8.206522,8.537025,bracketed,Jeffreys-smoothed weighted decreasing isotonic curve; local log10-BLER interpolation; raw adjacent bracket <=0.25 dB,C300_PRG_DFT4_6REG,precoder cycling present,-1.587561,baseline target SNR - candidate target SNR; positive means candidate needs less SNR,outputs/experiment031_pdcch_cdd/20260910_c300_4tx_2sym_ideal_csi/analysis/target_snr.csv,
31,PDCCH_C300_4T1R_2sym_AL2_ideal_A41,result-031,executed; awaiting researcher confirmation,PDCCH,Sionna 1.0.2 TDL-C,300,4,3,48,6,2,4,1,1,30,4096,288,41,QPSK,"A=41, CRC24C, Polar E=216",comb-4 on both CORESET symbols,ideal,true data-RE effective channel,coherent QPSK LLR; MRC when n_rx>1,CRC24C/RNTI mask; Sionna Polar hybrid CA-SCL list 8,unit total transmit power per active RE,Es/N0: total transmit power per active RE divided by noise variance of each Rx branch; no n_rx scaling,C300_AP_RMS_T1,AP_RMS_T1,ideal CSI,"[0,0.648,1.296,1.944]","[0,300,600,900]",cdd,0.1,1.965556,1.872954,2.061781,bracketed,Jeffreys-smoothed weighted decreasing isotonic curve; local log10-BLER interpolation; raw adjacent bracket <=0.25 dB,C300_PRG_DFT4_6REG,precoder cycling present,0.889491,baseline target SNR - candidate target SNR; positive means candidate needs less SNR,outputs/experiment031_pdcch_cdd/20260910_c300_4tx_2sym_ideal_csi/analysis/target_snr.csv,
31,PDCCH_C300_4T1R_2sym_AL2_ideal_A41,result-031,executed; awaiting researcher confirmation,PDCCH,Sionna 1.0.2 TDL-C,300,4,3,48,6,2,4,1,1,30,4096,288,41,QPSK,"A=41, CRC24C, Polar E=216",comb-4 on both CORESET symbols,ideal,true data-RE effective channel,coherent QPSK LLR; MRC when n_rx>1,CRC24C/RNTI mask; Sionna Polar hybrid CA-SCL list 8,unit total transmit power per active RE,Es/N0: total transmit power per active RE divided by noise variance of each Rx branch; no n_rx scaling,C300_AP_TEPS_T1,AP_TEPS_T1,ideal CSI,"[0,4.086612,8.173224,12.259836]","[0,1891.95,3783.9,5675.85]",cdd,0.1,0.813502,0.755872,0.854214,bracketed,Jeffreys-smoothed weighted decreasing isotonic curve; local log10-BLER interpolation; raw adjacent bracket <=0.25 dB,C300_PRG_DFT4_6REG,precoder cycling present,2.041545,baseline target SNR - candidate target SNR; positive means candidate needs less SNR,outputs/experiment031_pdcch_cdd/20260910_c300_4tx_2sym_ideal_csi/analysis/target_snr.csv,
31,PDCCH_C300_4T1R_2sym_AL2_ideal_A41,result-031,executed; awaiting researcher confirmation,PDCCH,Sionna 1.0.2 TDL-C,300,4,3,48,6,2,4,1,1,30,4096,288,41,QPSK,"A=41, CRC24C, Polar E=216",comb-4 on both CORESET symbols,ideal,true data-RE effective channel,coherent QPSK LLR; MRC when n_rx>1,CRC24C/RNTI mask; Sionna Polar hybrid CA-SCL list 8,unit total transmit power per active RE,Es/N0: total transmit power per active RE divided by noise variance of each Rx branch; no n_rx scaling,C300_B0_QC,B0_QC,ideal CSI,"[0,1.125,2.25,3.375]","[0,520.833333,1041.666667,1562.5]",cdd,0.1,1.265703,1.176042,1.325168,bracketed,Jeffreys-smoothed weighted decreasing isotonic curve; local log10-BLER interpolation; raw adjacent bracket <=0.25 dB,C300_PRG_DFT4_6REG,precoder cycling present,1.589344,baseline target SNR - candidate target SNR; positive means candidate needs less SNR,outputs/experiment031_pdcch_cdd/20260910_c300_4tx_2sym_ideal_csi/analysis/target_snr.csv,
31,PDCCH_C300_4T1R_2sym_AL2_ideal_A41,result-031,executed; awaiting researcher confirmation,PDCCH,Sionna 1.0.2 TDL-C,300,4,3,48,6,2,4,1,1,30,4096,288,41,QPSK,"A=41, CRC24C, Polar E=216",comb-4 on both CORESET symbols,ideal,true data-RE effective channel,coherent QPSK LLR; MRC when n_rx>1,CRC24C/RNTI mask; Sionna Polar hybrid CA-SCL list 8,unit total transmit power per active RE,Es/N0: total transmit power per active RE divided by noise variance of each Rx branch; no n_rx scaling,C300_GEO_T1_CTRL_BAL,GEO_T1_CTRL,ideal CSI,"[0,4,12,33]","[0,1851.851852,5555.555556,15277.777778]",cdd,0.1,0.735662,0.685132,0.800009,bracketed,Jeffreys-smoothed weighted decreasing isotonic curve; local log10-BLER interpolation; raw adjacent bracket <=0.25 dB,C300_PRG_DFT4_6REG,precoder cycling present,2.119385,baseline target SNR - candidate target SNR; positive means candidate needs less SNR,outputs/experiment031_pdcch_cdd/20260910_c300_4tx_2sym_ideal_csi/analysis/target_snr.csv,
31,PDCCH_C300_4T1R_2sym_AL2_ideal_A41,result-031,executed; awaiting researcher confirmation,PDCCH,Sionna 1.0.2 TDL-C,300,4,3,48,6,2,4,1,1,30,4096,288,41,QPSK,"A=41, CRC24C, Polar E=216",comb-4 on both CORESET symbols,ideal,true data-RE effective channel,coherent QPSK LLR; MRC when n_rx>1,CRC24C/RNTI mask; Sionna Polar hybrid CA-SCL list 8,unit total transmit power per active RE,Es/N0: total transmit power per active RE divided by noise variance of each Rx branch; no n_rx scaling,C300_GEO_T1_CTRL_FOLD,GEO_T1_CTRL,ideal CSI,"[0,4,10,32]","[0,1851.851852,4629.62963,14814.814815]",cdd,0.1,0.822335,0.768799,0.864926,bracketed,Jeffreys-smoothed weighted decreasing isotonic curve; local log10-BLER interpolation; raw adjacent bracket <=0.25 dB,C300_PRG_DFT4_6REG,precoder cycling present,2.032712,baseline target SNR - candidate target SNR; positive means candidate needs less SNR,outputs/experiment031_pdcch_cdd/20260910_c300_4tx_2sym_ideal_csi/analysis/target_snr.csv,
31,PDCCH_C300_4T1R_2sym_AL2_ideal_A41,result-031,executed; awaiting researcher confirmation,PDCCH,Sionna 1.0.2 TDL-C,300,4,3,48,6,2,4,1,1,30,4096,288,41,QPSK,"A=41, CRC24C, Polar E=216",comb-4 on both CORESET symbols,ideal,true data-RE effective channel,coherent QPSK LLR; MRC when n_rx>1,CRC24C/RNTI mask; Sionna Polar hybrid CA-SCL list 8,unit total transmit power per active RE,Es/N0: total transmit power per active RE divided by noise variance of each Rx branch; no n_rx scaling,C300_GEO_T1_CTRL_PAIR,GEO_T1_CTRL,ideal CSI,"[0,5,16,49]","[0,2314.814815,7407.407407,22685.185185]",cdd,0.1,0.753143,0.693562,0.81457,bracketed,Jeffreys-smoothed weighted decreasing isotonic curve; local log10-BLER interpolation; raw adjacent bracket <=0.25 dB,C300_PRG_DFT4_6REG,precoder cycling present,2.101904,baseline target SNR - candidate target SNR; positive means candidate needs less SNR,outputs/experiment031_pdcch_cdd/20260910_c300_4tx_2sym_ideal_csi/analysis/target_snr.csv,
31,PDCCH_C300_4T1R_2sym_AL2_ideal_A41,result-031,executed; awaiting researcher confirmation,PDCCH,Sionna 1.0.2 TDL-C,300,4,3,48,6,2,4,1,1,30,4096,288,41,QPSK,"A=41, CRC24C, Polar E=216",comb-4 on both CORESET symbols,ideal,true data-RE effective channel,coherent QPSK LLR; MRC when n_rx>1,CRC24C/RNTI mask; Sionna Polar hybrid CA-SCL list 8,unit total transmit power per active RE,Es/N0: total transmit power per active RE divided by noise variance of each Rx branch; no n_rx scaling,C300_PRG_DFT4_6REG,PRG_DFT,ideal CSI,,,reg_bundle_dft_cycling,0.1,2.855047,2.738186,2.970741,bracketed,Jeffreys-smoothed weighted decreasing isotonic curve; local log10-BLER interpolation; raw adjacent bracket <=0.25 dB,C300_PRG_DFT4_6REG,precoder cycling present,0,baseline target SNR - candidate target SNR; positive means candidate needs less SNR,outputs/experiment031_pdcch_cdd/20260910_c300_4tx_2sym_ideal_csi/analysis/target_snr.csv,
31,PDCCH_C300_4T1R_2sym_AL2_ideal_A41,result-031,executed; awaiting researcher confirmation,PDCCH,Sionna 1.0.2 TDL-C,300,4,3,48,6,2,4,1,1,30,4096,288,41,QPSK,"A=41, CRC24C, Polar E=216",comb-4 on both CORESET symbols,ideal,true data-RE effective channel,coherent QPSK LLR; MRC when n_rx>1,CRC24C/RNTI mask; Sionna Polar hybrid CA-SCL list 8,unit total transmit power per active RE,Es/N0: total transmit power per active RE divided by noise variance of each Rx branch; no n_rx scaling,C300_S0_SIDON,S0_SIDON,ideal CSI,"[0,1,3,7]","[0,462.962963,1388.888889,3240.740741]",cdd,0.1,1.000643,0.944395,1.077125,bracketed,Jeffreys-smoothed weighted decreasing isotonic curve; local log10-BLER interpolation; raw adjacent bracket <=0.25 dB,C300_PRG_DFT4_6REG,precoder cycling present,1.854404,baseline target SNR - candidate target SNR; positive means candidate needs less SNR,outputs/experiment031_pdcch_cdd/20260910_c300_4tx_2sym_ideal_csi/analysis/target_snr.csv,
31,PDCCH_C300_4T1R_2sym_AL2_ideal_A41,result-031,executed; awaiting researcher confirmation,PDCCH,Sionna 1.0.2 TDL-C,300,4,3,48,6,2,4,1,1,30,4096,288,41,QPSK,"A=41, CRC24C, Polar E=216",comb-4 on both CORESET symbols,ideal,true data-RE effective channel,coherent QPSK LLR; MRC when n_rx>1,CRC24C/RNTI mask; Sionna Polar hybrid CA-SCL list 8,unit total transmit power per active RE,Es/N0: total transmit power per active RE divided by noise variance of each Rx branch; no n_rx scaling,C300_SMALL_CDD_QSTEP0P25_IDEAL_CSI,SMALL_CDD,ideal CSI,"[0,0.03125,0.0625,0.09375]","[0,14.467593,28.935185,43.402778]",cdd,0.1,4.088572,4.026908,4.140365,bracketed,Jeffreys-smoothed weighted decreasing isotonic curve; local log10-BLER interpolation; raw adjacent bracket <=0.25 dB,C300_PRG_DFT4_6REG,precoder cycling present,-1.233525,baseline target SNR - candidate target SNR; positive means candidate needs less SNR,outputs/experiment031_pdcch_cdd/20260910_c300_4tx_2sym_ideal_csi/analysis/target_snr.csv,
31,PDCCH_C300_4T1R_2sym_AL4_estimated_A41,result-031,executed; awaiting researcher confirmation,PDCCH,Sionna 1.0.2 TDL-C,300,4,3,48,12,2,4,1,1,30,4096,288,41,QPSK,"A=41, CRC24C, Polar E=432",comb-4 on both CORESET symbols,estimated,matched/physical 2D time-frequency LMMSE; per-PRG for cycling,coherent QPSK LLR; MRC when n_rx>1,CRC24C/RNTI mask; Sionna Polar hybrid CA-SCL list 8,unit total transmit power per active RE,Es/N0: total transmit power per active RE divided by noise variance of each Rx branch; no n_rx scaling,C300_AP_RMS_T1,AP_RMS_T1,,"[0,1.296,2.592,3.888]","[0,300,600,900]",cdd,0.01,1.247779,1.157574,1.324736,bracketed,Jeffreys-smoothed weighted decreasing isotonic curve; local log10-BLER interpolation; raw adjacent bracket <=0.25 dB,C300_PRG_DFT4_6REG,precoder cycling present,0.868389,baseline target SNR - candidate target SNR; positive means candidate needs less SNR,outputs/experiment031_pdcch_cdd/20260907_c300_4tx_2sym/analysis/target_snr.csv,
31,PDCCH_C300_4T1R_2sym_AL4_estimated_A41,result-031,executed; awaiting researcher confirmation,PDCCH,Sionna 1.0.2 TDL-C,300,4,3,48,12,2,4,1,1,30,4096,288,41,QPSK,"A=41, CRC24C, Polar E=432",comb-4 on both CORESET symbols,estimated,matched/physical 2D time-frequency LMMSE; per-PRG for cycling,coherent QPSK LLR; MRC when n_rx>1,CRC24C/RNTI mask; Sionna Polar hybrid CA-SCL list 8,unit total transmit power per active RE,Es/N0: total transmit power per active RE divided by noise variance of each Rx branch; no n_rx scaling,C300_AP_TEPS_T1,AP_TEPS_T1,,"[0,8.173224,16.346448,24.519672]","[0,1891.95,3783.9,5675.85]",cdd,0.01,0.882191,0.819571,0.94045,bracketed,Jeffreys-smoothed weighted decreasing isotonic curve; local log10-BLER interpolation; raw adjacent bracket <=0.25 dB,C300_PRG_DFT4_6REG,precoder cycling present,1.233977,baseline target SNR - candidate target SNR; positive means candidate needs less SNR,outputs/experiment031_pdcch_cdd/20260907_c300_4tx_2sym/analysis/target_snr.csv,
31,PDCCH_C300_4T1R_2sym_AL4_estimated_A41,result-031,executed; awaiting researcher confirmation,PDCCH,Sionna 1.0.2 TDL-C,300,4,3,48,12,2,4,1,1,30,4096,288,41,QPSK,"A=41, CRC24C, Polar E=432",comb-4 on both CORESET symbols,estimated,matched/physical 2D time-frequency LMMSE; per-PRG for cycling,coherent QPSK LLR; MRC when n_rx>1,CRC24C/RNTI mask; Sionna Polar hybrid CA-SCL list 8,unit total transmit power per active RE,Es/N0: total transmit power per active RE divided by noise variance of each Rx branch; no n_rx scaling,C300_B0_QC,B0_QC,,"[0,2.25,4.5,6.75]","[0,520.833333,1041.666667,1562.5]",cdd,0.01,0.805446,0.710965,0.877662,bracketed,Jeffreys-smoothed weighted decreasing isotonic curve; local log10-BLER interpolation; raw adjacent bracket <=0.25 dB,C300_PRG_DFT4_6REG,precoder cycling present,1.310722,baseline target SNR - candidate target SNR; positive means candidate needs less SNR,outputs/experiment031_pdcch_cdd/20260907_c300_4tx_2sym/analysis/target_snr.csv,
31,PDCCH_C300_4T1R_2sym_AL4_estimated_A41,result-031,executed; awaiting researcher confirmation,PDCCH,Sionna 1.0.2 TDL-C,300,4,3,48,12,2,4,1,1,30,4096,288,41,QPSK,"A=41, CRC24C, Polar E=432",comb-4 on both CORESET symbols,estimated,matched/physical 2D time-frequency LMMSE; per-PRG for cycling,coherent QPSK LLR; MRC when n_rx>1,CRC24C/RNTI mask; Sionna Polar hybrid CA-SCL list 8,unit total transmit power per active RE,Es/N0: total transmit power per active RE divided by noise variance of each Rx branch; no n_rx scaling,C300_GEO_T1_CTRL_BAL,GEO_T1_CTRL,,"[0,10,30,97]","[0,2314.814815,6944.444444,22453.703704]",cdd,0.01,1.076265,0.97207,1.155659,bracketed,Jeffreys-smoothed weighted decreasing isotonic curve; local log10-BLER interpolation; raw adjacent bracket <=0.25 dB,C300_PRG_DFT4_6REG,precoder cycling present,1.039903,baseline target SNR - candidate target SNR; positive means candidate needs less SNR,outputs/experiment031_pdcch_cdd/20260907_c300_4tx_2sym/analysis/target_snr.csv,
31,PDCCH_C300_4T1R_2sym_AL4_estimated_A41,result-031,executed; awaiting researcher confirmation,PDCCH,Sionna 1.0.2 TDL-C,300,4,3,48,12,2,4,1,1,30,4096,288,41,QPSK,"A=41, CRC24C, Polar E=432",comb-4 on both CORESET symbols,estimated,matched/physical 2D time-frequency LMMSE; per-PRG for cycling,coherent QPSK LLR; MRC when n_rx>1,CRC24C/RNTI mask; Sionna Polar hybrid CA-SCL list 8,unit total transmit power per active RE,Es/N0: total transmit power per active RE divided by noise variance of each Rx branch; no n_rx scaling,C300_GEO_T1_CTRL_FOLD,GEO_T1_CTRL,,"[0,9,18,27]","[0,2083.333333,4166.666667,6250]",cdd,0.01,1.015575,0.938948,1.063229,bracketed,Jeffreys-smoothed weighted decreasing isotonic curve; local log10-BLER interpolation; raw adjacent bracket <=0.25 dB,C300_PRG_DFT4_6REG,precoder cycling present,1.100593,baseline target SNR - candidate target SNR; positive means candidate needs less SNR,outputs/experiment031_pdcch_cdd/20260907_c300_4tx_2sym/analysis/target_snr.csv,
31,PDCCH_C300_4T1R_2sym_AL4_estimated_A41,result-031,executed; awaiting researcher confirmation,PDCCH,Sionna 1.0.2 TDL-C,300,4,3,48,12,2,4,1,1,30,4096,288,41,QPSK,"A=41, CRC24C, Polar E=432",comb-4 on both CORESET symbols,estimated,matched/physical 2D time-frequency LMMSE; per-PRG for cycling,coherent QPSK LLR; MRC when n_rx>1,CRC24C/RNTI mask; Sionna Polar hybrid CA-SCL list 8,unit total transmit power per active RE,Es/N0: total transmit power per active RE divided by noise variance of each Rx branch; no n_rx scaling,C300_GEO_T1_CTRL_PAIR,GEO_T1_CTRL,,"[0,11,44,66]","[0,2546.296296,10185.185185,15277.777778]",cdd,0.01,1.406393,1.318282,1.508402,bracketed,Jeffreys-smoothed weighted decreasing isotonic curve; local log10-BLER interpolation; raw adjacent bracket <=0.25 dB,C300_PRG_DFT4_6REG,precoder cycling present,0.709775,baseline target SNR - candidate target SNR; positive means candidate needs less SNR,outputs/experiment031_pdcch_cdd/20260907_c300_4tx_2sym/analysis/target_snr.csv,
31,PDCCH_C300_4T1R_2sym_AL4_estimated_A41,result-031,executed; awaiting researcher confirmation,PDCCH,Sionna 1.0.2 TDL-C,300,4,3,48,12,2,4,1,1,30,4096,288,41,QPSK,"A=41, CRC24C, Polar E=432",comb-4 on both CORESET symbols,estimated,matched/physical 2D time-frequency LMMSE; per-PRG for cycling,coherent QPSK LLR; MRC when n_rx>1,CRC24C/RNTI mask; Sionna Polar hybrid CA-SCL list 8,unit total transmit power per active RE,Es/N0: total transmit power per active RE divided by noise variance of each Rx branch; no n_rx scaling,C300_PRG_DFT4_6REG,PRG_DFT,physical_prg,,,reg_bundle_dft_cycling,0.01,2.116168,1.978883,2.251454,bracketed,Jeffreys-smoothed weighted decreasing isotonic curve; local log10-BLER interpolation; raw adjacent bracket <=0.25 dB,C300_PRG_DFT4_6REG,precoder cycling present,0,baseline target SNR - candidate target SNR; positive means candidate needs less SNR,outputs/experiment031_pdcch_cdd/20260907_c300_4tx_2sym/analysis/target_snr.csv,
31,PDCCH_C300_4T1R_2sym_AL4_estimated_A41,result-031,executed; awaiting researcher confirmation,PDCCH,Sionna 1.0.2 TDL-C,300,4,3,48,12,2,4,1,1,30,4096,288,41,QPSK,"A=41, CRC24C, Polar E=432",comb-4 on both CORESET symbols,estimated,matched/physical 2D time-frequency LMMSE; per-PRG for cycling,coherent QPSK LLR; MRC when n_rx>1,CRC24C/RNTI mask; Sionna Polar hybrid CA-SCL list 8,unit total transmit power per active RE,Es/N0: total transmit power per active RE divided by noise variance of each Rx branch; no n_rx scaling,C300_S0_SIDON,S0_SIDON,,"[0,1,3,7]","[0,231.481481,694.444444,1620.37037]",cdd,0.01,1.041296,0.91429,1.11086,bracketed,Jeffreys-smoothed weighted decreasing isotonic curve; local log10-BLER interpolation; raw adjacent bracket <=0.25 dB,C300_PRG_DFT4_6REG,precoder cycling present,1.074872,baseline target SNR - candidate target SNR; positive means candidate needs less SNR,outputs/experiment031_pdcch_cdd/20260907_c300_4tx_2sym/analysis/target_snr.csv,
31,PDCCH_C300_4T1R_2sym_AL4_estimated_A41,result-031,executed; awaiting researcher confirmation,PDCCH,Sionna 1.0.2 TDL-C,300,4,3,48,12,2,4,1,1,30,4096,288,41,QPSK,"A=41, CRC24C, Polar E=432",PDCCH DMRS; comb-3/REG for 1-symbol A100 or comb-4 on both symbols for C300,estimated,candidate-matched frequency or 2D time-frequency LMMSE,coherent QPSK LLR; MRC when n_rx>1,CRC24C/RNTI mask; Sionna Polar hybrid CA-SCL list 8,unit total transmit power per active RE,Es/N0: total transmit power per active RE divided by noise variance of each Rx branch; no n_rx scaling,C300_SIDON4_AL4_01,STRICT_SIDON,non-transparent; matched effective covariance,"[0,1,3,7]","[0,231.481481,694.444444,1620.37037]",cdd,0.01,0.982569,0.901071,1.060656,bracketed,Jeffreys-smoothed weighted decreasing isotonic; local log10-BLER interpolation,C300_PRG_DFT4_6REG,precoder cycling present,1.133599,baseline target SNR - candidate target SNR; positive means candidate needs less SNR,outputs/experiment031_pdcch_cdd/20260908_strict_sidon_search/fine_analysis/target_snr.csv,gain combines source target estimates produced by different crossing methods
31,PDCCH_C300_4T1R_2sym_AL4_estimated_A41,result-031,executed; awaiting researcher confirmation,PDCCH,Sionna 1.0.2 TDL-C,300,4,3,48,12,2,4,1,1,30,4096,288,41,QPSK,"A=41, CRC24C, Polar E=432",PDCCH DMRS; comb-3/REG for 1-symbol A100 or comb-4 on both symbols for C300,estimated,candidate-matched frequency or 2D time-frequency LMMSE,coherent QPSK LLR; MRC when n_rx>1,CRC24C/RNTI mask; Sionna Polar hybrid CA-SCL list 8,unit total transmit power per active RE,Es/N0: total transmit power per active RE divided by noise variance of each Rx branch; no n_rx scaling,C300_SIDON4_AL4_02,STRICT_SIDON,non-transparent; matched effective covariance,"[0,11,44,66]","[0,2546.296296,10185.185185,15277.777778]",cdd,0.01,1.374388,1.243152,1.487519,bracketed,Jeffreys-smoothed weighted decreasing isotonic; local log10-BLER interpolation,C300_PRG_DFT4_6REG,precoder cycling present,0.74178,baseline target SNR - candidate target SNR; positive means candidate needs less SNR,outputs/experiment031_pdcch_cdd/20260908_strict_sidon_search/fine_analysis/target_snr.csv,gain combines source target estimates produced by different crossing methods
31,PDCCH_C300_4T1R_2sym_AL4_estimated_A41,result-031,executed; awaiting researcher confirmation,PDCCH,Sionna 1.0.2 TDL-C,300,4,3,48,12,2,4,1,1,30,4096,288,41,QPSK,"A=41, CRC24C, Polar E=432",PDCCH DMRS; comb-3/REG for 1-symbol A100 or comb-4 on both symbols for C300,estimated,candidate-matched frequency or 2D time-frequency LMMSE,coherent QPSK LLR; MRC when n_rx>1,CRC24C/RNTI mask; Sionna Polar hybrid CA-SCL list 8,unit total transmit power per active RE,Es/N0: total transmit power per active RE divided by noise variance of each Rx branch; no n_rx scaling,C300_SIDON4_AL4_03,STRICT_SIDON,non-transparent; matched effective covariance,"[0,8,20,64]","[0,1851.851852,4629.62963,14814.814815]",cdd,0.01,0.976446,0.888786,1.075464,bracketed,Jeffreys-smoothed weighted decreasing isotonic; local log10-BLER interpolation,C300_PRG_DFT4_6REG,precoder cycling present,1.139722,baseline target SNR - candidate target SNR; positive means candidate needs less SNR,outputs/experiment031_pdcch_cdd/20260908_strict_sidon_search/fine_analysis/target_snr.csv,gain combines source target estimates produced by different crossing methods
31,PDCCH_C300_4T1R_2sym_AL4_estimated_A41,result-031,executed; awaiting researcher confirmation,PDCCH,Sionna 1.0.2 TDL-C,300,4,3,48,12,2,4,1,1,30,4096,288,41,QPSK,"A=41, CRC24C, Polar E=432",PDCCH DMRS; comb-3/REG for 1-symbol A100 or comb-4 on both symbols for C300,estimated,candidate-matched frequency or 2D time-frequency LMMSE,coherent QPSK LLR; MRC when n_rx>1,CRC24C/RNTI mask; Sionna Polar hybrid CA-SCL list 8,unit total transmit power per active RE,Es/N0: total transmit power per active RE divided by noise variance of each Rx branch; no n_rx scaling,C300_SIDON4_AL4_06,STRICT_SIDON,non-transparent; matched effective covariance,"[0,3,7,136]","[0,694.444444,1620.37037,31481.481481]",cdd,0.01,0.817105,0.729511,0.872005,bracketed,Jeffreys-smoothed weighted decreasing isotonic; local log10-BLER interpolation,C300_PRG_DFT4_6REG,precoder cycling present,1.299063,baseline target SNR - candidate target SNR; positive means candidate needs less SNR,outputs/experiment031_pdcch_cdd/20260908_strict_sidon_search/fine_analysis/target_snr.csv,gain combines source target estimates produced by different crossing methods
31,PDCCH_C300_4T1R_2sym_AL4_estimated_A41,result-031,executed; awaiting researcher confirmation,PDCCH,Sionna 1.0.2 TDL-C,300,4,3,48,12,2,4,1,1,30,4096,288,41,QPSK,"A=41, CRC24C, Polar E=432",comb-4 on both CORESET symbols,estimated,matched/physical 2D time-frequency LMMSE; per-PRG for cycling,coherent QPSK LLR; MRC when n_rx>1,CRC24C/RNTI mask; Sionna Polar hybrid CA-SCL list 8,unit total transmit power per active RE,Es/N0: total transmit power per active RE divided by noise variance of each Rx branch; no n_rx scaling,C300_SMALL_CDD_QSTEP0P25_MATCHED_CDD,SMALL_CDD,matched_effective,"[0,0.0625,0.125,0.1875]","[0,14.467593,28.935185,43.402778]",cdd,0.01,3.951271,3.833618,4.128043,bracketed,Jeffreys-smoothed weighted decreasing isotonic curve; local log10-BLER interpolation; raw adjacent bracket <=0.25 dB,C300_PRG_DFT4_6REG,precoder cycling present,-1.835103,baseline target SNR - candidate target SNR; positive means candidate needs less SNR,outputs/experiment031_pdcch_cdd/20260907_c300_4tx_2sym/analysis/target_snr.csv,
31,PDCCH_C300_4T1R_2sym_AL4_estimated_A41,result-031,executed; awaiting researcher confirmation,PDCCH,Sionna 1.0.2 TDL-C,300,4,3,48,12,2,4,1,1,30,4096,288,41,QPSK,"A=41, CRC24C, Polar E=432",comb-4 on both CORESET symbols,estimated,matched/physical 2D time-frequency LMMSE; per-PRG for cycling,coherent QPSK LLR; MRC when n_rx>1,CRC24C/RNTI mask; Sionna Polar hybrid CA-SCL list 8,unit total transmit power per active RE,Es/N0: total transmit power per active RE divided by noise variance of each Rx branch; no n_rx scaling,C300_SMALL_CDD_QSTEP0P25_TRANSPARENT_CDD,SMALL_CDD,physical_fullband,"[0,0.0625,0.125,0.1875]","[0,14.467593,28.935185,43.402778]",cdd,0.01,3.854353,3.627442,4.083989,bracketed,Jeffreys-smoothed weighted decreasing isotonic curve; local log10-BLER interpolation; raw adjacent bracket <=0.25 dB,C300_PRG_DFT4_6REG,precoder cycling present,-1.738185,baseline target SNR - candidate target SNR; positive means candidate needs less SNR,outputs/experiment031_pdcch_cdd/20260907_c300_4tx_2sym/analysis/target_snr.csv,
31,PDCCH_C300_4T1R_2sym_AL4_estimated_A41,result-031,executed; awaiting researcher confirmation,PDCCH,Sionna 1.0.2 TDL-C,300,4,3,48,12,2,4,1,1,30,4096,288,41,QPSK,"A=41, CRC24C, Polar E=432",comb-4 on both CORESET symbols,estimated,matched/physical 2D time-frequency LMMSE; per-PRG for cycling,coherent QPSK LLR; MRC when n_rx>1,CRC24C/RNTI mask; Sionna Polar hybrid CA-SCL list 8,unit total transmit power per active RE,Es/N0: total transmit power per active RE divided by noise variance of each Rx branch; no n_rx scaling,C300_AP_RMS_T1,AP_RMS_T1,,"[0,1.296,2.592,3.888]","[0,300,600,900]",cdd,0.1,-1.328602,-1.370517,-1.277018,bracketed,Jeffreys-smoothed weighted decreasing isotonic curve; local log10-BLER interpolation; raw adjacent bracket <=0.25 dB,C300_PRG_DFT4_6REG,precoder cycling present,0.35194,baseline target SNR - candidate target SNR; positive means candidate needs less SNR,outputs/experiment031_pdcch_cdd/20260907_c300_4tx_2sym/analysis/target_snr.csv,
31,PDCCH_C300_4T1R_2sym_AL4_estimated_A41,result-031,executed; awaiting researcher confirmation,PDCCH,Sionna 1.0.2 TDL-C,300,4,3,48,12,2,4,1,1,30,4096,288,41,QPSK,"A=41, CRC24C, Polar E=432",comb-4 on both CORESET symbols,estimated,matched/physical 2D time-frequency LMMSE; per-PRG for cycling,coherent QPSK LLR; MRC when n_rx>1,CRC24C/RNTI mask; Sionna Polar hybrid CA-SCL list 8,unit total transmit power per active RE,Es/N0: total transmit power per active RE divided by noise variance of each Rx branch; no n_rx scaling,C300_AP_TEPS_T1,AP_TEPS_T1,,"[0,8.173224,16.346448,24.519672]","[0,1891.95,3783.9,5675.85]",cdd,0.1,-1.236502,-1.29725,-1.193116,bracketed,Jeffreys-smoothed weighted decreasing isotonic curve; local log10-BLER interpolation; raw adjacent bracket <=0.25 dB,C300_PRG_DFT4_6REG,precoder cycling present,0.25984,baseline target SNR - candidate target SNR; positive means candidate needs less SNR,outputs/experiment031_pdcch_cdd/20260907_c300_4tx_2sym/analysis/target_snr.csv,
31,PDCCH_C300_4T1R_2sym_AL4_estimated_A41,result-031,executed; awaiting researcher confirmation,PDCCH,Sionna 1.0.2 TDL-C,300,4,3,48,12,2,4,1,1,30,4096,288,41,QPSK,"A=41, CRC24C, Polar E=432",comb-4 on both CORESET symbols,estimated,matched/physical 2D time-frequency LMMSE; per-PRG for cycling,coherent QPSK LLR; MRC when n_rx>1,CRC24C/RNTI mask; Sionna Polar hybrid CA-SCL list 8,unit total transmit power per active RE,Es/N0: total transmit power per active RE divided by noise variance of each Rx branch; no n_rx scaling,C300_B0_QC,B0_QC,,"[0,2.25,4.5,6.75]","[0,520.833333,1041.666667,1562.5]",cdd,0.1,-1.450364,-1.505578,-1.411136,bracketed,Jeffreys-smoothed weighted decreasing isotonic curve; local log10-BLER interpolation; raw adjacent bracket <=0.25 dB,C300_PRG_DFT4_6REG,precoder cycling present,0.473702,baseline target SNR - candidate target SNR; positive means candidate needs less SNR,outputs/experiment031_pdcch_cdd/20260907_c300_4tx_2sym/analysis/target_snr.csv,
31,PDCCH_C300_4T1R_2sym_AL4_estimated_A41,result-031,executed; awaiting researcher confirmation,PDCCH,Sionna 1.0.2 TDL-C,300,4,3,48,12,2,4,1,1,30,4096,288,41,QPSK,"A=41, CRC24C, Polar E=432",comb-4 on both CORESET symbols,estimated,matched/physical 2D time-frequency LMMSE; per-PRG for cycling,coherent QPSK LLR; MRC when n_rx>1,CRC24C/RNTI mask; Sionna Polar hybrid CA-SCL list 8,unit total transmit power per active RE,Es/N0: total transmit power per active RE divided by noise variance of each Rx branch; no n_rx scaling,C300_GEO_T1_CTRL_BAL,GEO_T1_CTRL,,"[0,10,30,97]","[0,2314.814815,6944.444444,22453.703704]",cdd,0.1,-1.139917,-1.187062,-1.099293,bracketed,Jeffreys-smoothed weighted decreasing isotonic curve; local log10-BLER interpolation; raw adjacent bracket <=0.25 dB,C300_PRG_DFT4_6REG,precoder cycling present,0.163255,baseline target SNR - candidate target SNR; positive means candidate needs less SNR,outputs/experiment031_pdcch_cdd/20260907_c300_4tx_2sym/analysis/target_snr.csv,
31,PDCCH_C300_4T1R_2sym_AL4_estimated_A41,result-031,executed; awaiting researcher confirmation,PDCCH,Sionna 1.0.2 TDL-C,300,4,3,48,12,2,4,1,1,30,4096,288,41,QPSK,"A=41, CRC24C, Polar E=432",comb-4 on both CORESET symbols,estimated,matched/physical 2D time-frequency LMMSE; per-PRG for cycling,coherent QPSK LLR; MRC when n_rx>1,CRC24C/RNTI mask; Sionna Polar hybrid CA-SCL list 8,unit total transmit power per active RE,Es/N0: total transmit power per active RE divided by noise variance of each Rx branch; no n_rx scaling,C300_GEO_T1_CTRL_FOLD,GEO_T1_CTRL,,"[0,9,18,27]","[0,2083.333333,4166.666667,6250]",cdd,0.1,-1.241436,-1.296313,-1.181157,bracketed,Jeffreys-smoothed weighted decreasing isotonic curve; local log10-BLER interpolation; raw adjacent bracket <=0.25 dB,C300_PRG_DFT4_6REG,precoder cycling present,0.264774,baseline target SNR - candidate target SNR; positive means candidate needs less SNR,outputs/experiment031_pdcch_cdd/20260907_c300_4tx_2sym/analysis/target_snr.csv,
31,PDCCH_C300_4T1R_2sym_AL4_estimated_A41,result-031,executed; awaiting researcher confirmation,PDCCH,Sionna 1.0.2 TDL-C,300,4,3,48,12,2,4,1,1,30,4096,288,41,QPSK,"A=41, CRC24C, Polar E=432",comb-4 on both CORESET symbols,estimated,matched/physical 2D time-frequency LMMSE; per-PRG for cycling,coherent QPSK LLR; MRC when n_rx>1,CRC24C/RNTI mask; Sionna Polar hybrid CA-SCL list 8,unit total transmit power per active RE,Es/N0: total transmit power per active RE divided by noise variance of each Rx branch; no n_rx scaling,C300_GEO_T1_CTRL_PAIR,GEO_T1_CTRL,,"[0,11,44,66]","[0,2546.296296,10185.185185,15277.777778]",cdd,0.1,-1.070176,-1.10814,-1.021032,bracketed,Jeffreys-smoothed weighted decreasing isotonic curve; local log10-BLER interpolation; raw adjacent bracket <=0.25 dB,C300_PRG_DFT4_6REG,precoder cycling present,0.093514,baseline target SNR - candidate target SNR; positive means candidate needs less SNR,outputs/experiment031_pdcch_cdd/20260907_c300_4tx_2sym/analysis/target_snr.csv,
31,PDCCH_C300_4T1R_2sym_AL4_estimated_A41,result-031,executed; awaiting researcher confirmation,PDCCH,Sionna 1.0.2 TDL-C,300,4,3,48,12,2,4,1,1,30,4096,288,41,QPSK,"A=41, CRC24C, Polar E=432",comb-4 on both CORESET symbols,estimated,matched/physical 2D time-frequency LMMSE; per-PRG for cycling,coherent QPSK LLR; MRC when n_rx>1,CRC24C/RNTI mask; Sionna Polar hybrid CA-SCL list 8,unit total transmit power per active RE,Es/N0: total transmit power per active RE divided by noise variance of each Rx branch; no n_rx scaling,C300_PRG_DFT4_6REG,PRG_DFT,physical_prg,,,reg_bundle_dft_cycling,0.1,-0.976662,-1.05975,-0.878377,bracketed,Jeffreys-smoothed weighted decreasing isotonic curve; local log10-BLER interpolation; raw adjacent bracket <=0.25 dB,C300_PRG_DFT4_6REG,precoder cycling present,0,baseline target SNR - candidate target SNR; positive means candidate needs less SNR,outputs/experiment031_pdcch_cdd/20260907_c300_4tx_2sym/analysis/target_snr.csv,
31,PDCCH_C300_4T1R_2sym_AL4_estimated_A41,result-031,executed; awaiting researcher confirmation,PDCCH,Sionna 1.0.2 TDL-C,300,4,3,48,12,2,4,1,1,30,4096,288,41,QPSK,"A=41, CRC24C, Polar E=432",comb-4 on both CORESET symbols,estimated,matched/physical 2D time-frequency LMMSE; per-PRG for cycling,coherent QPSK LLR; MRC when n_rx>1,CRC24C/RNTI mask; Sionna Polar hybrid CA-SCL list 8,unit total transmit power per active RE,Es/N0: total transmit power per active RE divided by noise variance of each Rx branch; no n_rx scaling,C300_S0_SIDON,S0_SIDON,,"[0,1,3,7]","[0,231.481481,694.444444,1620.37037]",cdd,0.1,-1.38949,-1.463965,-1.314122,bracketed,Jeffreys-smoothed weighted decreasing isotonic curve; local log10-BLER interpolation; raw adjacent bracket <=0.25 dB,C300_PRG_DFT4_6REG,precoder cycling present,0.412828,baseline target SNR - candidate target SNR; positive means candidate needs less SNR,outputs/experiment031_pdcch_cdd/20260907_c300_4tx_2sym/analysis/target_snr.csv,
31,PDCCH_C300_4T1R_2sym_AL4_estimated_A41,result-031,executed; awaiting researcher confirmation,PDCCH,Sionna 1.0.2 TDL-C,300,4,3,48,12,2,4,1,1,30,4096,288,41,QPSK,"A=41, CRC24C, Polar E=432",PDCCH DMRS; comb-3/REG for 1-symbol A100 or comb-4 on both symbols for C300,estimated,candidate-matched frequency or 2D time-frequency LMMSE,coherent QPSK LLR; MRC when n_rx>1,CRC24C/RNTI mask; Sionna Polar hybrid CA-SCL list 8,unit total transmit power per active RE,Es/N0: total transmit power per active RE divided by noise variance of each Rx branch; no n_rx scaling,C300_SIDON4_AL4_01,STRICT_SIDON,non-transparent; matched effective covariance,"[0,1,3,7]","[0,231.481481,694.444444,1620.37037]",cdd,0.1,-1.395206,-1.470562,-1.320442,bracketed,Jeffreys-smoothed weighted decreasing isotonic; local log10-BLER interpolation,C300_PRG_DFT4_6REG,precoder cycling present,0.418544,baseline target SNR - candidate target SNR; positive means candidate needs less SNR,outputs/experiment031_pdcch_cdd/20260908_strict_sidon_search/fine_analysis/target_snr.csv,gain combines source target estimates produced by different crossing methods
31,PDCCH_C300_4T1R_2sym_AL4_estimated_A41,result-031,executed; awaiting researcher confirmation,PDCCH,Sionna 1.0.2 TDL-C,300,4,3,48,12,2,4,1,1,30,4096,288,41,QPSK,"A=41, CRC24C, Polar E=432",PDCCH DMRS; comb-3/REG for 1-symbol A100 or comb-4 on both symbols for C300,estimated,candidate-matched frequency or 2D time-frequency LMMSE,coherent QPSK LLR; MRC when n_rx>1,CRC24C/RNTI mask; Sionna Polar hybrid CA-SCL list 8,unit total transmit power per active RE,Es/N0: total transmit power per active RE divided by noise variance of each Rx branch; no n_rx scaling,C300_SIDON4_AL4_02,STRICT_SIDON,non-transparent; matched effective covariance,"[0,11,44,66]","[0,2546.296296,10185.185185,15277.777778]",cdd,0.1,-1.03001,-1.07537,-0.971841,bracketed,Jeffreys-smoothed weighted decreasing isotonic; local log10-BLER interpolation,C300_PRG_DFT4_6REG,precoder cycling present,0.053348,baseline target SNR - candidate target SNR; positive means candidate needs less SNR,outputs/experiment031_pdcch_cdd/20260908_strict_sidon_search/fine_analysis/target_snr.csv,gain combines source target estimates produced by different crossing methods
31,PDCCH_C300_4T1R_2sym_AL4_estimated_A41,result-031,executed; awaiting researcher confirmation,PDCCH,Sionna 1.0.2 TDL-C,300,4,3,48,12,2,4,1,1,30,4096,288,41,QPSK,"A=41, CRC24C, Polar E=432",PDCCH DMRS; comb-3/REG for 1-symbol A100 or comb-4 on both symbols for C300,estimated,candidate-matched frequency or 2D time-frequency LMMSE,coherent QPSK LLR; MRC when n_rx>1,CRC24C/RNTI mask; Sionna Polar hybrid CA-SCL list 8,unit total transmit power per active RE,Es/N0: total transmit power per active RE divided by noise variance of each Rx branch; no n_rx scaling,C300_SIDON4_AL4_03,STRICT_SIDON,non-transparent; matched effective covariance,"[0,8,20,64]","[0,1851.851852,4629.62963,14814.814815]",cdd,0.1,-1.168326,-1.217089,-1.12749,bracketed,Jeffreys-smoothed weighted decreasing isotonic; local log10-BLER interpolation,C300_PRG_DFT4_6REG,precoder cycling present,0.191664,baseline target SNR - candidate target SNR; positive means candidate needs less SNR,outputs/experiment031_pdcch_cdd/20260908_strict_sidon_search/fine_analysis/target_snr.csv,gain combines source target estimates produced by different crossing methods
31,PDCCH_C300_4T1R_2sym_AL4_estimated_A41,result-031,executed; awaiting researcher confirmation,PDCCH,Sionna 1.0.2 TDL-C,300,4,3,48,12,2,4,1,1,30,4096,288,41,QPSK,"A=41, CRC24C, Polar E=432",PDCCH DMRS; comb-3/REG for 1-symbol A100 or comb-4 on both symbols for C300,estimated,candidate-matched frequency or 2D time-frequency LMMSE,coherent QPSK LLR; MRC when n_rx>1,CRC24C/RNTI mask; Sionna Polar hybrid CA-SCL list 8,unit total transmit power per active RE,Es/N0: total transmit power per active RE divided by noise variance of each Rx branch; no n_rx scaling,C300_SIDON4_AL4_06,STRICT_SIDON,non-transparent; matched effective covariance,"[0,3,7,136]","[0,694.444444,1620.37037,31481.481481]",cdd,0.1,-1.404815,-1.458315,-1.357412,bracketed,Jeffreys-smoothed weighted decreasing isotonic; local log10-BLER interpolation,C300_PRG_DFT4_6REG,precoder cycling present,0.428153,baseline target SNR - candidate target SNR; positive means candidate needs less SNR,outputs/experiment031_pdcch_cdd/20260908_strict_sidon_search/fine_analysis/target_snr.csv,gain combines source target estimates produced by different crossing methods
31,PDCCH_C300_4T1R_2sym_AL4_estimated_A41,result-031,executed; awaiting researcher confirmation,PDCCH,Sionna 1.0.2 TDL-C,300,4,3,48,12,2,4,1,1,30,4096,288,41,QPSK,"A=41, CRC24C, Polar E=432",comb-4 on both CORESET symbols,estimated,matched/physical 2D time-frequency LMMSE; per-PRG for cycling,coherent QPSK LLR; MRC when n_rx>1,CRC24C/RNTI mask; Sionna Polar hybrid CA-SCL list 8,unit total transmit power per active RE,Es/N0: total transmit power per active RE divided by noise variance of each Rx branch; no n_rx scaling,C300_SMALL_CDD_QSTEP0P25_MATCHED_CDD,SMALL_CDD,matched_effective,"[0,0.0625,0.125,0.1875]","[0,14.467593,28.935185,43.402778]",cdd,0.1,0.231176,0.093039,0.342641,bracketed,Jeffreys-smoothed weighted decreasing isotonic curve; local log10-BLER interpolation; raw adjacent bracket <=0.25 dB,C300_PRG_DFT4_6REG,precoder cycling present,-1.207838,baseline target SNR - candidate target SNR; positive means candidate needs less SNR,outputs/experiment031_pdcch_cdd/20260907_c300_4tx_2sym/analysis/target_snr.csv,
31,PDCCH_C300_4T1R_2sym_AL4_estimated_A41,result-031,executed; awaiting researcher confirmation,PDCCH,Sionna 1.0.2 TDL-C,300,4,3,48,12,2,4,1,1,30,4096,288,41,QPSK,"A=41, CRC24C, Polar E=432",comb-4 on both CORESET symbols,estimated,matched/physical 2D time-frequency LMMSE; per-PRG for cycling,coherent QPSK LLR; MRC when n_rx>1,CRC24C/RNTI mask; Sionna Polar hybrid CA-SCL list 8,unit total transmit power per active RE,Es/N0: total transmit power per active RE divided by noise variance of each Rx branch; no n_rx scaling,C300_SMALL_CDD_QSTEP0P25_TRANSPARENT_CDD,SMALL_CDD,physical_fullband,"[0,0.0625,0.125,0.1875]","[0,14.467593,28.935185,43.402778]",cdd,0.1,0.25592,0.089672,0.327528,bracketed,Jeffreys-smoothed weighted decreasing isotonic curve; local log10-BLER interpolation; raw adjacent bracket <=0.25 dB,C300_PRG_DFT4_6REG,precoder cycling present,-1.232582,baseline target SNR - candidate target SNR; positive means candidate needs less SNR,outputs/experiment031_pdcch_cdd/20260907_c300_4tx_2sym/analysis/target_snr.csv,
31,PDCCH_C300_4T1R_2sym_AL4_ideal_A41,result-031,executed; awaiting researcher confirmation,PDCCH,Sionna 1.0.2 TDL-C,300,4,3,48,12,2,4,1,1,30,4096,288,41,QPSK,"A=41, CRC24C, Polar E=432",comb-4 on both CORESET symbols,ideal,true data-RE effective channel,coherent QPSK LLR; MRC when n_rx>1,CRC24C/RNTI mask; Sionna Polar hybrid CA-SCL list 8,unit total transmit power per active RE,Es/N0: total transmit power per active RE divided by noise variance of each Rx branch; no n_rx scaling,C300_AP_RMS_T1,AP_RMS_T1,ideal CSI,"[0,1.296,2.592,3.888]","[0,300,600,900]",cdd,0.01,-0.554596,-0.662536,-0.453907,bracketed,Jeffreys-smoothed weighted decreasing isotonic curve; local log10-BLER interpolation; raw adjacent bracket <=0.25 dB,C300_PRG_DFT4_6REG,precoder cycling present,0.769032,baseline target SNR - candidate target SNR; positive means candidate needs less SNR,outputs/experiment031_pdcch_cdd/20260910_c300_4tx_2sym_ideal_csi/analysis/target_snr.csv,
31,PDCCH_C300_4T1R_2sym_AL4_ideal_A41,result-031,executed; awaiting researcher confirmation,PDCCH,Sionna 1.0.2 TDL-C,300,4,3,48,12,2,4,1,1,30,4096,288,41,QPSK,"A=41, CRC24C, Polar E=432",comb-4 on both CORESET symbols,ideal,true data-RE effective channel,coherent QPSK LLR; MRC when n_rx>1,CRC24C/RNTI mask; Sionna Polar hybrid CA-SCL list 8,unit total transmit power per active RE,Es/N0: total transmit power per active RE divided by noise variance of each Rx branch; no n_rx scaling,C300_AP_TEPS_T1,AP_TEPS_T1,ideal CSI,"[0,8.173224,16.346448,24.519672]","[0,1891.95,3783.9,5675.85]",cdd,0.01,-1.501895,-1.583265,-1.441455,bracketed,Jeffreys-smoothed weighted decreasing isotonic curve; local log10-BLER interpolation; raw adjacent bracket <=0.25 dB,C300_PRG_DFT4_6REG,precoder cycling present,1.716331,baseline target SNR - candidate target SNR; positive means candidate needs less SNR,outputs/experiment031_pdcch_cdd/20260910_c300_4tx_2sym_ideal_csi/analysis/target_snr.csv,
31,PDCCH_C300_4T1R_2sym_AL4_ideal_A41,result-031,executed; awaiting researcher confirmation,PDCCH,Sionna 1.0.2 TDL-C,300,4,3,48,12,2,4,1,1,30,4096,288,41,QPSK,"A=41, CRC24C, Polar E=432",comb-4 on both CORESET symbols,ideal,true data-RE effective channel,coherent QPSK LLR; MRC when n_rx>1,CRC24C/RNTI mask; Sionna Polar hybrid CA-SCL list 8,unit total transmit power per active RE,Es/N0: total transmit power per active RE divided by noise variance of each Rx branch; no n_rx scaling,C300_B0_QC,B0_QC,ideal CSI,"[0,2.25,4.5,6.75]","[0,520.833333,1041.666667,1562.5]",cdd,0.01,-1.140098,-1.25831,-1.048865,bracketed,Jeffreys-smoothed weighted decreasing isotonic curve; local log10-BLER interpolation; raw adjacent bracket <=0.25 dB,C300_PRG_DFT4_6REG,precoder cycling present,1.354534,baseline target SNR - candidate target SNR; positive means candidate needs less SNR,outputs/experiment031_pdcch_cdd/20260910_c300_4tx_2sym_ideal_csi/analysis/target_snr.csv,
31,PDCCH_C300_4T1R_2sym_AL4_ideal_A41,result-031,executed; awaiting researcher confirmation,PDCCH,Sionna 1.0.2 TDL-C,300,4,3,48,12,2,4,1,1,30,4096,288,41,QPSK,"A=41, CRC24C, Polar E=432",comb-4 on both CORESET symbols,ideal,true data-RE effective channel,coherent QPSK LLR; MRC when n_rx>1,CRC24C/RNTI mask; Sionna Polar hybrid CA-SCL list 8,unit total transmit power per active RE,Es/N0: total transmit power per active RE divided by noise variance of each Rx branch; no n_rx scaling,C300_GEO_T1_CTRL_BAL,GEO_T1_CTRL,ideal CSI,"[0,10,30,97]","[0,2314.814815,6944.444444,22453.703704]",cdd,0.01,-1.532545,-1.62217,-1.465669,bracketed,Jeffreys-smoothed weighted decreasing isotonic curve; local log10-BLER interpolation; raw adjacent bracket <=0.25 dB,C300_PRG_DFT4_6REG,precoder cycling present,1.746981,baseline target SNR - candidate target SNR; positive means candidate needs less SNR,outputs/experiment031_pdcch_cdd/20260910_c300_4tx_2sym_ideal_csi/analysis/target_snr.csv,
31,PDCCH_C300_4T1R_2sym_AL4_ideal_A41,result-031,executed; awaiting researcher confirmation,PDCCH,Sionna 1.0.2 TDL-C,300,4,3,48,12,2,4,1,1,30,4096,288,41,QPSK,"A=41, CRC24C, Polar E=432",comb-4 on both CORESET symbols,ideal,true data-RE effective channel,coherent QPSK LLR; MRC when n_rx>1,CRC24C/RNTI mask; Sionna Polar hybrid CA-SCL list 8,unit total transmit power per active RE,Es/N0: total transmit power per active RE divided by noise variance of each Rx branch; no n_rx scaling,C300_GEO_T1_CTRL_FOLD,GEO_T1_CTRL,ideal CSI,"[0,9,18,27]","[0,2083.333333,4166.666667,6250]",cdd,0.01,-1.610837,-1.68896,-1.538374,bracketed,Jeffreys-smoothed weighted decreasing isotonic curve; local log10-BLER interpolation; raw adjacent bracket <=0.25 dB,C300_PRG_DFT4_6REG,precoder cycling present,1.825273,baseline target SNR - candidate target SNR; positive means candidate needs less SNR,outputs/experiment031_pdcch_cdd/20260910_c300_4tx_2sym_ideal_csi/analysis/target_snr.csv,
31,PDCCH_C300_4T1R_2sym_AL4_ideal_A41,result-031,executed; awaiting researcher confirmation,PDCCH,Sionna 1.0.2 TDL-C,300,4,3,48,12,2,4,1,1,30,4096,288,41,QPSK,"A=41, CRC24C, Polar E=432",comb-4 on both CORESET symbols,ideal,true data-RE effective channel,coherent QPSK LLR; MRC when n_rx>1,CRC24C/RNTI mask; Sionna Polar hybrid CA-SCL list 8,unit total transmit power per active RE,Es/N0: total transmit power per active RE divided by noise variance of each Rx branch; no n_rx scaling,C300_GEO_T1_CTRL_PAIR,GEO_T1_CTRL,ideal CSI,"[0,11,44,66]","[0,2546.296296,10185.185185,15277.777778]",cdd,0.01,-1.545012,-1.587082,-1.489609,bracketed,Jeffreys-smoothed weighted decreasing isotonic curve; local log10-BLER interpolation; raw adjacent bracket <=0.25 dB,C300_PRG_DFT4_6REG,precoder cycling present,1.759448,baseline target SNR - candidate target SNR; positive means candidate needs less SNR,outputs/experiment031_pdcch_cdd/20260910_c300_4tx_2sym_ideal_csi/analysis/target_snr.csv,
31,PDCCH_C300_4T1R_2sym_AL4_ideal_A41,result-031,executed; awaiting researcher confirmation,PDCCH,Sionna 1.0.2 TDL-C,300,4,3,48,12,2,4,1,1,30,4096,288,41,QPSK,"A=41, CRC24C, Polar E=432",comb-4 on both CORESET symbols,ideal,true data-RE effective channel,coherent QPSK LLR; MRC when n_rx>1,CRC24C/RNTI mask; Sionna Polar hybrid CA-SCL list 8,unit total transmit power per active RE,Es/N0: total transmit power per active RE divided by noise variance of each Rx branch; no n_rx scaling,C300_PRG_DFT4_6REG,PRG_DFT,ideal CSI,,,reg_bundle_dft_cycling,0.01,0.214436,-0.019965,0.294566,bracketed,Jeffreys-smoothed weighted decreasing isotonic curve; local log10-BLER interpolation; raw adjacent bracket <=0.25 dB,C300_PRG_DFT4_6REG,precoder cycling present,0,baseline target SNR - candidate target SNR; positive means candidate needs less SNR,outputs/experiment031_pdcch_cdd/20260910_c300_4tx_2sym_ideal_csi/analysis/target_snr.csv,
31,PDCCH_C300_4T1R_2sym_AL4_ideal_A41,result-031,executed; awaiting researcher confirmation,PDCCH,Sionna 1.0.2 TDL-C,300,4,3,48,12,2,4,1,1,30,4096,288,41,QPSK,"A=41, CRC24C, Polar E=432",comb-4 on both CORESET symbols,ideal,true data-RE effective channel,coherent QPSK LLR; MRC when n_rx>1,CRC24C/RNTI mask; Sionna Polar hybrid CA-SCL list 8,unit total transmit power per active RE,Es/N0: total transmit power per active RE divided by noise variance of each Rx branch; no n_rx scaling,C300_S0_SIDON,S0_SIDON,ideal CSI,"[0,1,3,7]","[0,231.481481,694.444444,1620.37037]",cdd,0.01,-0.929795,-1.05226,-0.747317,bracketed,Jeffreys-smoothed weighted decreasing isotonic curve; local log10-BLER interpolation; raw adjacent bracket <=0.25 dB,C300_PRG_DFT4_6REG,precoder cycling present,1.144231,baseline target SNR - candidate target SNR; positive means candidate needs less SNR,outputs/experiment031_pdcch_cdd/20260910_c300_4tx_2sym_ideal_csi/analysis/target_snr.csv,
31,PDCCH_C300_4T1R_2sym_AL4_ideal_A41,result-031,executed; awaiting researcher confirmation,PDCCH,Sionna 1.0.2 TDL-C,300,4,3,48,12,2,4,1,1,30,4096,288,41,QPSK,"A=41, CRC24C, Polar E=432",comb-4 on both CORESET symbols,ideal,true data-RE effective channel,coherent QPSK LLR; MRC when n_rx>1,CRC24C/RNTI mask; Sionna Polar hybrid CA-SCL list 8,unit total transmit power per active RE,Es/N0: total transmit power per active RE divided by noise variance of each Rx branch; no n_rx scaling,C300_SMALL_CDD_QSTEP0P25_IDEAL_CSI,SMALL_CDD,ideal CSI,"[0,0.0625,0.125,0.1875]","[0,14.467593,28.935185,43.402778]",cdd,0.01,2.332117,2.177435,2.412576,bracketed,Jeffreys-smoothed weighted decreasing isotonic curve; local log10-BLER interpolation; raw adjacent bracket <=0.25 dB,C300_PRG_DFT4_6REG,precoder cycling present,-2.117681,baseline target SNR - candidate target SNR; positive means candidate needs less SNR,outputs/experiment031_pdcch_cdd/20260910_c300_4tx_2sym_ideal_csi/analysis/target_snr.csv,
31,PDCCH_C300_4T1R_2sym_AL4_ideal_A41,result-031,executed; awaiting researcher confirmation,PDCCH,Sionna 1.0.2 TDL-C,300,4,3,48,12,2,4,1,1,30,4096,288,41,QPSK,"A=41, CRC24C, Polar E=432",comb-4 on both CORESET symbols,ideal,true data-RE effective channel,coherent QPSK LLR; MRC when n_rx>1,CRC24C/RNTI mask; Sionna Polar hybrid CA-SCL list 8,unit total transmit power per active RE,Es/N0: total transmit power per active RE divided by noise variance of each Rx branch; no n_rx scaling,C300_AP_RMS_T1,AP_RMS_T1,ideal CSI,"[0,1.296,2.592,3.888]","[0,300,600,900]",cdd,0.1,-3.003466,-3.063494,-2.940657,bracketed,Jeffreys-smoothed weighted decreasing isotonic curve; local log10-BLER interpolation; raw adjacent bracket <=0.25 dB,C300_PRG_DFT4_6REG,precoder cycling present,0.471428,baseline target SNR - candidate target SNR; positive means candidate needs less SNR,outputs/experiment031_pdcch_cdd/20260910_c300_4tx_2sym_ideal_csi/analysis/target_snr.csv,
31,PDCCH_C300_4T1R_2sym_AL4_ideal_A41,result-031,executed; awaiting researcher confirmation,PDCCH,Sionna 1.0.2 TDL-C,300,4,3,48,12,2,4,1,1,30,4096,288,41,QPSK,"A=41, CRC24C, Polar E=432",comb-4 on both CORESET symbols,ideal,true data-RE effective channel,coherent QPSK LLR; MRC when n_rx>1,CRC24C/RNTI mask; Sionna Polar hybrid CA-SCL list 8,unit total transmit power per active RE,Es/N0: total transmit power per active RE divided by noise variance of each Rx branch; no n_rx scaling,C300_AP_TEPS_T1,AP_TEPS_T1,ideal CSI,"[0,8.173224,16.346448,24.519672]","[0,1891.95,3783.9,5675.85]",cdd,0.1,-3.445799,-3.500479,-3.404268,bracketed,Jeffreys-smoothed weighted decreasing isotonic curve; local log10-BLER interpolation; raw adjacent bracket <=0.25 dB,C300_PRG_DFT4_6REG,precoder cycling present,0.913761,baseline target SNR - candidate target SNR; positive means candidate needs less SNR,outputs/experiment031_pdcch_cdd/20260910_c300_4tx_2sym_ideal_csi/analysis/target_snr.csv,
31,PDCCH_C300_4T1R_2sym_AL4_ideal_A41,result-031,executed; awaiting researcher confirmation,PDCCH,Sionna 1.0.2 TDL-C,300,4,3,48,12,2,4,1,1,30,4096,288,41,QPSK,"A=41, CRC24C, Polar E=432",comb-4 on both CORESET symbols,ideal,true data-RE effective channel,coherent QPSK LLR; MRC when n_rx>1,CRC24C/RNTI mask; Sionna Polar hybrid CA-SCL list 8,unit total transmit power per active RE,Es/N0: total transmit power per active RE divided by noise variance of each Rx branch; no n_rx scaling,C300_B0_QC,B0_QC,ideal CSI,"[0,2.25,4.5,6.75]","[0,520.833333,1041.666667,1562.5]",cdd,0.1,-3.273999,-3.331327,-3.21216,bracketed,Jeffreys-smoothed weighted decreasing isotonic curve; local log10-BLER interpolation; raw adjacent bracket <=0.25 dB,C300_PRG_DFT4_6REG,precoder cycling present,0.741961,baseline target SNR - candidate target SNR; positive means candidate needs less SNR,outputs/experiment031_pdcch_cdd/20260910_c300_4tx_2sym_ideal_csi/analysis/target_snr.csv,
31,PDCCH_C300_4T1R_2sym_AL4_ideal_A41,result-031,executed; awaiting researcher confirmation,PDCCH,Sionna 1.0.2 TDL-C,300,4,3,48,12,2,4,1,1,30,4096,288,41,QPSK,"A=41, CRC24C, Polar E=432",comb-4 on both CORESET symbols,ideal,true data-RE effective channel,coherent QPSK LLR; MRC when n_rx>1,CRC24C/RNTI mask; Sionna Polar hybrid CA-SCL list 8,unit total transmit power per active RE,Es/N0: total transmit power per active RE divided by noise variance of each Rx branch; no n_rx scaling,C300_GEO_T1_CTRL_BAL,GEO_T1_CTRL,ideal CSI,"[0,10,30,97]","[0,2314.814815,6944.444444,22453.703704]",cdd,0.1,-3.455533,-3.506989,-3.420565,bracketed,Jeffreys-smoothed weighted decreasing isotonic curve; local log10-BLER interpolation; raw adjacent bracket <=0.25 dB,C300_PRG_DFT4_6REG,precoder cycling present,0.923495,baseline target SNR - candidate target SNR; positive means candidate needs less SNR,outputs/experiment031_pdcch_cdd/20260910_c300_4tx_2sym_ideal_csi/analysis/target_snr.csv,
31,PDCCH_C300_4T1R_2sym_AL4_ideal_A41,result-031,executed; awaiting researcher confirmation,PDCCH,Sionna 1.0.2 TDL-C,300,4,3,48,12,2,4,1,1,30,4096,288,41,QPSK,"A=41, CRC24C, Polar E=432",comb-4 on both CORESET symbols,ideal,true data-RE effective channel,coherent QPSK LLR; MRC when n_rx>1,CRC24C/RNTI mask; Sionna Polar hybrid CA-SCL list 8,unit total transmit power per active RE,Es/N0: total transmit power per active RE divided by noise variance of each Rx branch; no n_rx scaling,C300_GEO_T1_CTRL_FOLD,GEO_T1_CTRL,ideal CSI,"[0,9,18,27]","[0,2083.333333,4166.666667,6250]",cdd,0.1,-3.536733,-3.574721,-3.483842,bracketed,Jeffreys-smoothed weighted decreasing isotonic curve; local log10-BLER interpolation; raw adjacent bracket <=0.25 dB,C300_PRG_DFT4_6REG,precoder cycling present,1.004695,baseline target SNR - candidate target SNR; positive means candidate needs less SNR,outputs/experiment031_pdcch_cdd/20260910_c300_4tx_2sym_ideal_csi/analysis/target_snr.csv,
31,PDCCH_C300_4T1R_2sym_AL4_ideal_A41,result-031,executed; awaiting researcher confirmation,PDCCH,Sionna 1.0.2 TDL-C,300,4,3,48,12,2,4,1,1,30,4096,288,41,QPSK,"A=41, CRC24C, Polar E=432",comb-4 on both CORESET symbols,ideal,true data-RE effective channel,coherent QPSK LLR; MRC when n_rx>1,CRC24C/RNTI mask; Sionna Polar hybrid CA-SCL list 8,unit total transmit power per active RE,Es/N0: total transmit power per active RE divided by noise variance of each Rx branch; no n_rx scaling,C300_GEO_T1_CTRL_PAIR,GEO_T1_CTRL,ideal CSI,"[0,11,44,66]","[0,2546.296296,10185.185185,15277.777778]",cdd,0.1,-3.483413,-3.535166,-3.438712,bracketed,Jeffreys-smoothed weighted decreasing isotonic curve; local log10-BLER interpolation; raw adjacent bracket <=0.25 dB,C300_PRG_DFT4_6REG,precoder cycling present,0.951375,baseline target SNR - candidate target SNR; positive means candidate needs less SNR,outputs/experiment031_pdcch_cdd/20260910_c300_4tx_2sym_ideal_csi/analysis/target_snr.csv,
31,PDCCH_C300_4T1R_2sym_AL4_ideal_A41,result-031,executed; awaiting researcher confirmation,PDCCH,Sionna 1.0.2 TDL-C,300,4,3,48,12,2,4,1,1,30,4096,288,41,QPSK,"A=41, CRC24C, Polar E=432",comb-4 on both CORESET symbols,ideal,true data-RE effective channel,coherent QPSK LLR; MRC when n_rx>1,CRC24C/RNTI mask; Sionna Polar hybrid CA-SCL list 8,unit total transmit power per active RE,Es/N0: total transmit power per active RE divided by noise variance of each Rx branch; no n_rx scaling,C300_PRG_DFT4_6REG,PRG_DFT,ideal CSI,,,reg_bundle_dft_cycling,0.1,-2.532038,-2.610245,-2.460635,bracketed,Jeffreys-smoothed weighted decreasing isotonic curve; local log10-BLER interpolation; raw adjacent bracket <=0.25 dB,C300_PRG_DFT4_6REG,precoder cycling present,0,baseline target SNR - candidate target SNR; positive means candidate needs less SNR,outputs/experiment031_pdcch_cdd/20260910_c300_4tx_2sym_ideal_csi/analysis/target_snr.csv,
31,PDCCH_C300_4T1R_2sym_AL4_ideal_A41,result-031,executed; awaiting researcher confirmation,PDCCH,Sionna 1.0.2 TDL-C,300,4,3,48,12,2,4,1,1,30,4096,288,41,QPSK,"A=41, CRC24C, Polar E=432",comb-4 on both CORESET symbols,ideal,true data-RE effective channel,coherent QPSK LLR; MRC when n_rx>1,CRC24C/RNTI mask; Sionna Polar hybrid CA-SCL list 8,unit total transmit power per active RE,Es/N0: total transmit power per active RE divided by noise variance of each Rx branch; no n_rx scaling,C300_S0_SIDON,S0_SIDON,ideal CSI,"[0,1,3,7]","[0,231.481481,694.444444,1620.37037]",cdd,0.1,-3.165905,-3.234479,-3.115042,bracketed,Jeffreys-smoothed weighted decreasing isotonic curve; local log10-BLER interpolation; raw adjacent bracket <=0.25 dB,C300_PRG_DFT4_6REG,precoder cycling present,0.633867,baseline target SNR - candidate target SNR; positive means candidate needs less SNR,outputs/experiment031_pdcch_cdd/20260910_c300_4tx_2sym_ideal_csi/analysis/target_snr.csv,
31,PDCCH_C300_4T1R_2sym_AL4_ideal_A41,result-031,executed; awaiting researcher confirmation,PDCCH,Sionna 1.0.2 TDL-C,300,4,3,48,12,2,4,1,1,30,4096,288,41,QPSK,"A=41, CRC24C, Polar E=432",comb-4 on both CORESET symbols,ideal,true data-RE effective channel,coherent QPSK LLR; MRC when n_rx>1,CRC24C/RNTI mask; Sionna Polar hybrid CA-SCL list 8,unit total transmit power per active RE,Es/N0: total transmit power per active RE divided by noise variance of each Rx branch; no n_rx scaling,C300_SMALL_CDD_QSTEP0P25_IDEAL_CSI,SMALL_CDD,ideal CSI,"[0,0.0625,0.125,0.1875]","[0,14.467593,28.935185,43.402778]",cdd,0.1,-1.018794,-1.126243,-0.955624,bracketed,Jeffreys-smoothed weighted decreasing isotonic curve; local log10-BLER interpolation; raw adjacent bracket <=0.25 dB,C300_PRG_DFT4_6REG,precoder cycling present,-1.513244,baseline target SNR - candidate target SNR; positive means candidate needs less SNR,outputs/experiment031_pdcch_cdd/20260910_c300_4tx_2sym_ideal_csi/analysis/target_snr.csv,
31,PDCCH_C300_4T2R_2sym_AL1_estimated_A41,result-031,partial; AL4 incomplete,PDCCH,Sionna 1.0.2 TDL-C; independent Rx branches,300,4,3,48,3,2,4,2,1,30,4096,288,41,QPSK,"A=41, CRC24C, Polar E=108",comb-4 on both CORESET symbols,estimated,"independent per-Rx 2D time-frequency LMMSE, then coherent MRC",coherent QPSK LLR; MRC when n_rx>1,CRC24C/RNTI mask; Sionna Polar hybrid CA-SCL list 8,unit total transmit power per active RE,Es/N0: total transmit power per active RE divided by noise variance of each Rx branch; no n_rx scaling,C300_AP_RMS_T1,AP_RMS_T1,,"[0,0.324,0.648,0.972]","[0,300,600,900]",cdd,0.01,7.086665,6.96736,7.184928,bracketed,Jeffreys-smoothed trial-weighted decreasing isotonic fit and local log10-BLER interpolation,C300_PRG_DFT4_6REG,precoder cycling present,1.765753,baseline target SNR - candidate target SNR; positive means candidate needs less SNR,outputs/experiment031_pdcch_cdd/20260911_c300_4tx_2rx_2sym/analysis/partial_al1_al2/target_snr.csv,
31,PDCCH_C300_4T2R_2sym_AL1_estimated_A41,result-031,partial; AL4 incomplete,PDCCH,Sionna 1.0.2 TDL-C; independent Rx branches,300,4,3,48,3,2,4,2,1,30,4096,288,41,QPSK,"A=41, CRC24C, Polar E=108",comb-4 on both CORESET symbols,estimated,"independent per-Rx 2D time-frequency LMMSE, then coherent MRC",coherent QPSK LLR; MRC when n_rx>1,CRC24C/RNTI mask; Sionna Polar hybrid CA-SCL list 8,unit total transmit power per active RE,Es/N0: total transmit power per active RE divided by noise variance of each Rx branch; no n_rx scaling,C300_AP_TEPS_T1,AP_TEPS_T1,,"[0,2.043306,4.086612,6.129918]","[0,1891.95,3783.9,5675.85]",cdd,0.01,5.882816,5.816589,5.944762,bracketed,Jeffreys-smoothed trial-weighted decreasing isotonic fit and local log10-BLER interpolation,C300_PRG_DFT4_6REG,precoder cycling present,2.969602,baseline target SNR - candidate target SNR; positive means candidate needs less SNR,outputs/experiment031_pdcch_cdd/20260911_c300_4tx_2rx_2sym/analysis/partial_al1_al2/target_snr.csv,
31,PDCCH_C300_4T2R_2sym_AL1_estimated_A41,result-031,partial; AL4 incomplete,PDCCH,Sionna 1.0.2 TDL-C; independent Rx branches,300,4,3,48,3,2,4,2,1,30,4096,288,41,QPSK,"A=41, CRC24C, Polar E=108",comb-4 on both CORESET symbols,estimated,"independent per-Rx 2D time-frequency LMMSE, then coherent MRC",coherent QPSK LLR; MRC when n_rx>1,CRC24C/RNTI mask; Sionna Polar hybrid CA-SCL list 8,unit total transmit power per active RE,Es/N0: total transmit power per active RE divided by noise variance of each Rx branch; no n_rx scaling,C300_B0_QC,B0_QC,,"[0,0.5625,1.125,1.6875]","[0,520.833333,1041.666667,1562.5]",cdd,0.01,6.560236,6.422951,6.62785,bracketed,Jeffreys-smoothed trial-weighted decreasing isotonic fit and local log10-BLER interpolation,C300_PRG_DFT4_6REG,precoder cycling present,2.292182,baseline target SNR - candidate target SNR; positive means candidate needs less SNR,outputs/experiment031_pdcch_cdd/20260911_c300_4tx_2rx_2sym/analysis/partial_al1_al2/target_snr.csv,
31,PDCCH_C300_4T2R_2sym_AL1_estimated_A41,result-031,partial; AL4 incomplete,PDCCH,Sionna 1.0.2 TDL-C; independent Rx branches,300,4,3,48,3,2,4,2,1,30,4096,288,41,QPSK,"A=41, CRC24C, Polar E=108",comb-4 on both CORESET symbols,estimated,"independent per-Rx 2D time-frequency LMMSE, then coherent MRC",coherent QPSK LLR; MRC when n_rx>1,CRC24C/RNTI mask; Sionna Polar hybrid CA-SCL list 8,unit total transmit power per active RE,Es/N0: total transmit power per active RE divided by noise variance of each Rx branch; no n_rx scaling,C300_GEO_T1_CTRL_BAL_PAIR,GEO_T1_CTRL,,"[0,2,6,14]","[0,1851.851852,5555.555556,12962.962963]",cdd,0.01,6.488896,6.409069,6.591755,bracketed,Jeffreys-smoothed trial-weighted decreasing isotonic fit and local log10-BLER interpolation,C300_PRG_DFT4_6REG,precoder cycling present,2.363522,baseline target SNR - candidate target SNR; positive means candidate needs less SNR,outputs/experiment031_pdcch_cdd/20260911_c300_4tx_2rx_2sym/analysis/partial_al1_al2/target_snr.csv,
31,PDCCH_C300_4T2R_2sym_AL1_estimated_A41,result-031,partial; AL4 incomplete,PDCCH,Sionna 1.0.2 TDL-C; independent Rx branches,300,4,3,48,3,2,4,2,1,30,4096,288,41,QPSK,"A=41, CRC24C, Polar E=108",comb-4 on both CORESET symbols,estimated,"independent per-Rx 2D time-frequency LMMSE, then coherent MRC",coherent QPSK LLR; MRC when n_rx>1,CRC24C/RNTI mask; Sionna Polar hybrid CA-SCL list 8,unit total transmit power per active RE,Es/N0: total transmit power per active RE divided by noise variance of each Rx branch; no n_rx scaling,C300_GEO_T1_CTRL_FOLD,GEO_T1_CTRL,,"[0,2,5,16]","[0,1851.851852,4629.62963,14814.814815]",cdd,0.01,6.392112,6.323086,6.461375,bracketed,Jeffreys-smoothed trial-weighted decreasing isotonic fit and local log10-BLER interpolation,C300_PRG_DFT4_6REG,precoder cycling present,2.460306,baseline target SNR - candidate target SNR; positive means candidate needs less SNR,outputs/experiment031_pdcch_cdd/20260911_c300_4tx_2rx_2sym/analysis/partial_al1_al2/target_snr.csv,
31,PDCCH_C300_4T2R_2sym_AL1_estimated_A41,result-031,partial; AL4 incomplete,PDCCH,Sionna 1.0.2 TDL-C; independent Rx branches,300,4,3,48,3,2,4,2,1,30,4096,288,41,QPSK,"A=41, CRC24C, Polar E=108",comb-4 on both CORESET symbols,estimated,"independent per-Rx 2D time-frequency LMMSE, then coherent MRC",coherent QPSK LLR; MRC when n_rx>1,CRC24C/RNTI mask; Sionna Polar hybrid CA-SCL list 8,unit total transmit power per active RE,Es/N0: total transmit power per active RE divided by noise variance of each Rx branch; no n_rx scaling,C300_PRG_DFT4_6REG,PRG_DFT,physical_prg,,,reg_bundle_dft_cycling,0.01,8.852418,8.691175,9.039935,bracketed,Jeffreys-smoothed trial-weighted decreasing isotonic fit and local log10-BLER interpolation,C300_PRG_DFT4_6REG,precoder cycling present,0,baseline target SNR - candidate target SNR; positive means candidate needs less SNR,outputs/experiment031_pdcch_cdd/20260911_c300_4tx_2rx_2sym/analysis/partial_al1_al2/target_snr.csv;outputs/experiment031_pdcch_cdd/20260914_c300_al1_cdd911/analysis/target_snr.csv,Rows with blank target failed the <=0.25 dB bracket rule and are not extrapolated.; duplicate curve reused; not an independent rerun
31,PDCCH_C300_4T2R_2sym_AL1_estimated_A41,result-031,partial; AL4 incomplete,PDCCH,Sionna 1.0.2 TDL-C; independent Rx branches,300,4,3,48,3,2,4,2,1,30,4096,288,41,QPSK,"A=41, CRC24C, Polar E=108",comb-4 on both CORESET symbols,estimated,"independent per-Rx 2D time-frequency LMMSE, then coherent MRC",coherent QPSK LLR; MRC when n_rx>1,CRC24C/RNTI mask; Sionna Polar hybrid CA-SCL list 8,unit total transmit power per active RE,Es/N0: total transmit power per active RE divided by noise variance of each Rx branch; no n_rx scaling,C300_S0_SIDON,S0_SIDON,,"[0,1,3,7]","[0,925.925926,2777.777778,6481.481481]",cdd,0.01,5.903656,5.851645,5.961476,bracketed,Jeffreys-smoothed trial-weighted decreasing isotonic fit and local log10-BLER interpolation,C300_PRG_DFT4_6REG,precoder cycling present,2.948762,baseline target SNR - candidate target SNR; positive means candidate needs less SNR,outputs/experiment031_pdcch_cdd/20260911_c300_4tx_2rx_2sym/analysis/partial_al1_al2/target_snr.csv;outputs/experiment031_pdcch_cdd/20260914_c300_al1_cdd911/analysis/target_snr.csv,Rows with blank target failed the <=0.25 dB bracket rule and are not extrapolated.; duplicate curve reused; not an independent rerun
31,PDCCH_C300_4T2R_2sym_AL1_estimated_A41,result-031,partial; AL4 incomplete,PDCCH,Sionna 1.0.2 TDL-C; independent Rx branches,300,4,3,48,3,2,4,2,1,30,4096,288,41,QPSK,"A=41, CRC24C, Polar E=108",comb-4 on both CORESET symbols,estimated,"independent per-Rx 2D time-frequency LMMSE, then coherent MRC",coherent QPSK LLR; MRC when n_rx>1,CRC24C/RNTI mask; Sionna Polar hybrid CA-SCL list 8,unit total transmit power per active RE,Es/N0: total transmit power per active RE divided by noise variance of each Rx branch; no n_rx scaling,C300_SMALL_CDD_QSTEP0P25_MATCHED_CDD,SMALL_CDD,matched_effective,"[0,0.015625,0.03125,0.046875]","[0,14.467593,28.935185,43.402778]",cdd,0.01,8.805104,8.677209,8.909042,bracketed,Jeffreys-smoothed trial-weighted decreasing isotonic fit and local log10-BLER interpolation,C300_PRG_DFT4_6REG,precoder cycling present,0.047314,baseline target SNR - candidate target SNR; positive means candidate needs less SNR,outputs/experiment031_pdcch_cdd/20260911_c300_4tx_2rx_2sym/analysis/partial_al1_al2/target_snr.csv,
31,PDCCH_C300_4T2R_2sym_AL1_estimated_A41,result-031,partial; AL4 incomplete,PDCCH,Sionna 1.0.2 TDL-C; independent Rx branches,300,4,3,48,3,2,4,2,1,30,4096,288,41,QPSK,"A=41, CRC24C, Polar E=108",comb-4 on both CORESET symbols,estimated,"independent per-Rx 2D time-frequency LMMSE, then coherent MRC",coherent QPSK LLR; MRC when n_rx>1,CRC24C/RNTI mask; Sionna Polar hybrid CA-SCL list 8,unit total transmit power per active RE,Es/N0: total transmit power per active RE divided by noise variance of each Rx branch; no n_rx scaling,C300_SMALL_CDD_QSTEP0P25_TRANSPARENT_CDD,SMALL_CDD,physical_fullband,"[0,0.015625,0.03125,0.046875]","[0,14.467593,28.935185,43.402778]",cdd,0.01,8.875038,8.760112,8.970672,bracketed,Jeffreys-smoothed trial-weighted decreasing isotonic fit and local log10-BLER interpolation,C300_PRG_DFT4_6REG,precoder cycling present,-0.02262,baseline target SNR - candidate target SNR; positive means candidate needs less SNR,outputs/experiment031_pdcch_cdd/20260911_c300_4tx_2rx_2sym/analysis/partial_al1_al2/target_snr.csv,
31,PDCCH_C300_4T2R_2sym_AL1_estimated_A41,result-031,executed; awaiting researcher confirmation,PDCCH,Sionna 1.0.2 TDL-C; independent Rx branches,300,4,3,48,3,2,4,2,1,30,4096,288,41,QPSK,"A=41, CRC24C, Polar E=108",comb-4 on both CORESET symbols; 18 DMRS RE,estimated,"per-Rx 2D time-frequency LMMSE, then coherent MRC",coherent QPSK LLR; MRC when n_rx>1,CRC24C/RNTI mask; Sionna Polar hybrid CA-SCL list 8,unit total transmit power per active RE,Es/N0: total transmit power per active RE divided by noise variance of each Rx branch; no n_rx scaling,CDD130_transparent,CDD,transparent physical covariance,,"[0,0,130,130]",CDD with explicit physical delays,0.01,,,,unqualified,not estimated: No adjacent raw bracket with width <= 0.25 dB.,C300_PRG_DFT4_6REG,precoder cycling present,,baseline target SNR - candidate target SNR; positive means candidate needs less SNR,outputs/experiment031_pdcch_cdd/20260914_c300_al1_cdd911/analysis/target_snr.csv,Rows with blank target failed the <=0.25 dB bracket rule and are not extrapolated.
31,PDCCH_C300_4T2R_2sym_AL1_estimated_A41,result-031,executed; awaiting researcher confirmation,PDCCH,Sionna 1.0.2 TDL-C; independent Rx branches,300,4,3,48,3,2,4,2,1,30,4096,288,41,QPSK,"A=41, CRC24C, Polar E=108",comb-4 on both CORESET symbols; 18 DMRS RE,estimated,"per-Rx 2D time-frequency LMMSE, then coherent MRC",coherent QPSK LLR; MRC when n_rx>1,CRC24C/RNTI mask; Sionna Polar hybrid CA-SCL list 8,unit total transmit power per active RE,Es/N0: total transmit power per active RE divided by noise variance of each Rx branch; no n_rx scaling,CDD911,CDD,non-transparent matched covariance,,"[0,0,911,911]",CDD with explicit physical delays,0.01,6.830766,6.68988,7.03455,bracketed,Jeffreys-smoothed weighted decreasing isotonic curve; local log10-BLER interpolation; raw adjacent bracket <=0.25 dB,C300_PRG_DFT4_6REG,precoder cycling present,2.021652,baseline target SNR - candidate target SNR; positive means candidate needs less SNR,outputs/experiment031_pdcch_cdd/20260914_c300_al1_cdd911/analysis/target_snr.csv,Rows with blank target failed the <=0.25 dB bracket rule and are not extrapolated.; gain combines source target estimates produced by different crossing methods
31,PDCCH_C300_4T2R_2sym_AL1_estimated_A41,result-031,executed; awaiting researcher confirmation,PDCCH,Sionna 1.0.2 TDL-C; independent Rx branches,300,4,3,48,3,2,4,2,1,30,4096,288,41,QPSK,"A=41, CRC24C, Polar E=108",comb-4 on both CORESET symbols; 18 DMRS RE,estimated,"per-Rx 2D time-frequency LMMSE, then coherent MRC",coherent QPSK LLR; MRC when n_rx>1,CRC24C/RNTI mask; Sionna Polar hybrid CA-SCL list 8,unit total transmit power per active RE,Es/N0: total transmit power per active RE divided by noise variance of each Rx branch; no n_rx scaling,CDD911_transparent,CDD,transparent physical covariance,,"[0,0,911,911]",CDD with explicit physical delays,0.01,,,,unqualified,not estimated: No adjacent raw bracket with width <= 0.25 dB.,C300_PRG_DFT4_6REG,precoder cycling present,,baseline target SNR - candidate target SNR; positive means candidate needs less SNR,outputs/experiment031_pdcch_cdd/20260914_c300_al1_cdd911/analysis/target_snr.csv,Rows with blank target failed the <=0.25 dB bracket rule and are not extrapolated.
31,PDCCH_C300_4T2R_2sym_AL1_estimated_A41,result-031,executed; awaiting researcher confirmation,PDCCH,Sionna 1.0.2 TDL-C; independent Rx branches,300,4,3,48,3,2,4,2,1,30,4096,288,41,QPSK,"A=41, CRC24C, Polar E=108",comb-4 on both CORESET symbols; 18 DMRS RE,estimated,"per-Rx 2D time-frequency LMMSE, then coherent MRC",coherent QPSK LLR; MRC when n_rx>1,CRC24C/RNTI mask; Sionna Polar hybrid CA-SCL list 8,unit total transmit power per active RE,Es/N0: total transmit power per active RE divided by noise variance of each Rx branch; no n_rx scaling,LTEcodebook,FIXED_CODEBOOK,transparent physical covariance,,,fixed codebook/cycling vector,0.01,,,,unqualified,not estimated: No adjacent raw bracket with width <= 0.25 dB.,C300_PRG_DFT4_6REG,precoder cycling present,,baseline target SNR - candidate target SNR; positive means candidate needs less SNR,outputs/experiment031_pdcch_cdd/20260914_c300_al1_cdd911/analysis/target_snr.csv,Rows with blank target failed the <=0.25 dB bracket rule and are not extrapolated.
31,PDCCH_C300_4T2R_2sym_AL1_estimated_A41,result-031,partial; AL4 incomplete,PDCCH,Sionna 1.0.2 TDL-C; independent Rx branches,300,4,3,48,3,2,4,2,1,30,4096,288,41,QPSK,"A=41, CRC24C, Polar E=108",comb-4 on both CORESET symbols,estimated,"independent per-Rx 2D time-frequency LMMSE, then coherent MRC",coherent QPSK LLR; MRC when n_rx>1,CRC24C/RNTI mask; Sionna Polar hybrid CA-SCL list 8,unit total transmit power per active RE,Es/N0: total transmit power per active RE divided by noise variance of each Rx branch; no n_rx scaling,C300_AP_RMS_T1,AP_RMS_T1,,"[0,0.324,0.648,0.972]","[0,300,600,900]",cdd,0.1,3.816715,3.745573,3.866193,bracketed,Jeffreys-smoothed trial-weighted decreasing isotonic fit and local log10-BLER interpolation,C300_PRG_DFT4_6REG,precoder cycling present,0.555291,baseline target SNR - candidate target SNR; positive means candidate needs less SNR,outputs/experiment031_pdcch_cdd/20260911_c300_4tx_2rx_2sym/analysis/partial_al1_al2/target_snr.csv,
31,PDCCH_C300_4T2R_2sym_AL1_estimated_A41,result-031,partial; AL4 incomplete,PDCCH,Sionna 1.0.2 TDL-C; independent Rx branches,300,4,3,48,3,2,4,2,1,30,4096,288,41,QPSK,"A=41, CRC24C, Polar E=108",comb-4 on both CORESET symbols,estimated,"independent per-Rx 2D time-frequency LMMSE, then coherent MRC",coherent QPSK LLR; MRC when n_rx>1,CRC24C/RNTI mask; Sionna Polar hybrid CA-SCL list 8,unit total transmit power per active RE,Es/N0: total transmit power per active RE divided by noise variance of each Rx branch; no n_rx scaling,C300_AP_TEPS_T1,AP_TEPS_T1,,"[0,2.043306,4.086612,6.129918]","[0,1891.95,3783.9,5675.85]",cdd,0.1,3.463584,3.416477,3.520177,bracketed,Jeffreys-smoothed trial-weighted decreasing isotonic fit and local log10-BLER interpolation,C300_PRG_DFT4_6REG,precoder cycling present,0.908422,baseline target SNR - candidate target SNR; positive means candidate needs less SNR,outputs/experiment031_pdcch_cdd/20260911_c300_4tx_2rx_2sym/analysis/partial_al1_al2/target_snr.csv,
31,PDCCH_C300_4T2R_2sym_AL1_estimated_A41,result-031,partial; AL4 incomplete,PDCCH,Sionna 1.0.2 TDL-C; independent Rx branches,300,4,3,48,3,2,4,2,1,30,4096,288,41,QPSK,"A=41, CRC24C, Polar E=108",comb-4 on both CORESET symbols,estimated,"independent per-Rx 2D time-frequency LMMSE, then coherent MRC",coherent QPSK LLR; MRC when n_rx>1,CRC24C/RNTI mask; Sionna Polar hybrid CA-SCL list 8,unit total transmit power per active RE,Es/N0: total transmit power per active RE divided by noise variance of each Rx branch; no n_rx scaling,C300_B0_QC,B0_QC,,"[0,0.5625,1.125,1.6875]","[0,520.833333,1041.666667,1562.5]",cdd,0.1,3.524569,3.457807,3.563083,bracketed,Jeffreys-smoothed trial-weighted decreasing isotonic fit and local log10-BLER interpolation,C300_PRG_DFT4_6REG,precoder cycling present,0.847437,baseline target SNR - candidate target SNR; positive means candidate needs less SNR,outputs/experiment031_pdcch_cdd/20260911_c300_4tx_2rx_2sym/analysis/partial_al1_al2/target_snr.csv,
31,PDCCH_C300_4T2R_2sym_AL1_estimated_A41,result-031,partial; AL4 incomplete,PDCCH,Sionna 1.0.2 TDL-C; independent Rx branches,300,4,3,48,3,2,4,2,1,30,4096,288,41,QPSK,"A=41, CRC24C, Polar E=108",comb-4 on both CORESET symbols,estimated,"independent per-Rx 2D time-frequency LMMSE, then coherent MRC",coherent QPSK LLR; MRC when n_rx>1,CRC24C/RNTI mask; Sionna Polar hybrid CA-SCL list 8,unit total transmit power per active RE,Es/N0: total transmit power per active RE divided by noise variance of each Rx branch; no n_rx scaling,C300_GEO_T1_CTRL_BAL_PAIR,GEO_T1_CTRL,,"[0,2,6,14]","[0,1851.851852,5555.555556,12962.962963]",cdd,0.1,3.820892,3.73525,3.892939,bracketed,Jeffreys-smoothed trial-weighted decreasing isotonic fit and local log10-BLER interpolation,C300_PRG_DFT4_6REG,precoder cycling present,0.551114,baseline target SNR - candidate target SNR; positive means candidate needs less SNR,outputs/experiment031_pdcch_cdd/20260911_c300_4tx_2rx_2sym/analysis/partial_al1_al2/target_snr.csv,
31,PDCCH_C300_4T2R_2sym_AL1_estimated_A41,result-031,partial; AL4 incomplete,PDCCH,Sionna 1.0.2 TDL-C; independent Rx branches,300,4,3,48,3,2,4,2,1,30,4096,288,41,QPSK,"A=41, CRC24C, Polar E=108",comb-4 on both CORESET symbols,estimated,"independent per-Rx 2D time-frequency LMMSE, then coherent MRC",coherent QPSK LLR; MRC when n_rx>1,CRC24C/RNTI mask; Sionna Polar hybrid CA-SCL list 8,unit total transmit power per active RE,Es/N0: total transmit power per active RE divided by noise variance of each Rx branch; no n_rx scaling,C300_GEO_T1_CTRL_FOLD,GEO_T1_CTRL,,"[0,2,5,16]","[0,1851.851852,4629.62963,14814.814815]",cdd,0.1,3.752265,3.671693,3.796154,bracketed,Jeffreys-smoothed trial-weighted decreasing isotonic fit and local log10-BLER interpolation,C300_PRG_DFT4_6REG,precoder cycling present,0.619741,baseline target SNR - candidate target SNR; positive means candidate needs less SNR,outputs/experiment031_pdcch_cdd/20260911_c300_4tx_2rx_2sym/analysis/partial_al1_al2/target_snr.csv,
31,PDCCH_C300_4T2R_2sym_AL1_estimated_A41,result-031,partial; AL4 incomplete,PDCCH,Sionna 1.0.2 TDL-C; independent Rx branches,300,4,3,48,3,2,4,2,1,30,4096,288,41,QPSK,"A=41, CRC24C, Polar E=108",comb-4 on both CORESET symbols,estimated,"independent per-Rx 2D time-frequency LMMSE, then coherent MRC",coherent QPSK LLR; MRC when n_rx>1,CRC24C/RNTI mask; Sionna Polar hybrid CA-SCL list 8,unit total transmit power per active RE,Es/N0: total transmit power per active RE divided by noise variance of each Rx branch; no n_rx scaling,C300_PRG_DFT4_6REG,PRG_DFT,physical_prg,,,reg_bundle_dft_cycling,0.1,4.372006,4.259567,4.487705,bracketed,Jeffreys-smoothed trial-weighted decreasing isotonic fit and local log10-BLER interpolation,C300_PRG_DFT4_6REG,precoder cycling present,0,baseline target SNR - candidate target SNR; positive means candidate needs less SNR,outputs/experiment031_pdcch_cdd/20260911_c300_4tx_2rx_2sym/analysis/partial_al1_al2/target_snr.csv;outputs/experiment031_pdcch_cdd/20260914_c300_al1_cdd911/analysis/target_snr.csv,Rows with blank target failed the <=0.25 dB bracket rule and are not extrapolated.; duplicate curve reused; not an independent rerun
31,PDCCH_C300_4T2R_2sym_AL1_estimated_A41,result-031,partial; AL4 incomplete,PDCCH,Sionna 1.0.2 TDL-C; independent Rx branches,300,4,3,48,3,2,4,2,1,30,4096,288,41,QPSK,"A=41, CRC24C, Polar E=108",comb-4 on both CORESET symbols,estimated,"independent per-Rx 2D time-frequency LMMSE, then coherent MRC",coherent QPSK LLR; MRC when n_rx>1,CRC24C/RNTI mask; Sionna Polar hybrid CA-SCL list 8,unit total transmit power per active RE,Es/N0: total transmit power per active RE divided by noise variance of each Rx branch; no n_rx scaling,C300_S0_SIDON,S0_SIDON,,"[0,1,3,7]","[0,925.925926,2777.777778,6481.481481]",cdd,0.1,3.503775,3.441571,3.555257,bracketed,Jeffreys-smoothed trial-weighted decreasing isotonic fit and local log10-BLER interpolation,C300_PRG_DFT4_6REG,precoder cycling present,0.868231,baseline target SNR - candidate target SNR; positive means candidate needs less SNR,outputs/experiment031_pdcch_cdd/20260911_c300_4tx_2rx_2sym/analysis/partial_al1_al2/target_snr.csv;outputs/experiment031_pdcch_cdd/20260914_c300_al1_cdd911/analysis/target_snr.csv,Rows with blank target failed the <=0.25 dB bracket rule and are not extrapolated.; duplicate curve reused; not an independent rerun
31,PDCCH_C300_4T2R_2sym_AL1_estimated_A41,result-031,partial; AL4 incomplete,PDCCH,Sionna 1.0.2 TDL-C; independent Rx branches,300,4,3,48,3,2,4,2,1,30,4096,288,41,QPSK,"A=41, CRC24C, Polar E=108",comb-4 on both CORESET symbols,estimated,"independent per-Rx 2D time-frequency LMMSE, then coherent MRC",coherent QPSK LLR; MRC when n_rx>1,CRC24C/RNTI mask; Sionna Polar hybrid CA-SCL list 8,unit total transmit power per active RE,Es/N0: total transmit power per active RE divided by noise variance of each Rx branch; no n_rx scaling,C300_SMALL_CDD_QSTEP0P25_MATCHED_CDD,SMALL_CDD,matched_effective,"[0,0.015625,0.03125,0.046875]","[0,14.467593,28.935185,43.402778]",cdd,0.1,4.465,4.370033,4.538309,bracketed,Jeffreys-smoothed trial-weighted decreasing isotonic fit and local log10-BLER interpolation,C300_PRG_DFT4_6REG,precoder cycling present,-0.092994,baseline target SNR - candidate target SNR; positive means candidate needs less SNR,outputs/experiment031_pdcch_cdd/20260911_c300_4tx_2rx_2sym/analysis/partial_al1_al2/target_snr.csv,
31,PDCCH_C300_4T2R_2sym_AL1_estimated_A41,result-031,partial; AL4 incomplete,PDCCH,Sionna 1.0.2 TDL-C; independent Rx branches,300,4,3,48,3,2,4,2,1,30,4096,288,41,QPSK,"A=41, CRC24C, Polar E=108",comb-4 on both CORESET symbols,estimated,"independent per-Rx 2D time-frequency LMMSE, then coherent MRC",coherent QPSK LLR; MRC when n_rx>1,CRC24C/RNTI mask; Sionna Polar hybrid CA-SCL list 8,unit total transmit power per active RE,Es/N0: total transmit power per active RE divided by noise variance of each Rx branch; no n_rx scaling,C300_SMALL_CDD_QSTEP0P25_TRANSPARENT_CDD,SMALL_CDD,physical_fullband,"[0,0.015625,0.03125,0.046875]","[0,14.467593,28.935185,43.402778]",cdd,0.1,4.382929,4.305167,4.47668,bracketed,Jeffreys-smoothed trial-weighted decreasing isotonic fit and local log10-BLER interpolation,C300_PRG_DFT4_6REG,precoder cycling present,-0.010923,baseline target SNR - candidate target SNR; positive means candidate needs less SNR,outputs/experiment031_pdcch_cdd/20260911_c300_4tx_2rx_2sym/analysis/partial_al1_al2/target_snr.csv,
31,PDCCH_C300_4T2R_2sym_AL1_estimated_A41,result-031,executed; awaiting researcher confirmation,PDCCH,Sionna 1.0.2 TDL-C; independent Rx branches,300,4,3,48,3,2,4,2,1,30,4096,288,41,QPSK,"A=41, CRC24C, Polar E=108",comb-4 on both CORESET symbols; 18 DMRS RE,estimated,"per-Rx 2D time-frequency LMMSE, then coherent MRC",coherent QPSK LLR; MRC when n_rx>1,CRC24C/RNTI mask; Sionna Polar hybrid CA-SCL list 8,unit total transmit power per active RE,Es/N0: total transmit power per active RE divided by noise variance of each Rx branch; no n_rx scaling,CDD130_transparent,CDD,transparent physical covariance,,"[0,0,130,130]",CDD with explicit physical delays,0.1,,,,unqualified,not estimated: No adjacent raw bracket with width <= 0.25 dB.,C300_PRG_DFT4_6REG,precoder cycling present,,baseline target SNR - candidate target SNR; positive means candidate needs less SNR,outputs/experiment031_pdcch_cdd/20260914_c300_al1_cdd911/analysis/target_snr.csv,Rows with blank target failed the <=0.25 dB bracket rule and are not extrapolated.
31,PDCCH_C300_4T2R_2sym_AL1_estimated_A41,result-031,executed; awaiting researcher confirmation,PDCCH,Sionna 1.0.2 TDL-C; independent Rx branches,300,4,3,48,3,2,4,2,1,30,4096,288,41,QPSK,"A=41, CRC24C, Polar E=108",comb-4 on both CORESET symbols; 18 DMRS RE,estimated,"per-Rx 2D time-frequency LMMSE, then coherent MRC",coherent QPSK LLR; MRC when n_rx>1,CRC24C/RNTI mask; Sionna Polar hybrid CA-SCL list 8,unit total transmit power per active RE,Es/N0: total transmit power per active RE divided by noise variance of each Rx branch; no n_rx scaling,CDD911,CDD,non-transparent matched covariance,,"[0,0,911,911]",CDD with explicit physical delays,0.1,3.514667,3.433232,3.591386,bracketed,Jeffreys-smoothed weighted decreasing isotonic curve; local log10-BLER interpolation; raw adjacent bracket <=0.25 dB,C300_PRG_DFT4_6REG,precoder cycling present,0.857339,baseline target SNR - candidate target SNR; positive means candidate needs less SNR,outputs/experiment031_pdcch_cdd/20260914_c300_al1_cdd911/analysis/target_snr.csv,Rows with blank target failed the <=0.25 dB bracket rule and are not extrapolated.; gain combines source target estimates produced by different crossing methods
31,PDCCH_C300_4T2R_2sym_AL1_estimated_A41,result-031,executed; awaiting researcher confirmation,PDCCH,Sionna 1.0.2 TDL-C; independent Rx branches,300,4,3,48,3,2,4,2,1,30,4096,288,41,QPSK,"A=41, CRC24C, Polar E=108",comb-4 on both CORESET symbols; 18 DMRS RE,estimated,"per-Rx 2D time-frequency LMMSE, then coherent MRC",coherent QPSK LLR; MRC when n_rx>1,CRC24C/RNTI mask; Sionna Polar hybrid CA-SCL list 8,unit total transmit power per active RE,Es/N0: total transmit power per active RE divided by noise variance of each Rx branch; no n_rx scaling,CDD911_transparent,CDD,transparent physical covariance,,"[0,0,911,911]",CDD with explicit physical delays,0.1,,,,unqualified,not estimated: No adjacent raw bracket with width <= 0.25 dB.,C300_PRG_DFT4_6REG,precoder cycling present,,baseline target SNR - candidate target SNR; positive means candidate needs less SNR,outputs/experiment031_pdcch_cdd/20260914_c300_al1_cdd911/analysis/target_snr.csv,Rows with blank target failed the <=0.25 dB bracket rule and are not extrapolated.
31,PDCCH_C300_4T2R_2sym_AL1_estimated_A41,result-031,executed; awaiting researcher confirmation,PDCCH,Sionna 1.0.2 TDL-C; independent Rx branches,300,4,3,48,3,2,4,2,1,30,4096,288,41,QPSK,"A=41, CRC24C, Polar E=108",comb-4 on both CORESET symbols; 18 DMRS RE,estimated,"per-Rx 2D time-frequency LMMSE, then coherent MRC",coherent QPSK LLR; MRC when n_rx>1,CRC24C/RNTI mask; Sionna Polar hybrid CA-SCL list 8,unit total transmit power per active RE,Es/N0: total transmit power per active RE divided by noise variance of each Rx branch; no n_rx scaling,LTEcodebook,FIXED_CODEBOOK,transparent physical covariance,,,fixed codebook/cycling vector,0.1,,,,unqualified,not estimated: No adjacent raw bracket with width <= 0.25 dB.,C300_PRG_DFT4_6REG,precoder cycling present,,baseline target SNR - candidate target SNR; positive means candidate needs less SNR,outputs/experiment031_pdcch_cdd/20260914_c300_al1_cdd911/analysis/target_snr.csv,Rows with blank target failed the <=0.25 dB bracket rule and are not extrapolated.
31,PDCCH_C300_4T2R_2sym_AL1_ideal_A41,result-031,partial; AL4 incomplete,PDCCH,Sionna 1.0.2 TDL-C; independent Rx branches,300,4,3,48,3,2,4,2,1,30,4096,288,41,QPSK,"A=41, CRC24C, Polar E=108",comb-4 on both CORESET symbols,ideal,true data-RE channel,coherent QPSK LLR; MRC when n_rx>1,CRC24C/RNTI mask; Sionna Polar hybrid CA-SCL list 8,unit total transmit power per active RE,Es/N0: total transmit power per active RE divided by noise variance of each Rx branch; no n_rx scaling,C300_AP_RMS_T1,AP_RMS_T1,,"[0,0.324,0.648,0.972]","[0,300,600,900]",cdd,0.01,,,,unqualified: No adjacent raw bracket with width <= 0.25 dB.,Jeffreys-smoothed trial-weighted decreasing isotonic fit and local log10-BLER interpolation,C300_PRG_DFT4_6REG,"precoder cycling present, but its target is unavailable",,baseline target SNR - candidate target SNR; positive means candidate needs less SNR,outputs/experiment031_pdcch_cdd/20260911_c300_4tx_2rx_2sym/analysis/partial_al1_al2/target_snr.csv,
31,PDCCH_C300_4T2R_2sym_AL1_ideal_A41,result-031,partial; AL4 incomplete,PDCCH,Sionna 1.0.2 TDL-C; independent Rx branches,300,4,3,48,3,2,4,2,1,30,4096,288,41,QPSK,"A=41, CRC24C, Polar E=108",comb-4 on both CORESET symbols,ideal,true data-RE channel,coherent QPSK LLR; MRC when n_rx>1,CRC24C/RNTI mask; Sionna Polar hybrid CA-SCL list 8,unit total transmit power per active RE,Es/N0: total transmit power per active RE divided by noise variance of each Rx branch; no n_rx scaling,C300_AP_TEPS_T1,AP_TEPS_T1,,"[0,2.043306,4.086612,6.129918]","[0,1891.95,3783.9,5675.85]",cdd,0.01,3.415523,3.364585,3.477218,bracketed,Jeffreys-smoothed trial-weighted decreasing isotonic fit and local log10-BLER interpolation,C300_PRG_DFT4_6REG,"precoder cycling present, but its target is unavailable",,baseline target SNR - candidate target SNR; positive means candidate needs less SNR,outputs/experiment031_pdcch_cdd/20260911_c300_4tx_2rx_2sym/analysis/partial_al1_al2/target_snr.csv,
31,PDCCH_C300_4T2R_2sym_AL1_ideal_A41,result-031,partial; AL4 incomplete,PDCCH,Sionna 1.0.2 TDL-C; independent Rx branches,300,4,3,48,3,2,4,2,1,30,4096,288,41,QPSK,"A=41, CRC24C, Polar E=108",comb-4 on both CORESET symbols,ideal,true data-RE channel,coherent QPSK LLR; MRC when n_rx>1,CRC24C/RNTI mask; Sionna Polar hybrid CA-SCL list 8,unit total transmit power per active RE,Es/N0: total transmit power per active RE divided by noise variance of each Rx branch; no n_rx scaling,C300_B0_QC,B0_QC,,"[0,0.5625,1.125,1.6875]","[0,520.833333,1041.666667,1562.5]",cdd,0.01,4.657792,4.533487,4.773036,bracketed,Jeffreys-smoothed trial-weighted decreasing isotonic fit and local log10-BLER interpolation,C300_PRG_DFT4_6REG,"precoder cycling present, but its target is unavailable",,baseline target SNR - candidate target SNR; positive means candidate needs less SNR,outputs/experiment031_pdcch_cdd/20260911_c300_4tx_2rx_2sym/analysis/partial_al1_al2/target_snr.csv,
31,PDCCH_C300_4T2R_2sym_AL1_ideal_A41,result-031,partial; AL4 incomplete,PDCCH,Sionna 1.0.2 TDL-C; independent Rx branches,300,4,3,48,3,2,4,2,1,30,4096,288,41,QPSK,"A=41, CRC24C, Polar E=108",comb-4 on both CORESET symbols,ideal,true data-RE channel,coherent QPSK LLR; MRC when n_rx>1,CRC24C/RNTI mask; Sionna Polar hybrid CA-SCL list 8,unit total transmit power per active RE,Es/N0: total transmit power per active RE divided by noise variance of each Rx branch; no n_rx scaling,C300_GEO_T1_CTRL_BAL_PAIR,GEO_T1_CTRL,,"[0,2,6,14]","[0,1851.851852,5555.555556,12962.962963]",cdd,0.01,3.354112,3.298007,3.401538,bracketed,Jeffreys-smoothed trial-weighted decreasing isotonic fit and local log10-BLER interpolation,C300_PRG_DFT4_6REG,"precoder cycling present, but its target is unavailable",,baseline target SNR - candidate target SNR; positive means candidate needs less SNR,outputs/experiment031_pdcch_cdd/20260911_c300_4tx_2rx_2sym/analysis/partial_al1_al2/target_snr.csv,
31,PDCCH_C300_4T2R_2sym_AL1_ideal_A41,result-031,partial; AL4 incomplete,PDCCH,Sionna 1.0.2 TDL-C; independent Rx branches,300,4,3,48,3,2,4,2,1,30,4096,288,41,QPSK,"A=41, CRC24C, Polar E=108",comb-4 on both CORESET symbols,ideal,true data-RE channel,coherent QPSK LLR; MRC when n_rx>1,CRC24C/RNTI mask; Sionna Polar hybrid CA-SCL list 8,unit total transmit power per active RE,Es/N0: total transmit power per active RE divided by noise variance of each Rx branch; no n_rx scaling,C300_GEO_T1_CTRL_FOLD,GEO_T1_CTRL,,"[0,2,5,16]","[0,1851.851852,4629.62963,14814.814815]",cdd,0.01,,,,unqualified: No adjacent raw bracket with width <= 0.25 dB.,Jeffreys-smoothed trial-weighted decreasing isotonic fit and local log10-BLER interpolation,C300_PRG_DFT4_6REG,"precoder cycling present, but its target is unavailable",,baseline target SNR - candidate target SNR; positive means candidate needs less SNR,outputs/experiment031_pdcch_cdd/20260911_c300_4tx_2rx_2sym/analysis/partial_al1_al2/target_snr.csv,
31,PDCCH_C300_4T2R_2sym_AL1_ideal_A41,result-031,partial; AL4 incomplete,PDCCH,Sionna 1.0.2 TDL-C; independent Rx branches,300,4,3,48,3,2,4,2,1,30,4096,288,41,QPSK,"A=41, CRC24C, Polar E=108",comb-4 on both CORESET symbols,ideal,true data-RE channel,coherent QPSK LLR; MRC when n_rx>1,CRC24C/RNTI mask; Sionna Polar hybrid CA-SCL list 8,unit total transmit power per active RE,Es/N0: total transmit power per active RE divided by noise variance of each Rx branch; no n_rx scaling,C300_PRG_DFT4_6REG,PRG_DFT,physical_prg,,,reg_bundle_dft_cycling,0.01,,,,unqualified: No adjacent raw bracket with width <= 0.25 dB.,Jeffreys-smoothed trial-weighted decreasing isotonic fit and local log10-BLER interpolation,C300_PRG_DFT4_6REG,"precoder cycling present, but its target is unavailable",,baseline target SNR - candidate target SNR; positive means candidate needs less SNR,outputs/experiment031_pdcch_cdd/20260911_c300_4tx_2rx_2sym/analysis/partial_al1_al2/target_snr.csv,
31,PDCCH_C300_4T2R_2sym_AL1_ideal_A41,result-031,partial; AL4 incomplete,PDCCH,Sionna 1.0.2 TDL-C; independent Rx branches,300,4,3,48,3,2,4,2,1,30,4096,288,41,QPSK,"A=41, CRC24C, Polar E=108",comb-4 on both CORESET symbols,ideal,true data-RE channel,coherent QPSK LLR; MRC when n_rx>1,CRC24C/RNTI mask; Sionna Polar hybrid CA-SCL list 8,unit total transmit power per active RE,Es/N0: total transmit power per active RE divided by noise variance of each Rx branch; no n_rx scaling,C300_S0_SIDON,S0_SIDON,,"[0,1,3,7]","[0,925.925926,2777.777778,6481.481481]",cdd,0.01,3.483126,3.393551,3.570064,bracketed,Jeffreys-smoothed trial-weighted decreasing isotonic fit and local log10-BLER interpolation,C300_PRG_DFT4_6REG,"precoder cycling present, but its target is unavailable",,baseline target SNR - candidate target SNR; positive means candidate needs less SNR,outputs/experiment031_pdcch_cdd/20260911_c300_4tx_2rx_2sym/analysis/partial_al1_al2/target_snr.csv;outputs/experiment031_pdcch_cdd/20260914_c300_al1_cdd911/analysis/target_snr.csv,Rows with blank target failed the <=0.25 dB bracket rule and are not extrapolated.; duplicate curve reused; not an independent rerun
31,PDCCH_C300_4T2R_2sym_AL1_ideal_A41,result-031,partial; AL4 incomplete,PDCCH,Sionna 1.0.2 TDL-C; independent Rx branches,300,4,3,48,3,2,4,2,1,30,4096,288,41,QPSK,"A=41, CRC24C, Polar E=108",comb-4 on both CORESET symbols,ideal,true data-RE channel,coherent QPSK LLR; MRC when n_rx>1,CRC24C/RNTI mask; Sionna Polar hybrid CA-SCL list 8,unit total transmit power per active RE,Es/N0: total transmit power per active RE divided by noise variance of each Rx branch; no n_rx scaling,C300_SMALL_CDD_QSTEP0P25_IDEAL_CSI,SMALL_CDD,matched_effective,"[0,0.015625,0.03125,0.046875]","[0,14.467593,28.935185,43.402778]",cdd,0.01,7.450606,7.303307,7.574419,bracketed,Jeffreys-smoothed trial-weighted decreasing isotonic fit and local log10-BLER interpolation,C300_PRG_DFT4_6REG,"precoder cycling present, but its target is unavailable",,baseline target SNR - candidate target SNR; positive means candidate needs less SNR,outputs/experiment031_pdcch_cdd/20260911_c300_4tx_2rx_2sym/analysis/partial_al1_al2/target_snr.csv,
31,PDCCH_C300_4T2R_2sym_AL1_ideal_A41,result-031,executed; awaiting researcher confirmation,PDCCH,Sionna 1.0.2 TDL-C; independent Rx branches,300,4,3,48,3,2,4,2,1,30,4096,288,41,QPSK,"A=41, CRC24C, Polar E=108",comb-4 on both CORESET symbols; 18 DMRS RE,ideal,true data-RE channel,coherent QPSK LLR; MRC when n_rx>1,CRC24C/RNTI mask; Sionna Polar hybrid CA-SCL list 8,unit total transmit power per active RE,Es/N0: total transmit power per active RE divided by noise variance of each Rx branch; no n_rx scaling,CDD130,CDD,ideal CSI,,"[0,0,130,130]",CDD with explicit physical delays,0.01,,,,unqualified,not estimated: No adjacent raw bracket with width <= 0.25 dB.,C300_PRG_DFT4_6REG,"precoder cycling present, but its target is unavailable",,baseline target SNR - candidate target SNR; positive means candidate needs less SNR,outputs/experiment031_pdcch_cdd/20260914_c300_al1_cdd911/analysis/target_snr.csv,Rows with blank target failed the <=0.25 dB bracket rule and are not extrapolated.
31,PDCCH_C300_4T2R_2sym_AL1_ideal_A41,result-031,executed; awaiting researcher confirmation,PDCCH,Sionna 1.0.2 TDL-C; independent Rx branches,300,4,3,48,3,2,4,2,1,30,4096,288,41,QPSK,"A=41, CRC24C, Polar E=108",comb-4 on both CORESET symbols; 18 DMRS RE,ideal,true data-RE channel,coherent QPSK LLR; MRC when n_rx>1,CRC24C/RNTI mask; Sionna Polar hybrid CA-SCL list 8,unit total transmit power per active RE,Es/N0: total transmit power per active RE divided by noise variance of each Rx branch; no n_rx scaling,CDD911,CDD,ideal CSI,,"[0,0,911,911]",CDD with explicit physical delays,0.01,5.32774,5.188891,5.481804,bracketed,Jeffreys-smoothed weighted decreasing isotonic curve; local log10-BLER interpolation; raw adjacent bracket <=0.25 dB,C300_PRG_DFT4_6REG,"precoder cycling present, but its target is unavailable",,baseline target SNR - candidate target SNR; positive means candidate needs less SNR,outputs/experiment031_pdcch_cdd/20260914_c300_al1_cdd911/analysis/target_snr.csv,Rows with blank target failed the <=0.25 dB bracket rule and are not extrapolated.
31,PDCCH_C300_4T2R_2sym_AL1_ideal_A41,result-031,executed; awaiting researcher confirmation,PDCCH,Sionna 1.0.2 TDL-C; independent Rx branches,300,4,3,48,3,2,4,2,1,30,4096,288,41,QPSK,"A=41, CRC24C, Polar E=108",comb-4 on both CORESET symbols; 18 DMRS RE,ideal,true data-RE channel,coherent QPSK LLR; MRC when n_rx>1,CRC24C/RNTI mask; Sionna Polar hybrid CA-SCL list 8,unit total transmit power per active RE,Es/N0: total transmit power per active RE divided by noise variance of each Rx branch; no n_rx scaling,DFTcodebook,FIXED_CODEBOOK,ideal CSI,,,fixed codebook/cycling vector,0.01,,,,unqualified,not estimated: No adjacent raw bracket with width <= 0.25 dB.,C300_PRG_DFT4_6REG,"precoder cycling present, but its target is unavailable",,baseline target SNR - candidate target SNR; positive means candidate needs less SNR,outputs/experiment031_pdcch_cdd/20260914_c300_al1_cdd911/analysis/target_snr.csv,Rows with blank target failed the <=0.25 dB bracket rule and are not extrapolated.
31,PDCCH_C300_4T2R_2sym_AL1_ideal_A41,result-031,executed; awaiting researcher confirmation,PDCCH,Sionna 1.0.2 TDL-C; independent Rx branches,300,4,3,48,3,2,4,2,1,30,4096,288,41,QPSK,"A=41, CRC24C, Polar E=108",comb-4 on both CORESET symbols; 18 DMRS RE,ideal,true data-RE channel,coherent QPSK LLR; MRC when n_rx>1,CRC24C/RNTI mask; Sionna Polar hybrid CA-SCL list 8,unit total transmit power per active RE,Es/N0: total transmit power per active RE divided by noise variance of each Rx branch; no n_rx scaling,LTEcodebook,FIXED_CODEBOOK,ideal CSI,,,fixed codebook/cycling vector,0.01,,,,unqualified,not estimated: No adjacent raw bracket with width <= 0.25 dB.,C300_PRG_DFT4_6REG,"precoder cycling present, but its target is unavailable",,baseline target SNR - candidate target SNR; positive means candidate needs less SNR,outputs/experiment031_pdcch_cdd/20260914_c300_al1_cdd911/analysis/target_snr.csv,Rows with blank target failed the <=0.25 dB bracket rule and are not extrapolated.
31,PDCCH_C300_4T2R_2sym_AL1_ideal_A41,result-031,partial; AL4 incomplete,PDCCH,Sionna 1.0.2 TDL-C; independent Rx branches,300,4,3,48,3,2,4,2,1,30,4096,288,41,QPSK,"A=41, CRC24C, Polar E=108",comb-4 on both CORESET symbols,ideal,true data-RE channel,coherent QPSK LLR; MRC when n_rx>1,CRC24C/RNTI mask; Sionna Polar hybrid CA-SCL list 8,unit total transmit power per active RE,Es/N0: total transmit power per active RE divided by noise variance of each Rx branch; no n_rx scaling,C300_AP_RMS_T1,AP_RMS_T1,,"[0,0.324,0.648,0.972]","[0,300,600,900]",cdd,0.1,2.424758,2.353462,2.518123,bracketed,Jeffreys-smoothed trial-weighted decreasing isotonic fit and local log10-BLER interpolation,C300_PRG_DFT4_6REG,precoder cycling present,0.987775,baseline target SNR - candidate target SNR; positive means candidate needs less SNR,outputs/experiment031_pdcch_cdd/20260911_c300_4tx_2rx_2sym/analysis/partial_al1_al2/target_snr.csv,
31,PDCCH_C300_4T2R_2sym_AL1_ideal_A41,result-031,partial; AL4 incomplete,PDCCH,Sionna 1.0.2 TDL-C; independent Rx branches,300,4,3,48,3,2,4,2,1,30,4096,288,41,QPSK,"A=41, CRC24C, Polar E=108",comb-4 on both CORESET symbols,ideal,true data-RE channel,coherent QPSK LLR; MRC when n_rx>1,CRC24C/RNTI mask; Sionna Polar hybrid CA-SCL list 8,unit total transmit power per active RE,Es/N0: total transmit power per active RE divided by noise variance of each Rx branch; no n_rx scaling,C300_AP_TEPS_T1,AP_TEPS_T1,,"[0,2.043306,4.086612,6.129918]","[0,1891.95,3783.9,5675.85]",cdd,0.1,1.323858,1.249386,1.378965,bracketed,Jeffreys-smoothed trial-weighted decreasing isotonic fit and local log10-BLER interpolation,C300_PRG_DFT4_6REG,precoder cycling present,2.088675,baseline target SNR - candidate target SNR; positive means candidate needs less SNR,outputs/experiment031_pdcch_cdd/20260911_c300_4tx_2rx_2sym/analysis/partial_al1_al2/target_snr.csv,
31,PDCCH_C300_4T2R_2sym_AL1_ideal_A41,result-031,partial; AL4 incomplete,PDCCH,Sionna 1.0.2 TDL-C; independent Rx branches,300,4,3,48,3,2,4,2,1,30,4096,288,41,QPSK,"A=41, CRC24C, Polar E=108",comb-4 on both CORESET symbols,ideal,true data-RE channel,coherent QPSK LLR; MRC when n_rx>1,CRC24C/RNTI mask; Sionna Polar hybrid CA-SCL list 8,unit total transmit power per active RE,Es/N0: total transmit power per active RE divided by noise variance of each Rx branch; no n_rx scaling,C300_B0_QC,B0_QC,,"[0,0.5625,1.125,1.6875]","[0,520.833333,1041.666667,1562.5]",cdd,0.1,1.943893,1.87689,2.020155,bracketed,Jeffreys-smoothed trial-weighted decreasing isotonic fit and local log10-BLER interpolation,C300_PRG_DFT4_6REG,precoder cycling present,1.46864,baseline target SNR - candidate target SNR; positive means candidate needs less SNR,outputs/experiment031_pdcch_cdd/20260911_c300_4tx_2rx_2sym/analysis/partial_al1_al2/target_snr.csv,
31,PDCCH_C300_4T2R_2sym_AL1_ideal_A41,result-031,partial; AL4 incomplete,PDCCH,Sionna 1.0.2 TDL-C; independent Rx branches,300,4,3,48,3,2,4,2,1,30,4096,288,41,QPSK,"A=41, CRC24C, Polar E=108",comb-4 on both CORESET symbols,ideal,true data-RE channel,coherent QPSK LLR; MRC when n_rx>1,CRC24C/RNTI mask; Sionna Polar hybrid CA-SCL list 8,unit total transmit power per active RE,Es/N0: total transmit power per active RE divided by noise variance of each Rx branch; no n_rx scaling,C300_GEO_T1_CTRL_BAL_PAIR,GEO_T1_CTRL,,"[0,2,6,14]","[0,1851.851852,5555.555556,12962.962963]",cdd,0.1,1.262258,1.203823,1.310902,bracketed,Jeffreys-smoothed trial-weighted decreasing isotonic fit and local log10-BLER interpolation,C300_PRG_DFT4_6REG,precoder cycling present,2.150275,baseline target SNR - candidate target SNR; positive means candidate needs less SNR,outputs/experiment031_pdcch_cdd/20260911_c300_4tx_2rx_2sym/analysis/partial_al1_al2/target_snr.csv,
31,PDCCH_C300_4T2R_2sym_AL1_ideal_A41,result-031,partial; AL4 incomplete,PDCCH,Sionna 1.0.2 TDL-C; independent Rx branches,300,4,3,48,3,2,4,2,1,30,4096,288,41,QPSK,"A=41, CRC24C, Polar E=108",comb-4 on both CORESET symbols,ideal,true data-RE channel,coherent QPSK LLR; MRC when n_rx>1,CRC24C/RNTI mask; Sionna Polar hybrid CA-SCL list 8,unit total transmit power per active RE,Es/N0: total transmit power per active RE divided by noise variance of each Rx branch; no n_rx scaling,C300_GEO_T1_CTRL_FOLD,GEO_T1_CTRL,,"[0,2,5,16]","[0,1851.851852,4629.62963,14814.814815]",cdd,0.1,1.268996,1.21062,1.324784,bracketed,Jeffreys-smoothed trial-weighted decreasing isotonic fit and local log10-BLER interpolation,C300_PRG_DFT4_6REG,precoder cycling present,2.143537,baseline target SNR - candidate target SNR; positive means candidate needs less SNR,outputs/experiment031_pdcch_cdd/20260911_c300_4tx_2rx_2sym/analysis/partial_al1_al2/target_snr.csv,
31,PDCCH_C300_4T2R_2sym_AL1_ideal_A41,result-031,partial; AL4 incomplete,PDCCH,Sionna 1.0.2 TDL-C; independent Rx branches,300,4,3,48,3,2,4,2,1,30,4096,288,41,QPSK,"A=41, CRC24C, Polar E=108",comb-4 on both CORESET symbols,ideal,true data-RE channel,coherent QPSK LLR; MRC when n_rx>1,CRC24C/RNTI mask; Sionna Polar hybrid CA-SCL list 8,unit total transmit power per active RE,Es/N0: total transmit power per active RE divided by noise variance of each Rx branch; no n_rx scaling,C300_PRG_DFT4_6REG,PRG_DFT,physical_prg,,,reg_bundle_dft_cycling,0.1,3.412533,3.246524,3.534214,bracketed,Jeffreys-smoothed trial-weighted decreasing isotonic fit and local log10-BLER interpolation,C300_PRG_DFT4_6REG,precoder cycling present,0,baseline target SNR - candidate target SNR; positive means candidate needs less SNR,outputs/experiment031_pdcch_cdd/20260911_c300_4tx_2rx_2sym/analysis/partial_al1_al2/target_snr.csv,
31,PDCCH_C300_4T2R_2sym_AL1_ideal_A41,result-031,partial; AL4 incomplete,PDCCH,Sionna 1.0.2 TDL-C; independent Rx branches,300,4,3,48,3,2,4,2,1,30,4096,288,41,QPSK,"A=41, CRC24C, Polar E=108",comb-4 on both CORESET symbols,ideal,true data-RE channel,coherent QPSK LLR; MRC when n_rx>1,CRC24C/RNTI mask; Sionna Polar hybrid CA-SCL list 8,unit total transmit power per active RE,Es/N0: total transmit power per active RE divided by noise variance of each Rx branch; no n_rx scaling,C300_S0_SIDON,S0_SIDON,,"[0,1,3,7]","[0,925.925926,2777.777778,6481.481481]",cdd,0.1,1.310572,1.2693,1.341998,bracketed,Jeffreys-smoothed trial-weighted decreasing isotonic fit and local log10-BLER interpolation,C300_PRG_DFT4_6REG,precoder cycling present,2.101961,baseline target SNR - candidate target SNR; positive means candidate needs less SNR,outputs/experiment031_pdcch_cdd/20260911_c300_4tx_2rx_2sym/analysis/partial_al1_al2/target_snr.csv;outputs/experiment031_pdcch_cdd/20260914_c300_al1_cdd911/analysis/target_snr.csv,Rows with blank target failed the <=0.25 dB bracket rule and are not extrapolated.; duplicate curve reused; not an independent rerun
31,PDCCH_C300_4T2R_2sym_AL1_ideal_A41,result-031,partial; AL4 incomplete,PDCCH,Sionna 1.0.2 TDL-C; independent Rx branches,300,4,3,48,3,2,4,2,1,30,4096,288,41,QPSK,"A=41, CRC24C, Polar E=108",comb-4 on both CORESET symbols,ideal,true data-RE channel,coherent QPSK LLR; MRC when n_rx>1,CRC24C/RNTI mask; Sionna Polar hybrid CA-SCL list 8,unit total transmit power per active RE,Es/N0: total transmit power per active RE divided by noise variance of each Rx branch; no n_rx scaling,C300_SMALL_CDD_QSTEP0P25_IDEAL_CSI,SMALL_CDD,matched_effective,"[0,0.015625,0.03125,0.046875]","[0,14.467593,28.935185,43.402778]",cdd,0.1,3.298697,3.200398,3.413832,bracketed,Jeffreys-smoothed trial-weighted decreasing isotonic fit and local log10-BLER interpolation,C300_PRG_DFT4_6REG,precoder cycling present,0.113836,baseline target SNR - candidate target SNR; positive means candidate needs less SNR,outputs/experiment031_pdcch_cdd/20260911_c300_4tx_2rx_2sym/analysis/partial_al1_al2/target_snr.csv,
31,PDCCH_C300_4T2R_2sym_AL1_ideal_A41,result-031,executed; awaiting researcher confirmation,PDCCH,Sionna 1.0.2 TDL-C; independent Rx branches,300,4,3,48,3,2,4,2,1,30,4096,288,41,QPSK,"A=41, CRC24C, Polar E=108",comb-4 on both CORESET symbols; 18 DMRS RE,ideal,true data-RE channel,coherent QPSK LLR; MRC when n_rx>1,CRC24C/RNTI mask; Sionna Polar hybrid CA-SCL list 8,unit total transmit power per active RE,Es/N0: total transmit power per active RE divided by noise variance of each Rx branch; no n_rx scaling,CDD130,CDD,ideal CSI,,"[0,0,130,130]",CDD with explicit physical delays,0.1,,,,unqualified,not estimated: No adjacent raw bracket with width <= 0.25 dB.,C300_PRG_DFT4_6REG,precoder cycling present,,baseline target SNR - candidate target SNR; positive means candidate needs less SNR,outputs/experiment031_pdcch_cdd/20260914_c300_al1_cdd911/analysis/target_snr.csv,Rows with blank target failed the <=0.25 dB bracket rule and are not extrapolated.
31,PDCCH_C300_4T2R_2sym_AL1_ideal_A41,result-031,executed; awaiting researcher confirmation,PDCCH,Sionna 1.0.2 TDL-C; independent Rx branches,300,4,3,48,3,2,4,2,1,30,4096,288,41,QPSK,"A=41, CRC24C, Polar E=108",comb-4 on both CORESET symbols; 18 DMRS RE,ideal,true data-RE channel,coherent QPSK LLR; MRC when n_rx>1,CRC24C/RNTI mask; Sionna Polar hybrid CA-SCL list 8,unit total transmit power per active RE,Es/N0: total transmit power per active RE divided by noise variance of each Rx branch; no n_rx scaling,CDD911,CDD,ideal CSI,,"[0,0,911,911]",CDD with explicit physical delays,0.1,2.250658,2.181542,2.324856,bracketed,Jeffreys-smoothed weighted decreasing isotonic curve; local log10-BLER interpolation; raw adjacent bracket <=0.25 dB,C300_PRG_DFT4_6REG,precoder cycling present,1.161875,baseline target SNR - candidate target SNR; positive means candidate needs less SNR,outputs/experiment031_pdcch_cdd/20260914_c300_al1_cdd911/analysis/target_snr.csv,Rows with blank target failed the <=0.25 dB bracket rule and are not extrapolated.; gain combines source target estimates produced by different crossing methods
31,PDCCH_C300_4T2R_2sym_AL1_ideal_A41,result-031,executed; awaiting researcher confirmation,PDCCH,Sionna 1.0.2 TDL-C; independent Rx branches,300,4,3,48,3,2,4,2,1,30,4096,288,41,QPSK,"A=41, CRC24C, Polar E=108",comb-4 on both CORESET symbols; 18 DMRS RE,ideal,true data-RE channel,coherent QPSK LLR; MRC when n_rx>1,CRC24C/RNTI mask; Sionna Polar hybrid CA-SCL list 8,unit total transmit power per active RE,Es/N0: total transmit power per active RE divided by noise variance of each Rx branch; no n_rx scaling,DFTcodebook,FIXED_CODEBOOK,ideal CSI,,,fixed codebook/cycling vector,0.1,,,,unqualified,not estimated: No adjacent raw bracket with width <= 0.25 dB.,C300_PRG_DFT4_6REG,precoder cycling present,,baseline target SNR - candidate target SNR; positive means candidate needs less SNR,outputs/experiment031_pdcch_cdd/20260914_c300_al1_cdd911/analysis/target_snr.csv,Rows with blank target failed the <=0.25 dB bracket rule and are not extrapolated.
31,PDCCH_C300_4T2R_2sym_AL1_ideal_A41,result-031,executed; awaiting researcher confirmation,PDCCH,Sionna 1.0.2 TDL-C; independent Rx branches,300,4,3,48,3,2,4,2,1,30,4096,288,41,QPSK,"A=41, CRC24C, Polar E=108",comb-4 on both CORESET symbols; 18 DMRS RE,ideal,true data-RE channel,coherent QPSK LLR; MRC when n_rx>1,CRC24C/RNTI mask; Sionna Polar hybrid CA-SCL list 8,unit total transmit power per active RE,Es/N0: total transmit power per active RE divided by noise variance of each Rx branch; no n_rx scaling,LTEcodebook,FIXED_CODEBOOK,ideal CSI,,,fixed codebook/cycling vector,0.1,,,,unqualified,not estimated: No adjacent raw bracket with width <= 0.25 dB.,C300_PRG_DFT4_6REG,precoder cycling present,,baseline target SNR - candidate target SNR; positive means candidate needs less SNR,outputs/experiment031_pdcch_cdd/20260914_c300_al1_cdd911/analysis/target_snr.csv,Rows with blank target failed the <=0.25 dB bracket rule and are not extrapolated.
31,PDCCH_C300_4T2R_2sym_AL2_estimated_A41,result-031,partial; AL4 incomplete,PDCCH,Sionna 1.0.2 TDL-C; independent Rx branches,300,4,3,48,6,2,4,2,1,30,4096,288,41,QPSK,"A=41, CRC24C, Polar E=216",comb-4 on both CORESET symbols,estimated,"independent per-Rx 2D time-frequency LMMSE, then coherent MRC",coherent QPSK LLR; MRC when n_rx>1,CRC24C/RNTI mask; Sionna Polar hybrid CA-SCL list 8,unit total transmit power per active RE,Es/N0: total transmit power per active RE divided by noise variance of each Rx branch; no n_rx scaling,C300_AP_RMS_T1,AP_RMS_T1,,"[0,0.648,1.296,1.944]","[0,300,600,900]",cdd,0.01,1.558939,1.487141,1.604722,bracketed,Jeffreys-smoothed trial-weighted decreasing isotonic fit and local log10-BLER interpolation,C300_PRG_DFT4_6REG,precoder cycling present,0.802135,baseline target SNR - candidate target SNR; positive means candidate needs less SNR,outputs/experiment031_pdcch_cdd/20260911_c300_4tx_2rx_2sym/analysis/partial_al1_al2/target_snr.csv,
31,PDCCH_C300_4T2R_2sym_AL2_estimated_A41,result-031,partial; AL4 incomplete,PDCCH,Sionna 1.0.2 TDL-C; independent Rx branches,300,4,3,48,6,2,4,2,1,30,4096,288,41,QPSK,"A=41, CRC24C, Polar E=216",comb-4 on both CORESET symbols,estimated,"independent per-Rx 2D time-frequency LMMSE, then coherent MRC",coherent QPSK LLR; MRC when n_rx>1,CRC24C/RNTI mask; Sionna Polar hybrid CA-SCL list 8,unit total transmit power per active RE,Es/N0: total transmit power per active RE divided by noise variance of each Rx branch; no n_rx scaling,C300_AP_TEPS_T1,AP_TEPS_T1,,"[0,4.086612,8.173224,12.259836]","[0,1891.95,3783.9,5675.85]",cdd,0.01,0.865009,0.789147,0.922585,bracketed,Jeffreys-smoothed trial-weighted decreasing isotonic fit and local log10-BLER interpolation,C300_PRG_DFT4_6REG,precoder cycling present,1.496065,baseline target SNR - candidate target SNR; positive means candidate needs less SNR,outputs/experiment031_pdcch_cdd/20260911_c300_4tx_2rx_2sym/analysis/partial_al1_al2/target_snr.csv,
31,PDCCH_C300_4T2R_2sym_AL2_estimated_A41,result-031,partial; AL4 incomplete,PDCCH,Sionna 1.0.2 TDL-C; independent Rx branches,300,4,3,48,6,2,4,2,1,30,4096,288,41,QPSK,"A=41, CRC24C, Polar E=216",comb-4 on both CORESET symbols,estimated,"independent per-Rx 2D time-frequency LMMSE, then coherent MRC",coherent QPSK LLR; MRC when n_rx>1,CRC24C/RNTI mask; Sionna Polar hybrid CA-SCL list 8,unit total transmit power per active RE,Es/N0: total transmit power per active RE divided by noise variance of each Rx branch; no n_rx scaling,C300_B0_QC,B0_QC,,"[0,1.125,2.25,3.375]","[0,520.833333,1041.666667,1562.5]",cdd,0.01,0.860736,0.77241,0.923766,bracketed,Jeffreys-smoothed trial-weighted decreasing isotonic fit and local log10-BLER interpolation,C300_PRG_DFT4_6REG,precoder cycling present,1.500338,baseline target SNR - candidate target SNR; positive means candidate needs less SNR,outputs/experiment031_pdcch_cdd/20260911_c300_4tx_2rx_2sym/analysis/partial_al1_al2/target_snr.csv,
31,PDCCH_C300_4T2R_2sym_AL2_estimated_A41,result-031,partial; AL4 incomplete,PDCCH,Sionna 1.0.2 TDL-C; independent Rx branches,300,4,3,48,6,2,4,2,1,30,4096,288,41,QPSK,"A=41, CRC24C, Polar E=216",comb-4 on both CORESET symbols,estimated,"independent per-Rx 2D time-frequency LMMSE, then coherent MRC",coherent QPSK LLR; MRC when n_rx>1,CRC24C/RNTI mask; Sionna Polar hybrid CA-SCL list 8,unit total transmit power per active RE,Es/N0: total transmit power per active RE divided by noise variance of each Rx branch; no n_rx scaling,C300_GEO_T1_CTRL_BAL,GEO_T1_CTRL,,"[0,4,12,33]","[0,1851.851852,5555.555556,15277.777778]",cdd,0.01,1.171614,1.121207,1.234005,bracketed,Jeffreys-smoothed trial-weighted decreasing isotonic fit and local log10-BLER interpolation,C300_PRG_DFT4_6REG,precoder cycling present,1.18946,baseline target SNR - candidate target SNR; positive means candidate needs less SNR,outputs/experiment031_pdcch_cdd/20260911_c300_4tx_2rx_2sym/analysis/partial_al1_al2/target_snr.csv,
31,PDCCH_C300_4T2R_2sym_AL2_estimated_A41,result-031,partial; AL4 incomplete,PDCCH,Sionna 1.0.2 TDL-C; independent Rx branches,300,4,3,48,6,2,4,2,1,30,4096,288,41,QPSK,"A=41, CRC24C, Polar E=216",comb-4 on both CORESET symbols,estimated,"independent per-Rx 2D time-frequency LMMSE, then coherent MRC",coherent QPSK LLR; MRC when n_rx>1,CRC24C/RNTI mask; Sionna Polar hybrid CA-SCL list 8,unit total transmit power per active RE,Es/N0: total transmit power per active RE divided by noise variance of each Rx branch; no n_rx scaling,C300_GEO_T1_CTRL_FOLD,GEO_T1_CTRL,,"[0,4,10,32]","[0,1851.851852,4629.62963,14814.814815]",cdd,0.01,,,,unqualified: No adjacent raw bracket with width <= 0.25 dB.,Jeffreys-smoothed trial-weighted decreasing isotonic fit and local log10-BLER interpolation,C300_PRG_DFT4_6REG,precoder cycling present,,baseline target SNR - candidate target SNR; positive means candidate needs less SNR,outputs/experiment031_pdcch_cdd/20260911_c300_4tx_2rx_2sym/analysis/partial_al1_al2/target_snr.csv,
31,PDCCH_C300_4T2R_2sym_AL2_estimated_A41,result-031,partial; AL4 incomplete,PDCCH,Sionna 1.0.2 TDL-C; independent Rx branches,300,4,3,48,6,2,4,2,1,30,4096,288,41,QPSK,"A=41, CRC24C, Polar E=216",comb-4 on both CORESET symbols,estimated,"independent per-Rx 2D time-frequency LMMSE, then coherent MRC",coherent QPSK LLR; MRC when n_rx>1,CRC24C/RNTI mask; Sionna Polar hybrid CA-SCL list 8,unit total transmit power per active RE,Es/N0: total transmit power per active RE divided by noise variance of each Rx branch; no n_rx scaling,C300_GEO_T1_CTRL_PAIR,GEO_T1_CTRL,,"[0,5,16,49]","[0,2314.814815,7407.407407,22685.185185]",cdd,0.01,1.346827,1.25711,1.406758,bracketed,Jeffreys-smoothed trial-weighted decreasing isotonic fit and local log10-BLER interpolation,C300_PRG_DFT4_6REG,precoder cycling present,1.014247,baseline target SNR - candidate target SNR; positive means candidate needs less SNR,outputs/experiment031_pdcch_cdd/20260911_c300_4tx_2rx_2sym/analysis/partial_al1_al2/target_snr.csv,
31,PDCCH_C300_4T2R_2sym_AL2_estimated_A41,result-031,partial; AL4 incomplete,PDCCH,Sionna 1.0.2 TDL-C; independent Rx branches,300,4,3,48,6,2,4,2,1,30,4096,288,41,QPSK,"A=41, CRC24C, Polar E=216",comb-4 on both CORESET symbols,estimated,"independent per-Rx 2D time-frequency LMMSE, then coherent MRC",coherent QPSK LLR; MRC when n_rx>1,CRC24C/RNTI mask; Sionna Polar hybrid CA-SCL list 8,unit total transmit power per active RE,Es/N0: total transmit power per active RE divided by noise variance of each Rx branch; no n_rx scaling,C300_PRG_DFT4_6REG,PRG_DFT,physical_prg,,,reg_bundle_dft_cycling,0.01,2.361074,2.246209,2.443512,bracketed,Jeffreys-smoothed trial-weighted decreasing isotonic fit and local log10-BLER interpolation,C300_PRG_DFT4_6REG,precoder cycling present,0,baseline target SNR - candidate target SNR; positive means candidate needs less SNR,outputs/experiment031_pdcch_cdd/20260911_c300_4tx_2rx_2sym/analysis/partial_al1_al2/target_snr.csv,
31,PDCCH_C300_4T2R_2sym_AL2_estimated_A41,result-031,partial; AL4 incomplete,PDCCH,Sionna 1.0.2 TDL-C; independent Rx branches,300,4,3,48,6,2,4,2,1,30,4096,288,41,QPSK,"A=41, CRC24C, Polar E=216",comb-4 on both CORESET symbols,estimated,"independent per-Rx 2D time-frequency LMMSE, then coherent MRC",coherent QPSK LLR; MRC when n_rx>1,CRC24C/RNTI mask; Sionna Polar hybrid CA-SCL list 8,unit total transmit power per active RE,Es/N0: total transmit power per active RE divided by noise variance of each Rx branch; no n_rx scaling,C300_S0_SIDON,S0_SIDON,,"[0,1,3,7]","[0,462.962963,1388.888889,3240.740741]",cdd,0.01,0.892025,0.800241,0.985694,bracketed,Jeffreys-smoothed trial-weighted decreasing isotonic fit and local log10-BLER interpolation,C300_PRG_DFT4_6REG,precoder cycling present,1.469049,baseline target SNR - candidate target SNR; positive means candidate needs less SNR,outputs/experiment031_pdcch_cdd/20260911_c300_4tx_2rx_2sym/analysis/partial_al1_al2/target_snr.csv,
31,PDCCH_C300_4T2R_2sym_AL2_estimated_A41,result-031,partial; AL4 incomplete,PDCCH,Sionna 1.0.2 TDL-C; independent Rx branches,300,4,3,48,6,2,4,2,1,30,4096,288,41,QPSK,"A=41, CRC24C, Polar E=216",comb-4 on both CORESET symbols,estimated,"independent per-Rx 2D time-frequency LMMSE, then coherent MRC",coherent QPSK LLR; MRC when n_rx>1,CRC24C/RNTI mask; Sionna Polar hybrid CA-SCL list 8,unit total transmit power per active RE,Es/N0: total transmit power per active RE divided by noise variance of each Rx branch; no n_rx scaling,C300_SMALL_CDD_QSTEP0P25_MATCHED_CDD,SMALL_CDD,matched_effective,"[0,0.03125,0.0625,0.09375]","[0,14.467593,28.935185,43.402778]",cdd,0.01,3.451624,3.288894,3.576967,bracketed,Jeffreys-smoothed trial-weighted decreasing isotonic fit and local log10-BLER interpolation,C300_PRG_DFT4_6REG,precoder cycling present,-1.09055,baseline target SNR - candidate target SNR; positive means candidate needs less SNR,outputs/experiment031_pdcch_cdd/20260911_c300_4tx_2rx_2sym/analysis/partial_al1_al2/target_snr.csv,
31,PDCCH_C300_4T2R_2sym_AL2_estimated_A41,result-031,partial; AL4 incomplete,PDCCH,Sionna 1.0.2 TDL-C; independent Rx branches,300,4,3,48,6,2,4,2,1,30,4096,288,41,QPSK,"A=41, CRC24C, Polar E=216",comb-4 on both CORESET symbols,estimated,"independent per-Rx 2D time-frequency LMMSE, then coherent MRC",coherent QPSK LLR; MRC when n_rx>1,CRC24C/RNTI mask; Sionna Polar hybrid CA-SCL list 8,unit total transmit power per active RE,Es/N0: total transmit power per active RE divided by noise variance of each Rx branch; no n_rx scaling,C300_SMALL_CDD_QSTEP0P25_TRANSPARENT_CDD,SMALL_CDD,physical_fullband,"[0,0.03125,0.0625,0.09375]","[0,14.467593,28.935185,43.402778]",cdd,0.01,3.531471,3.14735,3.582444,bracketed,Jeffreys-smoothed trial-weighted decreasing isotonic fit and local log10-BLER interpolation,C300_PRG_DFT4_6REG,precoder cycling present,-1.170397,baseline target SNR - candidate target SNR; positive means candidate needs less SNR,outputs/experiment031_pdcch_cdd/20260911_c300_4tx_2rx_2sym/analysis/partial_al1_al2/target_snr.csv,
31,PDCCH_C300_4T2R_2sym_AL2_estimated_A41,result-031,partial; AL4 incomplete,PDCCH,Sionna 1.0.2 TDL-C; independent Rx branches,300,4,3,48,6,2,4,2,1,30,4096,288,41,QPSK,"A=41, CRC24C, Polar E=216",comb-4 on both CORESET symbols,estimated,"independent per-Rx 2D time-frequency LMMSE, then coherent MRC",coherent QPSK LLR; MRC when n_rx>1,CRC24C/RNTI mask; Sionna Polar hybrid CA-SCL list 8,unit total transmit power per active RE,Es/N0: total transmit power per active RE divided by noise variance of each Rx branch; no n_rx scaling,C300_AP_RMS_T1,AP_RMS_T1,,"[0,0.648,1.296,1.944]","[0,300,600,900]",cdd,0.1,-1.046816,-1.107642,-0.974581,bracketed,Jeffreys-smoothed trial-weighted decreasing isotonic fit and local log10-BLER interpolation,C300_PRG_DFT4_6REG,precoder cycling present,0.274796,baseline target SNR - candidate target SNR; positive means candidate needs less SNR,outputs/experiment031_pdcch_cdd/20260911_c300_4tx_2rx_2sym/analysis/partial_al1_al2/target_snr.csv,
31,PDCCH_C300_4T2R_2sym_AL2_estimated_A41,result-031,partial; AL4 incomplete,PDCCH,Sionna 1.0.2 TDL-C; independent Rx branches,300,4,3,48,6,2,4,2,1,30,4096,288,41,QPSK,"A=41, CRC24C, Polar E=216",comb-4 on both CORESET symbols,estimated,"independent per-Rx 2D time-frequency LMMSE, then coherent MRC",coherent QPSK LLR; MRC when n_rx>1,CRC24C/RNTI mask; Sionna Polar hybrid CA-SCL list 8,unit total transmit power per active RE,Es/N0: total transmit power per active RE divided by noise variance of each Rx branch; no n_rx scaling,C300_AP_TEPS_T1,AP_TEPS_T1,,"[0,4.086612,8.173224,12.259836]","[0,1891.95,3783.9,5675.85]",cdd,0.1,-1.087229,-1.131437,-1.032412,bracketed,Jeffreys-smoothed trial-weighted decreasing isotonic fit and local log10-BLER interpolation,C300_PRG_DFT4_6REG,precoder cycling present,0.315209,baseline target SNR - candidate target SNR; positive means candidate needs less SNR,outputs/experiment031_pdcch_cdd/20260911_c300_4tx_2rx_2sym/analysis/partial_al1_al2/target_snr.csv,
31,PDCCH_C300_4T2R_2sym_AL2_estimated_A41,result-031,partial; AL4 incomplete,PDCCH,Sionna 1.0.2 TDL-C; independent Rx branches,300,4,3,48,6,2,4,2,1,30,4096,288,41,QPSK,"A=41, CRC24C, Polar E=216",comb-4 on both CORESET symbols,estimated,"independent per-Rx 2D time-frequency LMMSE, then coherent MRC",coherent QPSK LLR; MRC when n_rx>1,CRC24C/RNTI mask; Sionna Polar hybrid CA-SCL list 8,unit total transmit power per active RE,Es/N0: total transmit power per active RE divided by noise variance of each Rx branch; no n_rx scaling,C300_B0_QC,B0_QC,,"[0,1.125,2.25,3.375]","[0,520.833333,1041.666667,1562.5]",cdd,0.1,-1.254536,-1.303851,-1.199639,bracketed,Jeffreys-smoothed trial-weighted decreasing isotonic fit and local log10-BLER interpolation,C300_PRG_DFT4_6REG,precoder cycling present,0.482516,baseline target SNR - candidate target SNR; positive means candidate needs less SNR,outputs/experiment031_pdcch_cdd/20260911_c300_4tx_2rx_2sym/analysis/partial_al1_al2/target_snr.csv,
31,PDCCH_C300_4T2R_2sym_AL2_estimated_A41,result-031,partial; AL4 incomplete,PDCCH,Sionna 1.0.2 TDL-C; independent Rx branches,300,4,3,48,6,2,4,2,1,30,4096,288,41,QPSK,"A=41, CRC24C, Polar E=216",comb-4 on both CORESET symbols,estimated,"independent per-Rx 2D time-frequency LMMSE, then coherent MRC",coherent QPSK LLR; MRC when n_rx>1,CRC24C/RNTI mask; Sionna Polar hybrid CA-SCL list 8,unit total transmit power per active RE,Es/N0: total transmit power per active RE divided by noise variance of each Rx branch; no n_rx scaling,C300_GEO_T1_CTRL_BAL,GEO_T1_CTRL,,"[0,4,12,33]","[0,1851.851852,5555.555556,15277.777778]",cdd,0.1,-0.826682,-0.869649,-0.759366,bracketed,Jeffreys-smoothed trial-weighted decreasing isotonic fit and local log10-BLER interpolation,C300_PRG_DFT4_6REG,precoder cycling present,0.054662,baseline target SNR - candidate target SNR; positive means candidate needs less SNR,outputs/experiment031_pdcch_cdd/20260911_c300_4tx_2rx_2sym/analysis/partial_al1_al2/target_snr.csv,
31,PDCCH_C300_4T2R_2sym_AL2_estimated_A41,result-031,partial; AL4 incomplete,PDCCH,Sionna 1.0.2 TDL-C; independent Rx branches,300,4,3,48,6,2,4,2,1,30,4096,288,41,QPSK,"A=41, CRC24C, Polar E=216",comb-4 on both CORESET symbols,estimated,"independent per-Rx 2D time-frequency LMMSE, then coherent MRC",coherent QPSK LLR; MRC when n_rx>1,CRC24C/RNTI mask; Sionna Polar hybrid CA-SCL list 8,unit total transmit power per active RE,Es/N0: total transmit power per active RE divided by noise variance of each Rx branch; no n_rx scaling,C300_GEO_T1_CTRL_FOLD,GEO_T1_CTRL,,"[0,4,10,32]","[0,1851.851852,4629.62963,14814.814815]",cdd,0.1,-0.90181,-0.932522,-0.87181,bracketed,Jeffreys-smoothed trial-weighted decreasing isotonic fit and local log10-BLER interpolation,C300_PRG_DFT4_6REG,precoder cycling present,0.12979,baseline target SNR - candidate target SNR; positive means candidate needs less SNR,outputs/experiment031_pdcch_cdd/20260911_c300_4tx_2rx_2sym/analysis/partial_al1_al2/target_snr.csv,
31,PDCCH_C300_4T2R_2sym_AL2_estimated_A41,result-031,partial; AL4 incomplete,PDCCH,Sionna 1.0.2 TDL-C; independent Rx branches,300,4,3,48,6,2,4,2,1,30,4096,288,41,QPSK,"A=41, CRC24C, Polar E=216",comb-4 on both CORESET symbols,estimated,"independent per-Rx 2D time-frequency LMMSE, then coherent MRC",coherent QPSK LLR; MRC when n_rx>1,CRC24C/RNTI mask; Sionna Polar hybrid CA-SCL list 8,unit total transmit power per active RE,Es/N0: total transmit power per active RE divided by noise variance of each Rx branch; no n_rx scaling,C300_GEO_T1_CTRL_PAIR,GEO_T1_CTRL,,"[0,5,16,49]","[0,2314.814815,7407.407407,22685.185185]",cdd,0.1,-0.822522,-0.869738,-0.759117,bracketed,Jeffreys-smoothed trial-weighted decreasing isotonic fit and local log10-BLER interpolation,C300_PRG_DFT4_6REG,precoder cycling present,0.050502,baseline target SNR - candidate target SNR; positive means candidate needs less SNR,outputs/experiment031_pdcch_cdd/20260911_c300_4tx_2rx_2sym/analysis/partial_al1_al2/target_snr.csv,
31,PDCCH_C300_4T2R_2sym_AL2_estimated_A41,result-031,partial; AL4 incomplete,PDCCH,Sionna 1.0.2 TDL-C; independent Rx branches,300,4,3,48,6,2,4,2,1,30,4096,288,41,QPSK,"A=41, CRC24C, Polar E=216",comb-4 on both CORESET symbols,estimated,"independent per-Rx 2D time-frequency LMMSE, then coherent MRC",coherent QPSK LLR; MRC when n_rx>1,CRC24C/RNTI mask; Sionna Polar hybrid CA-SCL list 8,unit total transmit power per active RE,Es/N0: total transmit power per active RE divided by noise variance of each Rx branch; no n_rx scaling,C300_PRG_DFT4_6REG,PRG_DFT,physical_prg,,,reg_bundle_dft_cycling,0.1,-0.77202,-0.853036,-0.681334,bracketed,Jeffreys-smoothed trial-weighted decreasing isotonic fit and local log10-BLER interpolation,C300_PRG_DFT4_6REG,precoder cycling present,0,baseline target SNR - candidate target SNR; positive means candidate needs less SNR,outputs/experiment031_pdcch_cdd/20260911_c300_4tx_2rx_2sym/analysis/partial_al1_al2/target_snr.csv,
31,PDCCH_C300_4T2R_2sym_AL2_estimated_A41,result-031,partial; AL4 incomplete,PDCCH,Sionna 1.0.2 TDL-C; independent Rx branches,300,4,3,48,6,2,4,2,1,30,4096,288,41,QPSK,"A=41, CRC24C, Polar E=216",comb-4 on both CORESET symbols,estimated,"independent per-Rx 2D time-frequency LMMSE, then coherent MRC",coherent QPSK LLR; MRC when n_rx>1,CRC24C/RNTI mask; Sionna Polar hybrid CA-SCL list 8,unit total transmit power per active RE,Es/N0: total transmit power per active RE divided by noise variance of each Rx branch; no n_rx scaling,C300_S0_SIDON,S0_SIDON,,"[0,1,3,7]","[0,462.962963,1388.888889,3240.740741]",cdd,0.1,-1.172305,-1.224941,-1.12723,bracketed,Jeffreys-smoothed trial-weighted decreasing isotonic fit and local log10-BLER interpolation,C300_PRG_DFT4_6REG,precoder cycling present,0.400285,baseline target SNR - candidate target SNR; positive means candidate needs less SNR,outputs/experiment031_pdcch_cdd/20260911_c300_4tx_2rx_2sym/analysis/partial_al1_al2/target_snr.csv,
31,PDCCH_C300_4T2R_2sym_AL2_estimated_A41,result-031,partial; AL4 incomplete,PDCCH,Sionna 1.0.2 TDL-C; independent Rx branches,300,4,3,48,6,2,4,2,1,30,4096,288,41,QPSK,"A=41, CRC24C, Polar E=216",comb-4 on both CORESET symbols,estimated,"independent per-Rx 2D time-frequency LMMSE, then coherent MRC",coherent QPSK LLR; MRC when n_rx>1,CRC24C/RNTI mask; Sionna Polar hybrid CA-SCL list 8,unit total transmit power per active RE,Es/N0: total transmit power per active RE divided by noise variance of each Rx branch; no n_rx scaling,C300_SMALL_CDD_QSTEP0P25_MATCHED_CDD,SMALL_CDD,matched_effective,"[0,0.03125,0.0625,0.09375]","[0,14.467593,28.935185,43.402778]",cdd,0.1,-0.132142,-0.240177,-0.026156,bracketed,Jeffreys-smoothed trial-weighted decreasing isotonic fit and local log10-BLER interpolation,C300_PRG_DFT4_6REG,precoder cycling present,-0.639878,baseline target SNR - candidate target SNR; positive means candidate needs less SNR,outputs/experiment031_pdcch_cdd/20260911_c300_4tx_2rx_2sym/analysis/partial_al1_al2/target_snr.csv,
31,PDCCH_C300_4T2R_2sym_AL2_estimated_A41,result-031,partial; AL4 incomplete,PDCCH,Sionna 1.0.2 TDL-C; independent Rx branches,300,4,3,48,6,2,4,2,1,30,4096,288,41,QPSK,"A=41, CRC24C, Polar E=216",comb-4 on both CORESET symbols,estimated,"independent per-Rx 2D time-frequency LMMSE, then coherent MRC",coherent QPSK LLR; MRC when n_rx>1,CRC24C/RNTI mask; Sionna Polar hybrid CA-SCL list 8,unit total transmit power per active RE,Es/N0: total transmit power per active RE divided by noise variance of each Rx branch; no n_rx scaling,C300_SMALL_CDD_QSTEP0P25_TRANSPARENT_CDD,SMALL_CDD,physical_fullband,"[0,0.03125,0.0625,0.09375]","[0,14.467593,28.935185,43.402778]",cdd,0.1,-0.173343,-0.273947,-0.06578,bracketed,Jeffreys-smoothed trial-weighted decreasing isotonic fit and local log10-BLER interpolation,C300_PRG_DFT4_6REG,precoder cycling present,-0.598677,baseline target SNR - candidate target SNR; positive means candidate needs less SNR,outputs/experiment031_pdcch_cdd/20260911_c300_4tx_2rx_2sym/analysis/partial_al1_al2/target_snr.csv,
31,PDCCH_C300_4T2R_2sym_AL2_ideal_A41,result-031,partial; AL4 incomplete,PDCCH,Sionna 1.0.2 TDL-C; independent Rx branches,300,4,3,48,6,2,4,2,1,30,4096,288,41,QPSK,"A=41, CRC24C, Polar E=216",comb-4 on both CORESET symbols,ideal,true data-RE channel,coherent QPSK LLR; MRC when n_rx>1,CRC24C/RNTI mask; Sionna Polar hybrid CA-SCL list 8,unit total transmit power per active RE,Es/N0: total transmit power per active RE divided by noise variance of each Rx branch; no n_rx scaling,C300_AP_RMS_T1,AP_RMS_T1,,"[0,0.648,1.296,1.944]","[0,300,600,900]",cdd,0.01,-0.374843,-0.534195,-0.217837,bracketed,Jeffreys-smoothed trial-weighted decreasing isotonic fit and local log10-BLER interpolation,C300_PRG_DFT4_6REG,precoder cycling present,0.972759,baseline target SNR - candidate target SNR; positive means candidate needs less SNR,outputs/experiment031_pdcch_cdd/20260911_c300_4tx_2rx_2sym/analysis/partial_al1_al2/target_snr.csv,
31,PDCCH_C300_4T2R_2sym_AL2_ideal_A41,result-031,partial; AL4 incomplete,PDCCH,Sionna 1.0.2 TDL-C; independent Rx branches,300,4,3,48,6,2,4,2,1,30,4096,288,41,QPSK,"A=41, CRC24C, Polar E=216",comb-4 on both CORESET symbols,ideal,true data-RE channel,coherent QPSK LLR; MRC when n_rx>1,CRC24C/RNTI mask; Sionna Polar hybrid CA-SCL list 8,unit total transmit power per active RE,Es/N0: total transmit power per active RE divided by noise variance of each Rx branch; no n_rx scaling,C300_AP_TEPS_T1,AP_TEPS_T1,,"[0,4.086612,8.173224,12.259836]","[0,1891.95,3783.9,5675.85]",cdd,0.01,-1.499068,-1.577166,-1.456817,bracketed,Jeffreys-smoothed trial-weighted decreasing isotonic fit and local log10-BLER interpolation,C300_PRG_DFT4_6REG,precoder cycling present,2.096984,baseline target SNR - candidate target SNR; positive means candidate needs less SNR,outputs/experiment031_pdcch_cdd/20260911_c300_4tx_2rx_2sym/analysis/partial_al1_al2/target_snr.csv,
31,PDCCH_C300_4T2R_2sym_AL2_ideal_A41,result-031,partial; AL4 incomplete,PDCCH,Sionna 1.0.2 TDL-C; independent Rx branches,300,4,3,48,6,2,4,2,1,30,4096,288,41,QPSK,"A=41, CRC24C, Polar E=216",comb-4 on both CORESET symbols,ideal,true data-RE channel,coherent QPSK LLR; MRC when n_rx>1,CRC24C/RNTI mask; Sionna Polar hybrid CA-SCL list 8,unit total transmit power per active RE,Es/N0: total transmit power per active RE divided by noise variance of each Rx branch; no n_rx scaling,C300_B0_QC,B0_QC,,"[0,1.125,2.25,3.375]","[0,520.833333,1041.666667,1562.5]",cdd,0.01,-1.1512,-1.259405,-1.064527,bracketed,Jeffreys-smoothed trial-weighted decreasing isotonic fit and local log10-BLER interpolation,C300_PRG_DFT4_6REG,precoder cycling present,1.749116,baseline target SNR - candidate target SNR; positive means candidate needs less SNR,outputs/experiment031_pdcch_cdd/20260911_c300_4tx_2rx_2sym/analysis/partial_al1_al2/target_snr.csv,
31,PDCCH_C300_4T2R_2sym_AL2_ideal_A41,result-031,partial; AL4 incomplete,PDCCH,Sionna 1.0.2 TDL-C; independent Rx branches,300,4,3,48,6,2,4,2,1,30,4096,288,41,QPSK,"A=41, CRC24C, Polar E=216",comb-4 on both CORESET symbols,ideal,true data-RE channel,coherent QPSK LLR; MRC when n_rx>1,CRC24C/RNTI mask; Sionna Polar hybrid CA-SCL list 8,unit total transmit power per active RE,Es/N0: total transmit power per active RE divided by noise variance of each Rx branch; no n_rx scaling,C300_GEO_T1_CTRL_BAL,GEO_T1_CTRL,,"[0,4,12,33]","[0,1851.851852,5555.555556,15277.777778]",cdd,0.01,-1.53303,-1.616679,-1.464247,bracketed,Jeffreys-smoothed trial-weighted decreasing isotonic fit and local log10-BLER interpolation,C300_PRG_DFT4_6REG,precoder cycling present,2.130946,baseline target SNR - candidate target SNR; positive means candidate needs less SNR,outputs/experiment031_pdcch_cdd/20260911_c300_4tx_2rx_2sym/analysis/partial_al1_al2/target_snr.csv,
31,PDCCH_C300_4T2R_2sym_AL2_ideal_A41,result-031,partial; AL4 incomplete,PDCCH,Sionna 1.0.2 TDL-C; independent Rx branches,300,4,3,48,6,2,4,2,1,30,4096,288,41,QPSK,"A=41, CRC24C, Polar E=216",comb-4 on both CORESET symbols,ideal,true data-RE channel,coherent QPSK LLR; MRC when n_rx>1,CRC24C/RNTI mask; Sionna Polar hybrid CA-SCL list 8,unit total transmit power per active RE,Es/N0: total transmit power per active RE divided by noise variance of each Rx branch; no n_rx scaling,C300_GEO_T1_CTRL_FOLD,GEO_T1_CTRL,,"[0,4,10,32]","[0,1851.851852,4629.62963,14814.814815]",cdd,0.01,-1.567469,-1.628135,-1.49418,bracketed,Jeffreys-smoothed trial-weighted decreasing isotonic fit and local log10-BLER interpolation,C300_PRG_DFT4_6REG,precoder cycling present,2.165385,baseline target SNR - candidate target SNR; positive means candidate needs less SNR,outputs/experiment031_pdcch_cdd/20260911_c300_4tx_2rx_2sym/analysis/partial_al1_al2/target_snr.csv,
31,PDCCH_C300_4T2R_2sym_AL2_ideal_A41,result-031,partial; AL4 incomplete,PDCCH,Sionna 1.0.2 TDL-C; independent Rx branches,300,4,3,48,6,2,4,2,1,30,4096,288,41,QPSK,"A=41, CRC24C, Polar E=216",comb-4 on both CORESET symbols,ideal,true data-RE channel,coherent QPSK LLR; MRC when n_rx>1,CRC24C/RNTI mask; Sionna Polar hybrid CA-SCL list 8,unit total transmit power per active RE,Es/N0: total transmit power per active RE divided by noise variance of each Rx branch; no n_rx scaling,C300_GEO_T1_CTRL_PAIR,GEO_T1_CTRL,,"[0,5,16,49]","[0,2314.814815,7407.407407,22685.185185]",cdd,0.01,-1.502221,-1.592421,-1.447776,bracketed,Jeffreys-smoothed trial-weighted decreasing isotonic fit and local log10-BLER interpolation,C300_PRG_DFT4_6REG,precoder cycling present,2.100137,baseline target SNR - candidate target SNR; positive means candidate needs less SNR,outputs/experiment031_pdcch_cdd/20260911_c300_4tx_2rx_2sym/analysis/partial_al1_al2/target_snr.csv,
31,PDCCH_C300_4T2R_2sym_AL2_ideal_A41,result-031,partial; AL4 incomplete,PDCCH,Sionna 1.0.2 TDL-C; independent Rx branches,300,4,3,48,6,2,4,2,1,30,4096,288,41,QPSK,"A=41, CRC24C, Polar E=216",comb-4 on both CORESET symbols,ideal,true data-RE channel,coherent QPSK LLR; MRC when n_rx>1,CRC24C/RNTI mask; Sionna Polar hybrid CA-SCL list 8,unit total transmit power per active RE,Es/N0: total transmit power per active RE divided by noise variance of each Rx branch; no n_rx scaling,C300_PRG_DFT4_6REG,PRG_DFT,physical_prg,,,reg_bundle_dft_cycling,0.01,0.597916,0.458858,0.703549,bracketed,Jeffreys-smoothed trial-weighted decreasing isotonic fit and local log10-BLER interpolation,C300_PRG_DFT4_6REG,precoder cycling present,0,baseline target SNR - candidate target SNR; positive means candidate needs less SNR,outputs/experiment031_pdcch_cdd/20260911_c300_4tx_2rx_2sym/analysis/partial_al1_al2/target_snr.csv,
31,PDCCH_C300_4T2R_2sym_AL2_ideal_A41,result-031,partial; AL4 incomplete,PDCCH,Sionna 1.0.2 TDL-C; independent Rx branches,300,4,3,48,6,2,4,2,1,30,4096,288,41,QPSK,"A=41, CRC24C, Polar E=216",comb-4 on both CORESET symbols,ideal,true data-RE channel,coherent QPSK LLR; MRC when n_rx>1,CRC24C/RNTI mask; Sionna Polar hybrid CA-SCL list 8,unit total transmit power per active RE,Es/N0: total transmit power per active RE divided by noise variance of each Rx branch; no n_rx scaling,C300_S0_SIDON,S0_SIDON,,"[0,1,3,7]","[0,462.962963,1388.888889,3240.740741]",cdd,0.01,-1.344024,-1.414309,-1.253199,bracketed,Jeffreys-smoothed trial-weighted decreasing isotonic fit and local log10-BLER interpolation,C300_PRG_DFT4_6REG,precoder cycling present,1.94194,baseline target SNR - candidate target SNR; positive means candidate needs less SNR,outputs/experiment031_pdcch_cdd/20260911_c300_4tx_2rx_2sym/analysis/partial_al1_al2/target_snr.csv,
31,PDCCH_C300_4T2R_2sym_AL2_ideal_A41,result-031,partial; AL4 incomplete,PDCCH,Sionna 1.0.2 TDL-C; independent Rx branches,300,4,3,48,6,2,4,2,1,30,4096,288,41,QPSK,"A=41, CRC24C, Polar E=216",comb-4 on both CORESET symbols,ideal,true data-RE channel,coherent QPSK LLR; MRC when n_rx>1,CRC24C/RNTI mask; Sionna Polar hybrid CA-SCL list 8,unit total transmit power per active RE,Es/N0: total transmit power per active RE divided by noise variance of each Rx branch; no n_rx scaling,C300_SMALL_CDD_QSTEP0P25_IDEAL_CSI,SMALL_CDD,matched_effective,"[0,0.03125,0.0625,0.09375]","[0,14.467593,28.935185,43.402778]",cdd,0.01,,,,unqualified: No adjacent raw bracket with width <= 0.25 dB.,Jeffreys-smoothed trial-weighted decreasing isotonic fit and local log10-BLER interpolation,C300_PRG_DFT4_6REG,precoder cycling present,,baseline target SNR - candidate target SNR; positive means candidate needs less SNR,outputs/experiment031_pdcch_cdd/20260911_c300_4tx_2rx_2sym/analysis/partial_al1_al2/target_snr.csv,
31,PDCCH_C300_4T2R_2sym_AL2_ideal_A41,result-031,partial; AL4 incomplete,PDCCH,Sionna 1.0.2 TDL-C; independent Rx branches,300,4,3,48,6,2,4,2,1,30,4096,288,41,QPSK,"A=41, CRC24C, Polar E=216",comb-4 on both CORESET symbols,ideal,true data-RE channel,coherent QPSK LLR; MRC when n_rx>1,CRC24C/RNTI mask; Sionna Polar hybrid CA-SCL list 8,unit total transmit power per active RE,Es/N0: total transmit power per active RE divided by noise variance of each Rx branch; no n_rx scaling,C300_AP_RMS_T1,AP_RMS_T1,,"[0,0.648,1.296,1.944]","[0,300,600,900]",cdd,0.1,-2.709973,-2.766429,-2.667026,bracketed,Jeffreys-smoothed trial-weighted decreasing isotonic fit and local log10-BLER interpolation,C300_PRG_DFT4_6REG,precoder cycling present,0.448,baseline target SNR - candidate target SNR; positive means candidate needs less SNR,outputs/experiment031_pdcch_cdd/20260911_c300_4tx_2rx_2sym/analysis/partial_al1_al2/target_snr.csv,
31,PDCCH_C300_4T2R_2sym_AL2_ideal_A41,result-031,partial; AL4 incomplete,PDCCH,Sionna 1.0.2 TDL-C; independent Rx branches,300,4,3,48,6,2,4,2,1,30,4096,288,41,QPSK,"A=41, CRC24C, Polar E=216",comb-4 on both CORESET symbols,ideal,true data-RE channel,coherent QPSK LLR; MRC when n_rx>1,CRC24C/RNTI mask; Sionna Polar hybrid CA-SCL list 8,unit total transmit power per active RE,Es/N0: total transmit power per active RE divided by noise variance of each Rx branch; no n_rx scaling,C300_AP_TEPS_T1,AP_TEPS_T1,,"[0,4.086612,8.173224,12.259836]","[0,1891.95,3783.9,5675.85]",cdd,0.1,-3.349474,-3.39528,-3.298764,bracketed,Jeffreys-smoothed trial-weighted decreasing isotonic fit and local log10-BLER interpolation,C300_PRG_DFT4_6REG,precoder cycling present,1.087501,baseline target SNR - candidate target SNR; positive means candidate needs less SNR,outputs/experiment031_pdcch_cdd/20260911_c300_4tx_2rx_2sym/analysis/partial_al1_al2/target_snr.csv,
31,PDCCH_C300_4T2R_2sym_AL2_ideal_A41,result-031,partial; AL4 incomplete,PDCCH,Sionna 1.0.2 TDL-C; independent Rx branches,300,4,3,48,6,2,4,2,1,30,4096,288,41,QPSK,"A=41, CRC24C, Polar E=216",comb-4 on both CORESET symbols,ideal,true data-RE channel,coherent QPSK LLR; MRC when n_rx>1,CRC24C/RNTI mask; Sionna Polar hybrid CA-SCL list 8,unit total transmit power per active RE,Es/N0: total transmit power per active RE divided by noise variance of each Rx branch; no n_rx scaling,C300_B0_QC,B0_QC,,"[0,1.125,2.25,3.375]","[0,520.833333,1041.666667,1562.5]",cdd,0.1,-3.163304,-3.206965,-3.127629,bracketed,Jeffreys-smoothed trial-weighted decreasing isotonic fit and local log10-BLER interpolation,C300_PRG_DFT4_6REG,precoder cycling present,0.901331,baseline target SNR - candidate target SNR; positive means candidate needs less SNR,outputs/experiment031_pdcch_cdd/20260911_c300_4tx_2rx_2sym/analysis/partial_al1_al2/target_snr.csv,
31,PDCCH_C300_4T2R_2sym_AL2_ideal_A41,result-031,partial; AL4 incomplete,PDCCH,Sionna 1.0.2 TDL-C; independent Rx branches,300,4,3,48,6,2,4,2,1,30,4096,288,41,QPSK,"A=41, CRC24C, Polar E=216",comb-4 on both CORESET symbols,ideal,true data-RE channel,coherent QPSK LLR; MRC when n_rx>1,CRC24C/RNTI mask; Sionna Polar hybrid CA-SCL list 8,unit total transmit power per active RE,Es/N0: total transmit power per active RE divided by noise variance of each Rx branch; no n_rx scaling,C300_GEO_T1_CTRL_BAL,GEO_T1_CTRL,,"[0,4,12,33]","[0,1851.851852,5555.555556,15277.777778]",cdd,0.1,-3.376067,-3.413517,-3.338048,bracketed,Jeffreys-smoothed trial-weighted decreasing isotonic fit and local log10-BLER interpolation,C300_PRG_DFT4_6REG,precoder cycling present,1.114094,baseline target SNR - candidate target SNR; positive means candidate needs less SNR,outputs/experiment031_pdcch_cdd/20260911_c300_4tx_2rx_2sym/analysis/partial_al1_al2/target_snr.csv,
31,PDCCH_C300_4T2R_2sym_AL2_ideal_A41,result-031,partial; AL4 incomplete,PDCCH,Sionna 1.0.2 TDL-C; independent Rx branches,300,4,3,48,6,2,4,2,1,30,4096,288,41,QPSK,"A=41, CRC24C, Polar E=216",comb-4 on both CORESET symbols,ideal,true data-RE channel,coherent QPSK LLR; MRC when n_rx>1,CRC24C/RNTI mask; Sionna Polar hybrid CA-SCL list 8,unit total transmit power per active RE,Es/N0: total transmit power per active RE divided by noise variance of each Rx branch; no n_rx scaling,C300_GEO_T1_CTRL_FOLD,GEO_T1_CTRL,,"[0,4,10,32]","[0,1851.851852,4629.62963,14814.814815]",cdd,0.1,-3.359216,-3.40083,-3.309624,bracketed,Jeffreys-smoothed trial-weighted decreasing isotonic fit and local log10-BLER interpolation,C300_PRG_DFT4_6REG,precoder cycling present,1.097243,baseline target SNR - candidate target SNR; positive means candidate needs less SNR,outputs/experiment031_pdcch_cdd/20260911_c300_4tx_2rx_2sym/analysis/partial_al1_al2/target_snr.csv,
31,PDCCH_C300_4T2R_2sym_AL2_ideal_A41,result-031,partial; AL4 incomplete,PDCCH,Sionna 1.0.2 TDL-C; independent Rx branches,300,4,3,48,6,2,4,2,1,30,4096,288,41,QPSK,"A=41, CRC24C, Polar E=216",comb-4 on both CORESET symbols,ideal,true data-RE channel,coherent QPSK LLR; MRC when n_rx>1,CRC24C/RNTI mask; Sionna Polar hybrid CA-SCL list 8,unit total transmit power per active RE,Es/N0: total transmit power per active RE divided by noise variance of each Rx branch; no n_rx scaling,C300_GEO_T1_CTRL_PAIR,GEO_T1_CTRL,,"[0,5,16,49]","[0,2314.814815,7407.407407,22685.185185]",cdd,0.1,-3.379793,-3.414589,-3.342885,bracketed,Jeffreys-smoothed trial-weighted decreasing isotonic fit and local log10-BLER interpolation,C300_PRG_DFT4_6REG,precoder cycling present,1.11782,baseline target SNR - candidate target SNR; positive means candidate needs less SNR,outputs/experiment031_pdcch_cdd/20260911_c300_4tx_2rx_2sym/analysis/partial_al1_al2/target_snr.csv,
31,PDCCH_C300_4T2R_2sym_AL2_ideal_A41,result-031,partial; AL4 incomplete,PDCCH,Sionna 1.0.2 TDL-C; independent Rx branches,300,4,3,48,6,2,4,2,1,30,4096,288,41,QPSK,"A=41, CRC24C, Polar E=216",comb-4 on both CORESET symbols,ideal,true data-RE channel,coherent QPSK LLR; MRC when n_rx>1,CRC24C/RNTI mask; Sionna Polar hybrid CA-SCL list 8,unit total transmit power per active RE,Es/N0: total transmit power per active RE divided by noise variance of each Rx branch; no n_rx scaling,C300_PRG_DFT4_6REG,PRG_DFT,physical_prg,,,reg_bundle_dft_cycling,0.1,-2.261973,-2.318139,-2.191818,bracketed,Jeffreys-smoothed trial-weighted decreasing isotonic fit and local log10-BLER interpolation,C300_PRG_DFT4_6REG,precoder cycling present,0,baseline target SNR - candidate target SNR; positive means candidate needs less SNR,outputs/experiment031_pdcch_cdd/20260911_c300_4tx_2rx_2sym/analysis/partial_al1_al2/target_snr.csv,
31,PDCCH_C300_4T2R_2sym_AL2_ideal_A41,result-031,partial; AL4 incomplete,PDCCH,Sionna 1.0.2 TDL-C; independent Rx branches,300,4,3,48,6,2,4,2,1,30,4096,288,41,QPSK,"A=41, CRC24C, Polar E=216",comb-4 on both CORESET symbols,ideal,true data-RE channel,coherent QPSK LLR; MRC when n_rx>1,CRC24C/RNTI mask; Sionna Polar hybrid CA-SCL list 8,unit total transmit power per active RE,Es/N0: total transmit power per active RE divided by noise variance of each Rx branch; no n_rx scaling,C300_S0_SIDON,S0_SIDON,,"[0,1,3,7]","[0,462.962963,1388.888889,3240.740741]",cdd,0.1,-3.240714,-3.293279,-3.2004,bracketed,Jeffreys-smoothed trial-weighted decreasing isotonic fit and local log10-BLER interpolation,C300_PRG_DFT4_6REG,precoder cycling present,0.978741,baseline target SNR - candidate target SNR; positive means candidate needs less SNR,outputs/experiment031_pdcch_cdd/20260911_c300_4tx_2rx_2sym/analysis/partial_al1_al2/target_snr.csv,
31,PDCCH_C300_4T2R_2sym_AL2_ideal_A41,result-031,partial; AL4 incomplete,PDCCH,Sionna 1.0.2 TDL-C; independent Rx branches,300,4,3,48,6,2,4,2,1,30,4096,288,41,QPSK,"A=41, CRC24C, Polar E=216",comb-4 on both CORESET symbols,ideal,true data-RE channel,coherent QPSK LLR; MRC when n_rx>1,CRC24C/RNTI mask; Sionna Polar hybrid CA-SCL list 8,unit total transmit power per active RE,Es/N0: total transmit power per active RE divided by noise variance of each Rx branch; no n_rx scaling,C300_SMALL_CDD_QSTEP0P25_IDEAL_CSI,SMALL_CDD,matched_effective,"[0,0.03125,0.0625,0.09375]","[0,14.467593,28.935185,43.402778]",cdd,0.1,-1.466345,-1.545049,-1.392805,bracketed,Jeffreys-smoothed trial-weighted decreasing isotonic fit and local log10-BLER interpolation,C300_PRG_DFT4_6REG,precoder cycling present,-0.795628,baseline target SNR - candidate target SNR; positive means candidate needs less SNR,outputs/experiment031_pdcch_cdd/20260911_c300_4tx_2rx_2sym/analysis/partial_al1_al2/target_snr.csv,
32,PDSCH_A100_60kmh_8T1R_comb6_estimated,result-032,executed; awaiting researcher confirmation,PDSCH,Sionna 1.0.2 TDL-A,100,3.5,60,48,48,10,8,1,1,30,4096,288,12024,16QAM,NR 256QAM table MCS 8; target rate 553/1024,"symbols [2,7], comb-6, 192 pilot RE",estimated,two-DMRS joint 2D time-frequency RMMSE; matched CDD or physical per-PRG covariance,soft 16QAM demapper; coherent single-layer equalization/MRC,"Sionna NR LDPC, max 8 iterations",precoder squared norm 8; noise variance 8/SNR,total Tx power per RE divided by single-Rx noise variance,A100_AGED_CSI_MRT_PRG6_SLOTS10,AGED_CSI_MRT,matched CDD covariance or transparent PRG covariance as identified by candidate,,,"CDD exp(-j2pi*k*j/576), DFT8 PRG6 cycling, or 5ms-aged PRG MRT",0.01,19.238219,,,bracketed,adjacent raw bracket; linear interpolation in log10(BLER); no smoothing/extrapolation,A100_PRG_DFT8_6RB,precoder cycling present,-1.56425,baseline target SNR - candidate target SNR; positive means candidate needs less SNR,outputs/experiment032_tdl_mobility/20260906_main/final/target_summary.csv,
32,PDSCH_A100_60kmh_8T1R_comb6_estimated,result-032,executed; awaiting researcher confirmation,PDSCH,Sionna 1.0.2 TDL-A,100,3.5,60,48,48,10,8,1,1,30,4096,288,12024,16QAM,NR 256QAM table MCS 8; target rate 553/1024,"symbols [2,7], comb-6, 192 pilot RE",estimated,two-DMRS joint 2D time-frequency RMMSE; matched CDD or physical per-PRG covariance,soft 16QAM demapper; coherent single-layer equalization/MRC,"Sionna NR LDPC, max 8 iterations",precoder squared norm 8; noise variance 8/SNR,total Tx power per RE divided by single-Rx noise variance,A100_AP_RMS_T1,AP_RMS_T1,matched CDD covariance or transparent PRG covariance as identified by candidate,"[0,1.728,3.456,5.184,6.912,8.64,10.368,12.096]","[0,100,200,300,400,500,600,700]","CDD exp(-j2pi*k*j/576), DFT8 PRG6 cycling, or 5ms-aged PRG MRT",0.01,16.592535,,,bracketed,adjacent raw bracket; linear interpolation in log10(BLER); no smoothing/extrapolation,A100_PRG_DFT8_6RB,precoder cycling present,1.081434,baseline target SNR - candidate target SNR; positive means candidate needs less SNR,outputs/experiment032_tdl_mobility/20260906_main/final/target_summary.csv,
32,PDSCH_A100_60kmh_8T1R_comb6_estimated,result-032,executed; awaiting researcher confirmation,PDSCH,Sionna 1.0.2 TDL-A,100,3.5,60,48,48,10,8,1,1,30,4096,288,12024,16QAM,NR 256QAM table MCS 8; target rate 553/1024,"symbols [2,7], comb-6, 192 pilot RE",estimated,two-DMRS joint 2D time-frequency RMMSE; matched CDD or physical per-PRG covariance,soft 16QAM demapper; coherent single-layer equalization/MRC,"Sionna NR LDPC, max 8 iterations",precoder squared norm 8; noise variance 8/SNR,total Tx power per RE divided by single-Rx noise variance,A100_AP_T2_01,AP_T2_CTRL,matched CDD covariance or transparent PRG covariance as identified by candidate,"[0,65,138,211,284,357,430,503]","[0,3761.574074,7986.111111,12210.648148,16435.185185,20659.722222,24884.259259,29108.796296]","CDD exp(-j2pi*k*j/576), DFT8 PRG6 cycling, or 5ms-aged PRG MRT",0.01,,,,unbracketed,adjacent raw bracket; linear interpolation in log10(BLER); no smoothing/extrapolation,A100_PRG_DFT8_6RB,precoder cycling present,,baseline target SNR - candidate target SNR; positive means candidate needs less SNR,outputs/experiment032_tdl_mobility/20260906_main/final/target_summary.csv,
32,PDSCH_A100_60kmh_8T1R_comb6_estimated,result-032,executed; awaiting researcher confirmation,PDSCH,Sionna 1.0.2 TDL-A,100,3.5,60,48,48,10,8,1,1,30,4096,288,12024,16QAM,NR 256QAM table MCS 8; target rate 553/1024,"symbols [2,7], comb-6, 192 pilot RE",estimated,two-DMRS joint 2D time-frequency RMMSE; matched CDD or physical per-PRG covariance,soft 16QAM demapper; coherent single-layer equalization/MRC,"Sionna NR LDPC, max 8 iterations",precoder squared norm 8; noise variance 8/SNR,total Tx power per RE divided by single-Rx noise variance,A100_AP_TALIAS_NT,AP_TALIAS_NT,matched CDD covariance or transparent PRG covariance as identified by candidate,"[0,12,24,36,48,60,72,84]","[0,694.444444,1388.888889,2083.333333,2777.777778,3472.222222,4166.666667,4861.111111]","CDD exp(-j2pi*k*j/576), DFT8 PRG6 cycling, or 5ms-aged PRG MRT",0.01,16.674355,,,bracketed,adjacent raw bracket; linear interpolation in log10(BLER); no smoothing/extrapolation,A100_PRG_DFT8_6RB,precoder cycling present,0.999614,baseline target SNR - candidate target SNR; positive means candidate needs less SNR,outputs/experiment032_tdl_mobility/20260906_main/final/target_summary.csv,
32,PDSCH_A100_60kmh_8T1R_comb6_estimated,result-032,executed; awaiting researcher confirmation,PDSCH,Sionna 1.0.2 TDL-A,100,3.5,60,48,48,10,8,1,1,30,4096,288,12024,16QAM,NR 256QAM table MCS 8; target rate 553/1024,"symbols [2,7], comb-6, 192 pilot RE",estimated,two-DMRS joint 2D time-frequency RMMSE; matched CDD or physical per-PRG covariance,soft 16QAM demapper; coherent single-layer equalization/MRC,"Sionna NR LDPC, max 8 iterations",precoder squared norm 8; noise variance 8/SNR,total Tx power per RE divided by single-Rx noise variance,A100_AP_TEPS_T1,AP_TEPS_T1,matched CDD covariance or transparent PRG covariance as identified by candidate,"[0,8.288525,16.57705,24.865574,33.154099,41.442624,49.731149,58.019674]","[0,479.66,959.32,1438.98,1918.64,2398.3,2877.96,3357.62]","CDD exp(-j2pi*k*j/576), DFT8 PRG6 cycling, or 5ms-aged PRG MRT",0.01,16.449494,,,bracketed,adjacent raw bracket; linear interpolation in log10(BLER); no smoothing/extrapolation,A100_PRG_DFT8_6RB,precoder cycling present,1.224475,baseline target SNR - candidate target SNR; positive means candidate needs less SNR,outputs/experiment032_tdl_mobility/20260906_main/final/target_summary.csv,
32,PDSCH_A100_60kmh_8T1R_comb6_estimated,result-032,executed; awaiting researcher confirmation,PDSCH,Sionna 1.0.2 TDL-A,100,3.5,60,48,48,10,8,1,1,30,4096,288,12024,16QAM,NR 256QAM table MCS 8; target rate 553/1024,"symbols [2,7], comb-6, 192 pilot RE",estimated,two-DMRS joint 2D time-frequency RMMSE; matched CDD or physical per-PRG covariance,soft 16QAM demapper; coherent single-layer equalization/MRC,"Sionna NR LDPC, max 8 iterations",precoder squared norm 8; noise variance 8/SNR,total Tx power per RE divided by single-Rx noise variance,A100_AP_TU_NT,AP_TU_NT,matched CDD covariance or transparent PRG covariance as identified by candidate,"[0,72,144,216,288,360,432,504]","[0,4166.666667,8333.333333,12500,16666.666667,20833.333333,25000,29166.666667]","CDD exp(-j2pi*k*j/576), DFT8 PRG6 cycling, or 5ms-aged PRG MRT",0.01,,,,unbracketed,adjacent raw bracket; linear interpolation in log10(BLER); no smoothing/extrapolation,A100_PRG_DFT8_6RB,precoder cycling present,,baseline target SNR - candidate target SNR; positive means candidate needs less SNR,outputs/experiment032_tdl_mobility/20260906_main/final/target_summary.csv,
32,PDSCH_A100_60kmh_8T1R_comb6_estimated,result-032,executed; awaiting researcher confirmation,PDSCH,Sionna 1.0.2 TDL-A,100,3.5,60,48,48,10,8,1,1,30,4096,288,12024,16QAM,NR 256QAM table MCS 8; target rate 553/1024,"symbols [2,7], comb-6, 192 pilot RE",estimated,two-DMRS joint 2D time-frequency RMMSE; matched CDD or physical per-PRG covariance,soft 16QAM demapper; coherent single-layer equalization/MRC,"Sionna NR LDPC, max 8 iterations",precoder squared norm 8; noise variance 8/SNR,total Tx power per RE divided by single-Rx noise variance,A100_AP_TU_NTM1,AP_TU_NTM1,matched CDD covariance or transparent PRG covariance as identified by candidate,"[0,82.285714,164.571429,246.857143,329.142857,411.428571,493.714286,576]","[0,4761.904762,9523.809524,14285.714286,19047.619048,23809.52381,28571.428571,33333.333333]","CDD exp(-j2pi*k*j/576), DFT8 PRG6 cycling, or 5ms-aged PRG MRT",0.01,17.038312,,,bracketed,adjacent raw bracket; linear interpolation in log10(BLER); no smoothing/extrapolation,A100_PRG_DFT8_6RB,precoder cycling present,0.635657,baseline target SNR - candidate target SNR; positive means candidate needs less SNR,outputs/experiment032_tdl_mobility/20260906_main/final/target_summary.csv,
32,PDSCH_A100_60kmh_8T1R_comb6_estimated,result-032,executed; awaiting researcher confirmation,PDSCH,Sionna 1.0.2 TDL-A,100,3.5,60,48,48,10,8,1,1,30,4096,288,12024,16QAM,NR 256QAM table MCS 8; target rate 553/1024,"symbols [2,7], comb-6, 192 pilot RE",estimated,two-DMRS joint 2D time-frequency RMMSE; matched CDD or physical per-PRG covariance,soft 16QAM demapper; coherent single-layer equalization/MRC,"Sionna NR LDPC, max 8 iterations",precoder squared norm 8; noise variance 8/SNR,total Tx power per RE divided by single-Rx noise variance,A100_B0_QC,B0_QC,matched CDD covariance or transparent PRG covariance as identified by candidate,"[0,9,18,27,36,45,54,63]","[0,520.833333,1041.666667,1562.5,2083.333333,2604.166667,3125,3645.833333]","CDD exp(-j2pi*k*j/576), DFT8 PRG6 cycling, or 5ms-aged PRG MRT",0.01,16.471492,,,bracketed,adjacent raw bracket; linear interpolation in log10(BLER); no smoothing/extrapolation,A100_PRG_DFT8_6RB,precoder cycling present,1.202477,baseline target SNR - candidate target SNR; positive means candidate needs less SNR,outputs/experiment032_tdl_mobility/20260906_main/final/target_summary.csv,
32,PDSCH_A100_60kmh_8T1R_comb6_estimated,result-032,executed; awaiting researcher confirmation,PDSCH,Sionna 1.0.2 TDL-A,100,3.5,60,48,48,10,8,1,1,30,4096,288,12024,16QAM,NR 256QAM table MCS 8; target rate 553/1024,"symbols [2,7], comb-6, 192 pilot RE",estimated,two-DMRS joint 2D time-frequency RMMSE; matched CDD or physical per-PRG covariance,soft 16QAM demapper; coherent single-layer equalization/MRC,"Sionna NR LDPC, max 8 iterations",precoder squared norm 8; noise variance 8/SNR,total Tx power per RE divided by single-Rx noise variance,A100_MEFF_T2_04,MEFF_T2_CAND,matched CDD covariance or transparent PRG covariance as identified by candidate,"[0,40,115,176,225,324,395,484]","[0,2314.814815,6655.092593,10185.185185,13020.833333,18750,22858.796296,28009.259259]","CDD exp(-j2pi*k*j/576), DFT8 PRG6 cycling, or 5ms-aged PRG MRT",0.01,,,,unbracketed,adjacent raw bracket; linear interpolation in log10(BLER); no smoothing/extrapolation,A100_PRG_DFT8_6RB,precoder cycling present,,baseline target SNR - candidate target SNR; positive means candidate needs less SNR,outputs/experiment032_tdl_mobility/20260906_main/final/target_summary.csv,
32,PDSCH_A100_60kmh_8T1R_comb6_estimated,result-032,executed; awaiting researcher confirmation,PDSCH,Sionna 1.0.2 TDL-A,100,3.5,60,48,48,10,8,1,1,30,4096,288,12024,16QAM,NR 256QAM table MCS 8; target rate 553/1024,"symbols [2,7], comb-6, 192 pilot RE",estimated,two-DMRS joint 2D time-frequency RMMSE; matched CDD or physical per-PRG covariance,soft 16QAM demapper; coherent single-layer equalization/MRC,"Sionna NR LDPC, max 8 iterations",precoder squared norm 8; noise variance 8/SNR,total Tx power per RE divided by single-Rx noise variance,A100_MEFF_T2_06,MEFF_T2_CAND,matched CDD covariance or transparent PRG covariance as identified by candidate,"[0,32,157,257,298,334,406,518]","[0,1851.851852,9085.648148,14872.685185,17245.37037,19328.703704,23495.37037,29976.851852]","CDD exp(-j2pi*k*j/576), DFT8 PRG6 cycling, or 5ms-aged PRG MRT",0.01,,,,unbracketed,adjacent raw bracket; linear interpolation in log10(BLER); no smoothing/extrapolation,A100_PRG_DFT8_6RB,precoder cycling present,,baseline target SNR - candidate target SNR; positive means candidate needs less SNR,outputs/experiment032_tdl_mobility/20260906_main/final/target_summary.csv,
32,PDSCH_A100_60kmh_8T1R_comb6_estimated,result-032,executed; awaiting researcher confirmation,PDSCH,Sionna 1.0.2 TDL-A,100,3.5,60,48,48,10,8,1,1,30,4096,288,12024,16QAM,NR 256QAM table MCS 8; target rate 553/1024,"symbols [2,7], comb-6, 192 pilot RE",estimated,two-DMRS joint 2D time-frequency RMMSE; matched CDD or physical per-PRG covariance,soft 16QAM demapper; coherent single-layer equalization/MRC,"Sionna NR LDPC, max 8 iterations",precoder squared norm 8; noise variance 8/SNR,total Tx power per RE divided by single-Rx noise variance,A100_PRG_DFT8_6RB,TRANSPARENT_PRG_DFT,matched CDD covariance or transparent PRG covariance as identified by candidate,,,"CDD exp(-j2pi*k*j/576), DFT8 PRG6 cycling, or 5ms-aged PRG MRT",0.01,17.673969,,,bracketed,adjacent raw bracket; linear interpolation in log10(BLER); no smoothing/extrapolation,A100_PRG_DFT8_6RB,precoder cycling present,0,baseline target SNR - candidate target SNR; positive means candidate needs less SNR,outputs/experiment032_tdl_mobility/20260906_main/final/target_summary.csv,
32,PDSCH_A100_60kmh_8T1R_comb6_estimated,result-032,executed; awaiting researcher confirmation,PDSCH,Sionna 1.0.2 TDL-A,100,3.5,60,48,48,10,8,1,1,30,4096,288,12024,16QAM,NR 256QAM table MCS 8; target rate 553/1024,"symbols [2,7], comb-6, 192 pilot RE",estimated,two-DMRS joint 2D time-frequency RMMSE; matched CDD or physical per-PRG covariance,soft 16QAM demapper; coherent single-layer equalization/MRC,"Sionna NR LDPC, max 8 iterations",precoder squared norm 8; noise variance 8/SNR,total Tx power per RE divided by single-Rx noise variance,A100_S0_SIDON,S0_SIDON,matched CDD covariance or transparent PRG covariance as identified by candidate,"[0,1,3,7,12,20,30,65]","[0,57.87037,173.611111,405.092593,694.444444,1157.407407,1736.111111,3761.574074]","CDD exp(-j2pi*k*j/576), DFT8 PRG6 cycling, or 5ms-aged PRG MRT",0.01,16.271339,,,bracketed,adjacent raw bracket; linear interpolation in log10(BLER); no smoothing/extrapolation,A100_PRG_DFT8_6RB,precoder cycling present,1.40263,baseline target SNR - candidate target SNR; positive means candidate needs less SNR,outputs/experiment032_tdl_mobility/20260906_main/final/target_summary.csv,
32,PDSCH_A100_60kmh_8T1R_comb6_estimated,result-032,executed; awaiting researcher confirmation,PDSCH,Sionna 1.0.2 TDL-A,100,3.5,60,48,48,10,8,1,1,30,4096,288,12024,16QAM,NR 256QAM table MCS 8; target rate 553/1024,"symbols [2,7], comb-6, 192 pilot RE",estimated,two-DMRS joint 2D time-frequency RMMSE; matched CDD or physical per-PRG covariance,soft 16QAM demapper; coherent single-layer equalization/MRC,"Sionna NR LDPC, max 8 iterations",precoder squared norm 8; noise variance 8/SNR,total Tx power per RE divided by single-Rx noise variance,A100_AGED_CSI_MRT_PRG6_SLOTS10,AGED_CSI_MRT,matched CDD covariance or transparent PRG covariance as identified by candidate,,,"CDD exp(-j2pi*k*j/576), DFT8 PRG6 cycling, or 5ms-aged PRG MRT",0.1,16.044672,,,bracketed,adjacent raw bracket; linear interpolation in log10(BLER); no smoothing/extrapolation,A100_PRG_DFT8_6RB,precoder cycling present,-0.781418,baseline target SNR - candidate target SNR; positive means candidate needs less SNR,outputs/experiment032_tdl_mobility/20260906_main/final/target_summary.csv,
32,PDSCH_A100_60kmh_8T1R_comb6_estimated,result-032,executed; awaiting researcher confirmation,PDSCH,Sionna 1.0.2 TDL-A,100,3.5,60,48,48,10,8,1,1,30,4096,288,12024,16QAM,NR 256QAM table MCS 8; target rate 553/1024,"symbols [2,7], comb-6, 192 pilot RE",estimated,two-DMRS joint 2D time-frequency RMMSE; matched CDD or physical per-PRG covariance,soft 16QAM demapper; coherent single-layer equalization/MRC,"Sionna NR LDPC, max 8 iterations",precoder squared norm 8; noise variance 8/SNR,total Tx power per RE divided by single-Rx noise variance,A100_AP_RMS_T1,AP_RMS_T1,matched CDD covariance or transparent PRG covariance as identified by candidate,"[0,1.728,3.456,5.184,6.912,8.64,10.368,12.096]","[0,100,200,300,400,500,600,700]","CDD exp(-j2pi*k*j/576), DFT8 PRG6 cycling, or 5ms-aged PRG MRT",0.1,14.657296,,,bracketed,adjacent raw bracket; linear interpolation in log10(BLER); no smoothing/extrapolation,A100_PRG_DFT8_6RB,precoder cycling present,0.605958,baseline target SNR - candidate target SNR; positive means candidate needs less SNR,outputs/experiment032_tdl_mobility/20260906_main/final/target_summary.csv,
32,PDSCH_A100_60kmh_8T1R_comb6_estimated,result-032,executed; awaiting researcher confirmation,PDSCH,Sionna 1.0.2 TDL-A,100,3.5,60,48,48,10,8,1,1,30,4096,288,12024,16QAM,NR 256QAM table MCS 8; target rate 553/1024,"symbols [2,7], comb-6, 192 pilot RE",estimated,two-DMRS joint 2D time-frequency RMMSE; matched CDD or physical per-PRG covariance,soft 16QAM demapper; coherent single-layer equalization/MRC,"Sionna NR LDPC, max 8 iterations",precoder squared norm 8; noise variance 8/SNR,total Tx power per RE divided by single-Rx noise variance,A100_AP_T2_01,AP_T2_CTRL,matched CDD covariance or transparent PRG covariance as identified by candidate,"[0,65,138,211,284,357,430,503]","[0,3761.574074,7986.111111,12210.648148,16435.185185,20659.722222,24884.259259,29108.796296]","CDD exp(-j2pi*k*j/576), DFT8 PRG6 cycling, or 5ms-aged PRG MRT",0.1,,,,unbracketed,adjacent raw bracket; linear interpolation in log10(BLER); no smoothing/extrapolation,A100_PRG_DFT8_6RB,precoder cycling present,,baseline target SNR - candidate target SNR; positive means candidate needs less SNR,outputs/experiment032_tdl_mobility/20260906_main/final/target_summary.csv,
32,PDSCH_A100_60kmh_8T1R_comb6_estimated,result-032,executed; awaiting researcher confirmation,PDSCH,Sionna 1.0.2 TDL-A,100,3.5,60,48,48,10,8,1,1,30,4096,288,12024,16QAM,NR 256QAM table MCS 8; target rate 553/1024,"symbols [2,7], comb-6, 192 pilot RE",estimated,two-DMRS joint 2D time-frequency RMMSE; matched CDD or physical per-PRG covariance,soft 16QAM demapper; coherent single-layer equalization/MRC,"Sionna NR LDPC, max 8 iterations",precoder squared norm 8; noise variance 8/SNR,total Tx power per RE divided by single-Rx noise variance,A100_AP_TALIAS_NT,AP_TALIAS_NT,matched CDD covariance or transparent PRG covariance as identified by candidate,"[0,12,24,36,48,60,72,84]","[0,694.444444,1388.888889,2083.333333,2777.777778,3472.222222,4166.666667,4861.111111]","CDD exp(-j2pi*k*j/576), DFT8 PRG6 cycling, or 5ms-aged PRG MRT",0.1,15.172152,,,bracketed,adjacent raw bracket; linear interpolation in log10(BLER); no smoothing/extrapolation,A100_PRG_DFT8_6RB,precoder cycling present,0.091102,baseline target SNR - candidate target SNR; positive means candidate needs less SNR,outputs/experiment032_tdl_mobility/20260906_main/final/target_summary.csv,
32,PDSCH_A100_60kmh_8T1R_comb6_estimated,result-032,executed; awaiting researcher confirmation,PDSCH,Sionna 1.0.2 TDL-A,100,3.5,60,48,48,10,8,1,1,30,4096,288,12024,16QAM,NR 256QAM table MCS 8; target rate 553/1024,"symbols [2,7], comb-6, 192 pilot RE",estimated,two-DMRS joint 2D time-frequency RMMSE; matched CDD or physical per-PRG covariance,soft 16QAM demapper; coherent single-layer equalization/MRC,"Sionna NR LDPC, max 8 iterations",precoder squared norm 8; noise variance 8/SNR,total Tx power per RE divided by single-Rx noise variance,A100_AP_TEPS_T1,AP_TEPS_T1,matched CDD covariance or transparent PRG covariance as identified by candidate,"[0,8.288525,16.57705,24.865574,33.154099,41.442624,49.731149,58.019674]","[0,479.66,959.32,1438.98,1918.64,2398.3,2877.96,3357.62]","CDD exp(-j2pi*k*j/576), DFT8 PRG6 cycling, or 5ms-aged PRG MRT",0.1,14.987491,,,bracketed,adjacent raw bracket; linear interpolation in log10(BLER); no smoothing/extrapolation,A100_PRG_DFT8_6RB,precoder cycling present,0.275763,baseline target SNR - candidate target SNR; positive means candidate needs less SNR,outputs/experiment032_tdl_mobility/20260906_main/final/target_summary.csv,
32,PDSCH_A100_60kmh_8T1R_comb6_estimated,result-032,executed; awaiting researcher confirmation,PDSCH,Sionna 1.0.2 TDL-A,100,3.5,60,48,48,10,8,1,1,30,4096,288,12024,16QAM,NR 256QAM table MCS 8; target rate 553/1024,"symbols [2,7], comb-6, 192 pilot RE",estimated,two-DMRS joint 2D time-frequency RMMSE; matched CDD or physical per-PRG covariance,soft 16QAM demapper; coherent single-layer equalization/MRC,"Sionna NR LDPC, max 8 iterations",precoder squared norm 8; noise variance 8/SNR,total Tx power per RE divided by single-Rx noise variance,A100_AP_TU_NT,AP_TU_NT,matched CDD covariance or transparent PRG covariance as identified by candidate,"[0,72,144,216,288,360,432,504]","[0,4166.666667,8333.333333,12500,16666.666667,20833.333333,25000,29166.666667]","CDD exp(-j2pi*k*j/576), DFT8 PRG6 cycling, or 5ms-aged PRG MRT",0.1,,,,unbracketed,adjacent raw bracket; linear interpolation in log10(BLER); no smoothing/extrapolation,A100_PRG_DFT8_6RB,precoder cycling present,,baseline target SNR - candidate target SNR; positive means candidate needs less SNR,outputs/experiment032_tdl_mobility/20260906_main/final/target_summary.csv,
32,PDSCH_A100_60kmh_8T1R_comb6_estimated,result-032,executed; awaiting researcher confirmation,PDSCH,Sionna 1.0.2 TDL-A,100,3.5,60,48,48,10,8,1,1,30,4096,288,12024,16QAM,NR 256QAM table MCS 8; target rate 553/1024,"symbols [2,7], comb-6, 192 pilot RE",estimated,two-DMRS joint 2D time-frequency RMMSE; matched CDD or physical per-PRG covariance,soft 16QAM demapper; coherent single-layer equalization/MRC,"Sionna NR LDPC, max 8 iterations",precoder squared norm 8; noise variance 8/SNR,total Tx power per RE divided by single-Rx noise variance,A100_AP_TU_NTM1,AP_TU_NTM1,matched CDD covariance or transparent PRG covariance as identified by candidate,"[0,82.285714,164.571429,246.857143,329.142857,411.428571,493.714286,576]","[0,4761.904762,9523.809524,14285.714286,19047.619048,23809.52381,28571.428571,33333.333333]","CDD exp(-j2pi*k*j/576), DFT8 PRG6 cycling, or 5ms-aged PRG MRT",0.1,15.378766,,,bracketed,adjacent raw bracket; linear interpolation in log10(BLER); no smoothing/extrapolation,A100_PRG_DFT8_6RB,precoder cycling present,-0.115512,baseline target SNR - candidate target SNR; positive means candidate needs less SNR,outputs/experiment032_tdl_mobility/20260906_main/final/target_summary.csv,
32,PDSCH_A100_60kmh_8T1R_comb6_estimated,result-032,executed; awaiting researcher confirmation,PDSCH,Sionna 1.0.2 TDL-A,100,3.5,60,48,48,10,8,1,1,30,4096,288,12024,16QAM,NR 256QAM table MCS 8; target rate 553/1024,"symbols [2,7], comb-6, 192 pilot RE",estimated,two-DMRS joint 2D time-frequency RMMSE; matched CDD or physical per-PRG covariance,soft 16QAM demapper; coherent single-layer equalization/MRC,"Sionna NR LDPC, max 8 iterations",precoder squared norm 8; noise variance 8/SNR,total Tx power per RE divided by single-Rx noise variance,A100_B0_QC,B0_QC,matched CDD covariance or transparent PRG covariance as identified by candidate,"[0,9,18,27,36,45,54,63]","[0,520.833333,1041.666667,1562.5,2083.333333,2604.166667,3125,3645.833333]","CDD exp(-j2pi*k*j/576), DFT8 PRG6 cycling, or 5ms-aged PRG MRT",0.1,15.023467,,,bracketed,adjacent raw bracket; linear interpolation in log10(BLER); no smoothing/extrapolation,A100_PRG_DFT8_6RB,precoder cycling present,0.239787,baseline target SNR - candidate target SNR; positive means candidate needs less SNR,outputs/experiment032_tdl_mobility/20260906_main/final/target_summary.csv,
32,PDSCH_A100_60kmh_8T1R_comb6_estimated,result-032,executed; awaiting researcher confirmation,PDSCH,Sionna 1.0.2 TDL-A,100,3.5,60,48,48,10,8,1,1,30,4096,288,12024,16QAM,NR 256QAM table MCS 8; target rate 553/1024,"symbols [2,7], comb-6, 192 pilot RE",estimated,two-DMRS joint 2D time-frequency RMMSE; matched CDD or physical per-PRG covariance,soft 16QAM demapper; coherent single-layer equalization/MRC,"Sionna NR LDPC, max 8 iterations",precoder squared norm 8; noise variance 8/SNR,total Tx power per RE divided by single-Rx noise variance,A100_MEFF_T2_04,MEFF_T2_CAND,matched CDD covariance or transparent PRG covariance as identified by candidate,"[0,40,115,176,225,324,395,484]","[0,2314.814815,6655.092593,10185.185185,13020.833333,18750,22858.796296,28009.259259]","CDD exp(-j2pi*k*j/576), DFT8 PRG6 cycling, or 5ms-aged PRG MRT",0.1,,,,unbracketed,adjacent raw bracket; linear interpolation in log10(BLER); no smoothing/extrapolation,A100_PRG_DFT8_6RB,precoder cycling present,,baseline target SNR - candidate target SNR; positive means candidate needs less SNR,outputs/experiment032_tdl_mobility/20260906_main/final/target_summary.csv,
32,PDSCH_A100_60kmh_8T1R_comb6_estimated,result-032,executed; awaiting researcher confirmation,PDSCH,Sionna 1.0.2 TDL-A,100,3.5,60,48,48,10,8,1,1,30,4096,288,12024,16QAM,NR 256QAM table MCS 8; target rate 553/1024,"symbols [2,7], comb-6, 192 pilot RE",estimated,two-DMRS joint 2D time-frequency RMMSE; matched CDD or physical per-PRG covariance,soft 16QAM demapper; coherent single-layer equalization/MRC,"Sionna NR LDPC, max 8 iterations",precoder squared norm 8; noise variance 8/SNR,total Tx power per RE divided by single-Rx noise variance,A100_MEFF_T2_06,MEFF_T2_CAND,matched CDD covariance or transparent PRG covariance as identified by candidate,"[0,32,157,257,298,334,406,518]","[0,1851.851852,9085.648148,14872.685185,17245.37037,19328.703704,23495.37037,29976.851852]","CDD exp(-j2pi*k*j/576), DFT8 PRG6 cycling, or 5ms-aged PRG MRT",0.1,,,,unbracketed,adjacent raw bracket; linear interpolation in log10(BLER); no smoothing/extrapolation,A100_PRG_DFT8_6RB,precoder cycling present,,baseline target SNR - candidate target SNR; positive means candidate needs less SNR,outputs/experiment032_tdl_mobility/20260906_main/final/target_summary.csv,
32,PDSCH_A100_60kmh_8T1R_comb6_estimated,result-032,executed; awaiting researcher confirmation,PDSCH,Sionna 1.0.2 TDL-A,100,3.5,60,48,48,10,8,1,1,30,4096,288,12024,16QAM,NR 256QAM table MCS 8; target rate 553/1024,"symbols [2,7], comb-6, 192 pilot RE",estimated,two-DMRS joint 2D time-frequency RMMSE; matched CDD or physical per-PRG covariance,soft 16QAM demapper; coherent single-layer equalization/MRC,"Sionna NR LDPC, max 8 iterations",precoder squared norm 8; noise variance 8/SNR,total Tx power per RE divided by single-Rx noise variance,A100_PRG_DFT8_6RB,TRANSPARENT_PRG_DFT,matched CDD covariance or transparent PRG covariance as identified by candidate,,,"CDD exp(-j2pi*k*j/576), DFT8 PRG6 cycling, or 5ms-aged PRG MRT",0.1,15.263254,,,bracketed,adjacent raw bracket; linear interpolation in log10(BLER); no smoothing/extrapolation,A100_PRG_DFT8_6RB,precoder cycling present,0,baseline target SNR - candidate target SNR; positive means candidate needs less SNR,outputs/experiment032_tdl_mobility/20260906_main/final/target_summary.csv,
32,PDSCH_A100_60kmh_8T1R_comb6_estimated,result-032,executed; awaiting researcher confirmation,PDSCH,Sionna 1.0.2 TDL-A,100,3.5,60,48,48,10,8,1,1,30,4096,288,12024,16QAM,NR 256QAM table MCS 8; target rate 553/1024,"symbols [2,7], comb-6, 192 pilot RE",estimated,two-DMRS joint 2D time-frequency RMMSE; matched CDD or physical per-PRG covariance,soft 16QAM demapper; coherent single-layer equalization/MRC,"Sionna NR LDPC, max 8 iterations",precoder squared norm 8; noise variance 8/SNR,total Tx power per RE divided by single-Rx noise variance,A100_S0_SIDON,S0_SIDON,matched CDD covariance or transparent PRG covariance as identified by candidate,"[0,1,3,7,12,20,30,65]","[0,57.87037,173.611111,405.092593,694.444444,1157.407407,1736.111111,3761.574074]","CDD exp(-j2pi*k*j/576), DFT8 PRG6 cycling, or 5ms-aged PRG MRT",0.1,14.672721,,,bracketed,adjacent raw bracket; linear interpolation in log10(BLER); no smoothing/extrapolation,A100_PRG_DFT8_6RB,precoder cycling present,0.590533,baseline target SNR - candidate target SNR; positive means candidate needs less SNR,outputs/experiment032_tdl_mobility/20260906_main/final/target_summary.csv,
33,PDSCH_A100_3kmh_8T4R_comb6_estimated,result-033,partial formal experiment; endpoint append and paired bootstrap incomplete,PDSCH,Sionna 1.0.2 TDL-A,100,3.5,3,48,48,10,8,4,1,30,4096,288,12024,16QAM,NR 256QAM table MCS 8; target rate 553/1024,"symbols [2,7], comb-6, 192 pilot RE",estimated,"independent per-Rx two-DMRS 2D time-frequency RMMSE, then coherent MRC",soft 16QAM demapper; coherent single-layer equalization/MRC,"Sionna NR LDPC, max 8 iterations",unit squared-norm precoder; noise variance 1/SNR per Rx branch,total Tx power per RE divided by each Rx branch noise variance; no n_rx scaling,A100_NT8_AGED_MRT_PRG6,AGED_CSI_MRT,physical covariance within each PRG,,[],"unit-power CDD, DFT PRG6 cycling, or 5ms-aged PRG MRT",0.01,-0.544274,,,preliminary_bracketed,initial adjacent raw bracket; linear interpolation in log10(BLER),A100_NT8_TRANSPARENT_PRG6,precoder cycling present,6.359557,baseline target SNR - candidate target SNR; positive means candidate needs less SNR,outputs/experiment033_tdl_mobility_mimo/20260915_main/analysis_partial/target_summary_initial.csv,Do not treat as final: result-033 reports insufficient endpoint errors and incomplete append/bootstrap.
33,PDSCH_A100_3kmh_8T4R_comb6_estimated,result-033,partial formal experiment; endpoint append and paired bootstrap incomplete,PDSCH,Sionna 1.0.2 TDL-A,100,3.5,3,48,48,10,8,4,1,30,4096,288,12024,16QAM,NR 256QAM table MCS 8; target rate 553/1024,"symbols [2,7], comb-6, 192 pilot RE",estimated,"independent per-Rx two-DMRS 2D time-frequency RMMSE, then coherent MRC",soft 16QAM demapper; coherent single-layer equalization/MRC,"Sionna NR LDPC, max 8 iterations",unit squared-norm precoder; noise variance 1/SNR per Rx branch,total Tx power per RE divided by each Rx branch noise variance; no n_rx scaling,A100_NT8_B0_QC,CDD_MATCHED,matched CDD covariance,"[0,9,18,27,36,45,54,63]","[0,520.833333,1041.666667,1562.5,2083.333333,2604.166667,3125,3645.833333]","unit-power CDD, DFT PRG6 cycling, or 5ms-aged PRG MRT",0.01,6.120319,,,preliminary_bracketed,initial adjacent raw bracket; linear interpolation in log10(BLER),A100_NT8_TRANSPARENT_PRG6,precoder cycling present,-0.305036,baseline target SNR - candidate target SNR; positive means candidate needs less SNR,outputs/experiment033_tdl_mobility_mimo/20260915_main/analysis_partial/target_summary_initial.csv,Do not treat as final: result-033 reports insufficient endpoint errors and incomplete append/bootstrap.
33,PDSCH_A100_3kmh_8T4R_comb6_estimated,result-033,partial formal experiment; endpoint append and paired bootstrap incomplete,PDSCH,Sionna 1.0.2 TDL-A,100,3.5,3,48,48,10,8,4,1,30,4096,288,12024,16QAM,NR 256QAM table MCS 8; target rate 553/1024,"symbols [2,7], comb-6, 192 pilot RE",estimated,"independent per-Rx two-DMRS 2D time-frequency RMMSE, then coherent MRC",soft 16QAM demapper; coherent single-layer equalization/MRC,"Sionna NR LDPC, max 8 iterations",unit squared-norm precoder; noise variance 1/SNR per Rx branch,total Tx power per RE divided by each Rx branch noise variance; no n_rx scaling,A100_NT8_S0_SIDON,CDD_MATCHED,matched CDD covariance,"[0,1,3,7,12,20,30,65]","[0,57.87037,173.611111,405.092593,694.444444,1157.407407,1736.111111,3761.574074]","unit-power CDD, DFT PRG6 cycling, or 5ms-aged PRG MRT",0.01,5.836269,,,preliminary_bracketed,initial adjacent raw bracket; linear interpolation in log10(BLER),A100_NT8_TRANSPARENT_PRG6,precoder cycling present,-0.020986,baseline target SNR - candidate target SNR; positive means candidate needs less SNR,outputs/experiment033_tdl_mobility_mimo/20260915_main/analysis_partial/target_summary_initial.csv,Do not treat as final: result-033 reports insufficient endpoint errors and incomplete append/bootstrap.
33,PDSCH_A100_3kmh_8T4R_comb6_estimated,result-033,partial formal experiment; endpoint append and paired bootstrap incomplete,PDSCH,Sionna 1.0.2 TDL-A,100,3.5,3,48,48,10,8,4,1,30,4096,288,12024,16QAM,NR 256QAM table MCS 8; target rate 553/1024,"symbols [2,7], comb-6, 192 pilot RE",estimated,"independent per-Rx two-DMRS 2D time-frequency RMMSE, then coherent MRC",soft 16QAM demapper; coherent single-layer equalization/MRC,"Sionna NR LDPC, max 8 iterations",unit squared-norm precoder; noise variance 1/SNR per Rx branch,total Tx power per RE divided by each Rx branch noise variance; no n_rx scaling,A100_NT8_SMALL_CDD_QSTEP0P25_MATCHED,SMALL_CDD_MATCHED,matched CDD covariance,"[0,0.25,0.5,0.75,1,1.25,1.5,1.75]","[0,14.467593,28.935185,43.402778,57.87037,72.337963,86.805556,101.273148]","unit-power CDD, DFT PRG6 cycling, or 5ms-aged PRG MRT",0.01,6.564676,,,preliminary_bracketed,initial adjacent raw bracket; linear interpolation in log10(BLER),A100_NT8_TRANSPARENT_PRG6,precoder cycling present,-0.749393,baseline target SNR - candidate target SNR; positive means candidate needs less SNR,outputs/experiment033_tdl_mobility_mimo/20260915_main/analysis_partial/target_summary_initial.csv,Do not treat as final: result-033 reports insufficient endpoint errors and incomplete append/bootstrap.
33,PDSCH_A100_3kmh_8T4R_comb6_estimated,result-033,partial formal experiment; endpoint append and paired bootstrap incomplete,PDSCH,Sionna 1.0.2 TDL-A,100,3.5,3,48,48,10,8,4,1,30,4096,288,12024,16QAM,NR 256QAM table MCS 8; target rate 553/1024,"symbols [2,7], comb-6, 192 pilot RE",estimated,"independent per-Rx two-DMRS 2D time-frequency RMMSE, then coherent MRC",soft 16QAM demapper; coherent single-layer equalization/MRC,"Sionna NR LDPC, max 8 iterations",unit squared-norm precoder; noise variance 1/SNR per Rx branch,total Tx power per RE divided by each Rx branch noise variance; no n_rx scaling,A100_NT8_SMALL_CDD_QSTEP0P25_TRANSPARENT,SMALL_CDD_TRANSPARENT,physical covariance; CDD delay unknown,"[0,0.25,0.5,0.75,1,1.25,1.5,1.75]","[0,14.467593,28.935185,43.402778,57.87037,72.337963,86.805556,101.273148]","unit-power CDD, DFT PRG6 cycling, or 5ms-aged PRG MRT",0.01,6.932209,,,preliminary_bracketed,initial adjacent raw bracket; linear interpolation in log10(BLER),A100_NT8_TRANSPARENT_PRG6,precoder cycling present,-1.116926,baseline target SNR - candidate target SNR; positive means candidate needs less SNR,outputs/experiment033_tdl_mobility_mimo/20260915_main/analysis_partial/target_summary_initial.csv,Do not treat as final: result-033 reports insufficient endpoint errors and incomplete append/bootstrap.
33,PDSCH_A100_3kmh_8T4R_comb6_estimated,result-033,partial formal experiment; endpoint append and paired bootstrap incomplete,PDSCH,Sionna 1.0.2 TDL-A,100,3.5,3,48,48,10,8,4,1,30,4096,288,12024,16QAM,NR 256QAM table MCS 8; target rate 553/1024,"symbols [2,7], comb-6, 192 pilot RE",estimated,"independent per-Rx two-DMRS 2D time-frequency RMMSE, then coherent MRC",soft 16QAM demapper; coherent single-layer equalization/MRC,"Sionna NR LDPC, max 8 iterations",unit squared-norm precoder; noise variance 1/SNR per Rx branch,total Tx power per RE divided by each Rx branch noise variance; no n_rx scaling,A100_NT8_TRANSPARENT_PRG6,TRANSPARENT_PRG_DFT,physical covariance within each PRG,,[],"unit-power CDD, DFT PRG6 cycling, or 5ms-aged PRG MRT",0.01,5.815283,,,preliminary_bracketed,initial adjacent raw bracket; linear interpolation in log10(BLER),A100_NT8_TRANSPARENT_PRG6,precoder cycling present,0,baseline target SNR - candidate target SNR; positive means candidate needs less SNR,outputs/experiment033_tdl_mobility_mimo/20260915_main/analysis_partial/target_summary_initial.csv,Do not treat as final: result-033 reports insufficient endpoint errors and incomplete append/bootstrap.
33,PDSCH_A100_3kmh_8T4R_comb6_estimated,result-033,partial formal experiment; endpoint append and paired bootstrap incomplete,PDSCH,Sionna 1.0.2 TDL-A,100,3.5,3,48,48,10,8,4,1,30,4096,288,12024,16QAM,NR 256QAM table MCS 8; target rate 553/1024,"symbols [2,7], comb-6, 192 pilot RE",estimated,"independent per-Rx two-DMRS 2D time-frequency RMMSE, then coherent MRC",soft 16QAM demapper; coherent single-layer equalization/MRC,"Sionna NR LDPC, max 8 iterations",unit squared-norm precoder; noise variance 1/SNR per Rx branch,total Tx power per RE divided by each Rx branch noise variance; no n_rx scaling,A100_NT8_AGED_MRT_PRG6,AGED_CSI_MRT,physical covariance within each PRG,,[],"unit-power CDD, DFT PRG6 cycling, or 5ms-aged PRG MRT",0.1,-1.335595,,,preliminary_bracketed,initial adjacent raw bracket; linear interpolation in log10(BLER),A100_NT8_TRANSPARENT_PRG6,precoder cycling present,6.256404,baseline target SNR - candidate target SNR; positive means candidate needs less SNR,outputs/experiment033_tdl_mobility_mimo/20260915_main/analysis_partial/target_summary_initial.csv,Do not treat as final: result-033 reports insufficient endpoint errors and incomplete append/bootstrap.
33,PDSCH_A100_3kmh_8T4R_comb6_estimated,result-033,partial formal experiment; endpoint append and paired bootstrap incomplete,PDSCH,Sionna 1.0.2 TDL-A,100,3.5,3,48,48,10,8,4,1,30,4096,288,12024,16QAM,NR 256QAM table MCS 8; target rate 553/1024,"symbols [2,7], comb-6, 192 pilot RE",estimated,"independent per-Rx two-DMRS 2D time-frequency RMMSE, then coherent MRC",soft 16QAM demapper; coherent single-layer equalization/MRC,"Sionna NR LDPC, max 8 iterations",unit squared-norm precoder; noise variance 1/SNR per Rx branch,total Tx power per RE divided by each Rx branch noise variance; no n_rx scaling,A100_NT8_B0_QC,CDD_MATCHED,matched CDD covariance,"[0,9,18,27,36,45,54,63]","[0,520.833333,1041.666667,1562.5,2083.333333,2604.166667,3125,3645.833333]","unit-power CDD, DFT PRG6 cycling, or 5ms-aged PRG MRT",0.1,5.430176,,,preliminary_bracketed,initial adjacent raw bracket; linear interpolation in log10(BLER),A100_NT8_TRANSPARENT_PRG6,precoder cycling present,-0.509367,baseline target SNR - candidate target SNR; positive means candidate needs less SNR,outputs/experiment033_tdl_mobility_mimo/20260915_main/analysis_partial/target_summary_initial.csv,Do not treat as final: result-033 reports insufficient endpoint errors and incomplete append/bootstrap.
33,PDSCH_A100_3kmh_8T4R_comb6_estimated,result-033,partial formal experiment; endpoint append and paired bootstrap incomplete,PDSCH,Sionna 1.0.2 TDL-A,100,3.5,3,48,48,10,8,4,1,30,4096,288,12024,16QAM,NR 256QAM table MCS 8; target rate 553/1024,"symbols [2,7], comb-6, 192 pilot RE",estimated,"independent per-Rx two-DMRS 2D time-frequency RMMSE, then coherent MRC",soft 16QAM demapper; coherent single-layer equalization/MRC,"Sionna NR LDPC, max 8 iterations",unit squared-norm precoder; noise variance 1/SNR per Rx branch,total Tx power per RE divided by each Rx branch noise variance; no n_rx scaling,A100_NT8_S0_SIDON,CDD_MATCHED,matched CDD covariance,"[0,1,3,7,12,20,30,65]","[0,57.87037,173.611111,405.092593,694.444444,1157.407407,1736.111111,3761.574074]","unit-power CDD, DFT PRG6 cycling, or 5ms-aged PRG MRT",0.1,5.138601,,,preliminary_bracketed,initial adjacent raw bracket; linear interpolation in log10(BLER),A100_NT8_TRANSPARENT_PRG6,precoder cycling present,-0.217792,baseline target SNR - candidate target SNR; positive means candidate needs less SNR,outputs/experiment033_tdl_mobility_mimo/20260915_main/analysis_partial/target_summary_initial.csv,Do not treat as final: result-033 reports insufficient endpoint errors and incomplete append/bootstrap.
33,PDSCH_A100_3kmh_8T4R_comb6_estimated,result-033,partial formal experiment; endpoint append and paired bootstrap incomplete,PDSCH,Sionna 1.0.2 TDL-A,100,3.5,3,48,48,10,8,4,1,30,4096,288,12024,16QAM,NR 256QAM table MCS 8; target rate 553/1024,"symbols [2,7], comb-6, 192 pilot RE",estimated,"independent per-Rx two-DMRS 2D time-frequency RMMSE, then coherent MRC",soft 16QAM demapper; coherent single-layer equalization/MRC,"Sionna NR LDPC, max 8 iterations",unit squared-norm precoder; noise variance 1/SNR per Rx branch,total Tx power per RE divided by each Rx branch noise variance; no n_rx scaling,A100_NT8_SMALL_CDD_QSTEP0P25_MATCHED,SMALL_CDD_MATCHED,matched CDD covariance,"[0,0.25,0.5,0.75,1,1.25,1.5,1.75]","[0,14.467593,28.935185,43.402778,57.87037,72.337963,86.805556,101.273148]","unit-power CDD, DFT PRG6 cycling, or 5ms-aged PRG MRT",0.1,5.278464,,,preliminary_bracketed,initial adjacent raw bracket; linear interpolation in log10(BLER),A100_NT8_TRANSPARENT_PRG6,precoder cycling present,-0.357655,baseline target SNR - candidate target SNR; positive means candidate needs less SNR,outputs/experiment033_tdl_mobility_mimo/20260915_main/analysis_partial/target_summary_initial.csv,Do not treat as final: result-033 reports insufficient endpoint errors and incomplete append/bootstrap.
33,PDSCH_A100_3kmh_8T4R_comb6_estimated,result-033,partial formal experiment; endpoint append and paired bootstrap incomplete,PDSCH,Sionna 1.0.2 TDL-A,100,3.5,3,48,48,10,8,4,1,30,4096,288,12024,16QAM,NR 256QAM table MCS 8; target rate 553/1024,"symbols [2,7], comb-6, 192 pilot RE",estimated,"independent per-Rx two-DMRS 2D time-frequency RMMSE, then coherent MRC",soft 16QAM demapper; coherent single-layer equalization/MRC,"Sionna NR LDPC, max 8 iterations",unit squared-norm precoder; noise variance 1/SNR per Rx branch,total Tx power per RE divided by each Rx branch noise variance; no n_rx scaling,A100_NT8_SMALL_CDD_QSTEP0P25_TRANSPARENT,SMALL_CDD_TRANSPARENT,physical covariance; CDD delay unknown,"[0,0.25,0.5,0.75,1,1.25,1.5,1.75]","[0,14.467593,28.935185,43.402778,57.87037,72.337963,86.805556,101.273148]","unit-power CDD, DFT PRG6 cycling, or 5ms-aged PRG MRT",0.1,5.654632,,,preliminary_bracketed,initial adjacent raw bracket; linear interpolation in log10(BLER),A100_NT8_TRANSPARENT_PRG6,precoder cycling present,-0.733823,baseline target SNR - candidate target SNR; positive means candidate needs less SNR,outputs/experiment033_tdl_mobility_mimo/20260915_main/analysis_partial/target_summary_initial.csv,Do not treat as final: result-033 reports insufficient endpoint errors and incomplete append/bootstrap.
33,PDSCH_A100_3kmh_8T4R_comb6_estimated,result-033,partial formal experiment; endpoint append and paired bootstrap incomplete,PDSCH,Sionna 1.0.2 TDL-A,100,3.5,3,48,48,10,8,4,1,30,4096,288,12024,16QAM,NR 256QAM table MCS 8; target rate 553/1024,"symbols [2,7], comb-6, 192 pilot RE",estimated,"independent per-Rx two-DMRS 2D time-frequency RMMSE, then coherent MRC",soft 16QAM demapper; coherent single-layer equalization/MRC,"Sionna NR LDPC, max 8 iterations",unit squared-norm precoder; noise variance 1/SNR per Rx branch,total Tx power per RE divided by each Rx branch noise variance; no n_rx scaling,A100_NT8_TRANSPARENT_PRG6,TRANSPARENT_PRG_DFT,physical covariance within each PRG,,[],"unit-power CDD, DFT PRG6 cycling, or 5ms-aged PRG MRT",0.1,4.920809,,,preliminary_bracketed,initial adjacent raw bracket; linear interpolation in log10(BLER),A100_NT8_TRANSPARENT_PRG6,precoder cycling present,0,baseline target SNR - candidate target SNR; positive means candidate needs less SNR,outputs/experiment033_tdl_mobility_mimo/20260915_main/analysis_partial/target_summary_initial.csv,Do not treat as final: result-033 reports insufficient endpoint errors and incomplete append/bootstrap.
33,PDSCH_A100_60kmh_4T4R_comb6_estimated,result-033,partial formal experiment; endpoint append and paired bootstrap incomplete,PDSCH,Sionna 1.0.2 TDL-A,100,3.5,60,48,48,10,4,4,1,30,4096,288,12024,16QAM,NR 256QAM table MCS 8; target rate 553/1024,"symbols [2,7], comb-6, 192 pilot RE",estimated,"independent per-Rx two-DMRS 2D time-frequency RMMSE, then coherent MRC",soft 16QAM demapper; coherent single-layer equalization/MRC,"Sionna NR LDPC, max 8 iterations",unit squared-norm precoder; noise variance 1/SNR per Rx branch,total Tx power per RE divided by each Rx branch noise variance; no n_rx scaling,A100_NT4_AGED_MRT_PRG6,AGED_CSI_MRT,physical covariance within each PRG,,[],"unit-power CDD, DFT PRG6 cycling, or 5ms-aged PRG MRT",0.01,7.25,,,preliminary_bracketed,initial adjacent raw bracket; linear interpolation in log10(BLER),A100_NT4_TRANSPARENT_PRG6,precoder cycling present,-0.952882,baseline target SNR - candidate target SNR; positive means candidate needs less SNR,outputs/experiment033_tdl_mobility_mimo/20260915_main/analysis_partial/target_summary_initial.csv,Do not treat as final: result-033 reports insufficient endpoint errors and incomplete append/bootstrap.
33,PDSCH_A100_60kmh_4T4R_comb6_estimated,result-033,partial formal experiment; endpoint append and paired bootstrap incomplete,PDSCH,Sionna 1.0.2 TDL-A,100,3.5,60,48,48,10,4,4,1,30,4096,288,12024,16QAM,NR 256QAM table MCS 8; target rate 553/1024,"symbols [2,7], comb-6, 192 pilot RE",estimated,"independent per-Rx two-DMRS 2D time-frequency RMMSE, then coherent MRC",soft 16QAM demapper; coherent single-layer equalization/MRC,"Sionna NR LDPC, max 8 iterations",unit squared-norm precoder; noise variance 1/SNR per Rx branch,total Tx power per RE divided by each Rx branch noise variance; no n_rx scaling,A100_NT4_B0_QC,CDD_MATCHED,matched CDD covariance,"[0,24,48,72]","[0,1388.888889,2777.777778,4166.666667]","unit-power CDD, DFT PRG6 cycling, or 5ms-aged PRG MRT",0.01,6.33753,,,preliminary_bracketed,initial adjacent raw bracket; linear interpolation in log10(BLER),A100_NT4_TRANSPARENT_PRG6,precoder cycling present,-0.040412,baseline target SNR - candidate target SNR; positive means candidate needs less SNR,outputs/experiment033_tdl_mobility_mimo/20260915_main/analysis_partial/target_summary_initial.csv,Do not treat as final: result-033 reports insufficient endpoint errors and incomplete append/bootstrap.
33,PDSCH_A100_60kmh_4T4R_comb6_estimated,result-033,partial formal experiment; endpoint append and paired bootstrap incomplete,PDSCH,Sionna 1.0.2 TDL-A,100,3.5,60,48,48,10,4,4,1,30,4096,288,12024,16QAM,NR 256QAM table MCS 8; target rate 553/1024,"symbols [2,7], comb-6, 192 pilot RE",estimated,"independent per-Rx two-DMRS 2D time-frequency RMMSE, then coherent MRC",soft 16QAM demapper; coherent single-layer equalization/MRC,"Sionna NR LDPC, max 8 iterations",unit squared-norm precoder; noise variance 1/SNR per Rx branch,total Tx power per RE divided by each Rx branch noise variance; no n_rx scaling,A100_NT4_S0_SIDON,CDD_MATCHED,matched CDD covariance,"[0,1,3,7]","[0,57.87037,173.611111,405.092593]","unit-power CDD, DFT PRG6 cycling, or 5ms-aged PRG MRT",0.01,6.15285,,,preliminary_bracketed,initial adjacent raw bracket; linear interpolation in log10(BLER),A100_NT4_TRANSPARENT_PRG6,precoder cycling present,0.144268,baseline target SNR - candidate target SNR; positive means candidate needs less SNR,outputs/experiment033_tdl_mobility_mimo/20260915_main/analysis_partial/target_summary_initial.csv,Do not treat as final: result-033 reports insufficient endpoint errors and incomplete append/bootstrap.
33,PDSCH_A100_60kmh_4T4R_comb6_estimated,result-033,partial formal experiment; endpoint append and paired bootstrap incomplete,PDSCH,Sionna 1.0.2 TDL-A,100,3.5,60,48,48,10,4,4,1,30,4096,288,12024,16QAM,NR 256QAM table MCS 8; target rate 553/1024,"symbols [2,7], comb-6, 192 pilot RE",estimated,"independent per-Rx two-DMRS 2D time-frequency RMMSE, then coherent MRC",soft 16QAM demapper; coherent single-layer equalization/MRC,"Sionna NR LDPC, max 8 iterations",unit squared-norm precoder; noise variance 1/SNR per Rx branch,total Tx power per RE divided by each Rx branch noise variance; no n_rx scaling,A100_NT4_SMALL_CDD_QSTEP0P25_MATCHED,SMALL_CDD_MATCHED,matched CDD covariance,"[0,0.25,0.5,0.75]","[0,14.467593,28.935185,43.402778]","unit-power CDD, DFT PRG6 cycling, or 5ms-aged PRG MRT",0.01,7.421546,,,preliminary_bracketed,initial adjacent raw bracket; linear interpolation in log10(BLER),A100_NT4_TRANSPARENT_PRG6,precoder cycling present,-1.124428,baseline target SNR - candidate target SNR; positive means candidate needs less SNR,outputs/experiment033_tdl_mobility_mimo/20260915_main/analysis_partial/target_summary_initial.csv,Do not treat as final: result-033 reports insufficient endpoint errors and incomplete append/bootstrap.
33,PDSCH_A100_60kmh_4T4R_comb6_estimated,result-033,partial formal experiment; endpoint append and paired bootstrap incomplete,PDSCH,Sionna 1.0.2 TDL-A,100,3.5,60,48,48,10,4,4,1,30,4096,288,12024,16QAM,NR 256QAM table MCS 8; target rate 553/1024,"symbols [2,7], comb-6, 192 pilot RE",estimated,"independent per-Rx two-DMRS 2D time-frequency RMMSE, then coherent MRC",soft 16QAM demapper; coherent single-layer equalization/MRC,"Sionna NR LDPC, max 8 iterations",unit squared-norm precoder; noise variance 1/SNR per Rx branch,total Tx power per RE divided by each Rx branch noise variance; no n_rx scaling,A100_NT4_SMALL_CDD_QSTEP0P25_TRANSPARENT,SMALL_CDD_TRANSPARENT,physical covariance; CDD delay unknown,"[0,0.25,0.5,0.75]","[0,14.467593,28.935185,43.402778]","unit-power CDD, DFT PRG6 cycling, or 5ms-aged PRG MRT",0.01,7.545754,,,preliminary_bracketed,initial adjacent raw bracket; linear interpolation in log10(BLER),A100_NT4_TRANSPARENT_PRG6,precoder cycling present,-1.248636,baseline target SNR - candidate target SNR; positive means candidate needs less SNR,outputs/experiment033_tdl_mobility_mimo/20260915_main/analysis_partial/target_summary_initial.csv,Do not treat as final: result-033 reports insufficient endpoint errors and incomplete append/bootstrap.
33,PDSCH_A100_60kmh_4T4R_comb6_estimated,result-033,partial formal experiment; endpoint append and paired bootstrap incomplete,PDSCH,Sionna 1.0.2 TDL-A,100,3.5,60,48,48,10,4,4,1,30,4096,288,12024,16QAM,NR 256QAM table MCS 8; target rate 553/1024,"symbols [2,7], comb-6, 192 pilot RE",estimated,"independent per-Rx two-DMRS 2D time-frequency RMMSE, then coherent MRC",soft 16QAM demapper; coherent single-layer equalization/MRC,"Sionna NR LDPC, max 8 iterations",unit squared-norm precoder; noise variance 1/SNR per Rx branch,total Tx power per RE divided by each Rx branch noise variance; no n_rx scaling,A100_NT4_TRANSPARENT_PRG6,TRANSPARENT_PRG_DFT,physical covariance within each PRG,,[],"unit-power CDD, DFT PRG6 cycling, or 5ms-aged PRG MRT",0.01,6.297118,,,preliminary_bracketed,initial adjacent raw bracket; linear interpolation in log10(BLER),A100_NT4_TRANSPARENT_PRG6,precoder cycling present,0,baseline target SNR - candidate target SNR; positive means candidate needs less SNR,outputs/experiment033_tdl_mobility_mimo/20260915_main/analysis_partial/target_summary_initial.csv,Do not treat as final: result-033 reports insufficient endpoint errors and incomplete append/bootstrap.
33,PDSCH_A100_60kmh_4T4R_comb6_estimated,result-033,partial formal experiment; endpoint append and paired bootstrap incomplete,PDSCH,Sionna 1.0.2 TDL-A,100,3.5,60,48,48,10,4,4,1,30,4096,288,12024,16QAM,NR 256QAM table MCS 8; target rate 553/1024,"symbols [2,7], comb-6, 192 pilot RE",estimated,"independent per-Rx two-DMRS 2D time-frequency RMMSE, then coherent MRC",soft 16QAM demapper; coherent single-layer equalization/MRC,"Sionna NR LDPC, max 8 iterations",unit squared-norm precoder; noise variance 1/SNR per Rx branch,total Tx power per RE divided by each Rx branch noise variance; no n_rx scaling,A100_NT4_AGED_MRT_PRG6,AGED_CSI_MRT,physical covariance within each PRG,,[],"unit-power CDD, DFT PRG6 cycling, or 5ms-aged PRG MRT",0.1,5.679445,,,preliminary_bracketed,initial adjacent raw bracket; linear interpolation in log10(BLER),A100_NT4_TRANSPARENT_PRG6,precoder cycling present,-0.451544,baseline target SNR - candidate target SNR; positive means candidate needs less SNR,outputs/experiment033_tdl_mobility_mimo/20260915_main/analysis_partial/target_summary_initial.csv,Do not treat as final: result-033 reports insufficient endpoint errors and incomplete append/bootstrap.
33,PDSCH_A100_60kmh_4T4R_comb6_estimated,result-033,partial formal experiment; endpoint append and paired bootstrap incomplete,PDSCH,Sionna 1.0.2 TDL-A,100,3.5,60,48,48,10,4,4,1,30,4096,288,12024,16QAM,NR 256QAM table MCS 8; target rate 553/1024,"symbols [2,7], comb-6, 192 pilot RE",estimated,"independent per-Rx two-DMRS 2D time-frequency RMMSE, then coherent MRC",soft 16QAM demapper; coherent single-layer equalization/MRC,"Sionna NR LDPC, max 8 iterations",unit squared-norm precoder; noise variance 1/SNR per Rx branch,total Tx power per RE divided by each Rx branch noise variance; no n_rx scaling,A100_NT4_B0_QC,CDD_MATCHED,matched CDD covariance,"[0,24,48,72]","[0,1388.888889,2777.777778,4166.666667]","unit-power CDD, DFT PRG6 cycling, or 5ms-aged PRG MRT",0.1,5.403767,,,preliminary_bracketed,initial adjacent raw bracket; linear interpolation in log10(BLER),A100_NT4_TRANSPARENT_PRG6,precoder cycling present,-0.175866,baseline target SNR - candidate target SNR; positive means candidate needs less SNR,outputs/experiment033_tdl_mobility_mimo/20260915_main/analysis_partial/target_summary_initial.csv,Do not treat as final: result-033 reports insufficient endpoint errors and incomplete append/bootstrap.
33,PDSCH_A100_60kmh_4T4R_comb6_estimated,result-033,partial formal experiment; endpoint append and paired bootstrap incomplete,PDSCH,Sionna 1.0.2 TDL-A,100,3.5,60,48,48,10,4,4,1,30,4096,288,12024,16QAM,NR 256QAM table MCS 8; target rate 553/1024,"symbols [2,7], comb-6, 192 pilot RE",estimated,"independent per-Rx two-DMRS 2D time-frequency RMMSE, then coherent MRC",soft 16QAM demapper; coherent single-layer equalization/MRC,"Sionna NR LDPC, max 8 iterations",unit squared-norm precoder; noise variance 1/SNR per Rx branch,total Tx power per RE divided by each Rx branch noise variance; no n_rx scaling,A100_NT4_S0_SIDON,CDD_MATCHED,matched CDD covariance,"[0,1,3,7]","[0,57.87037,173.611111,405.092593]","unit-power CDD, DFT PRG6 cycling, or 5ms-aged PRG MRT",0.1,5.152467,,,preliminary_bracketed,initial adjacent raw bracket; linear interpolation in log10(BLER),A100_NT4_TRANSPARENT_PRG6,precoder cycling present,0.075434,baseline target SNR - candidate target SNR; positive means candidate needs less SNR,outputs/experiment033_tdl_mobility_mimo/20260915_main/analysis_partial/target_summary_initial.csv,Do not treat as final: result-033 reports insufficient endpoint errors and incomplete append/bootstrap.
33,PDSCH_A100_60kmh_4T4R_comb6_estimated,result-033,partial formal experiment; endpoint append and paired bootstrap incomplete,PDSCH,Sionna 1.0.2 TDL-A,100,3.5,60,48,48,10,4,4,1,30,4096,288,12024,16QAM,NR 256QAM table MCS 8; target rate 553/1024,"symbols [2,7], comb-6, 192 pilot RE",estimated,"independent per-Rx two-DMRS 2D time-frequency RMMSE, then coherent MRC",soft 16QAM demapper; coherent single-layer equalization/MRC,"Sionna NR LDPC, max 8 iterations",unit squared-norm precoder; noise variance 1/SNR per Rx branch,total Tx power per RE divided by each Rx branch noise variance; no n_rx scaling,A100_NT4_SMALL_CDD_QSTEP0P25_MATCHED,SMALL_CDD_MATCHED,matched CDD covariance,"[0,0.25,0.5,0.75]","[0,14.467593,28.935185,43.402778]","unit-power CDD, DFT PRG6 cycling, or 5ms-aged PRG MRT",0.1,5.751415,,,preliminary_bracketed,initial adjacent raw bracket; linear interpolation in log10(BLER),A100_NT4_TRANSPARENT_PRG6,precoder cycling present,-0.523514,baseline target SNR - candidate target SNR; positive means candidate needs less SNR,outputs/experiment033_tdl_mobility_mimo/20260915_main/analysis_partial/target_summary_initial.csv,Do not treat as final: result-033 reports insufficient endpoint errors and incomplete append/bootstrap.
33,PDSCH_A100_60kmh_4T4R_comb6_estimated,result-033,partial formal experiment; endpoint append and paired bootstrap incomplete,PDSCH,Sionna 1.0.2 TDL-A,100,3.5,60,48,48,10,4,4,1,30,4096,288,12024,16QAM,NR 256QAM table MCS 8; target rate 553/1024,"symbols [2,7], comb-6, 192 pilot RE",estimated,"independent per-Rx two-DMRS 2D time-frequency RMMSE, then coherent MRC",soft 16QAM demapper; coherent single-layer equalization/MRC,"Sionna NR LDPC, max 8 iterations",unit squared-norm precoder; noise variance 1/SNR per Rx branch,total Tx power per RE divided by each Rx branch noise variance; no n_rx scaling,A100_NT4_SMALL_CDD_QSTEP0P25_TRANSPARENT,SMALL_CDD_TRANSPARENT,physical covariance; CDD delay unknown,"[0,0.25,0.5,0.75]","[0,14.467593,28.935185,43.402778]","unit-power CDD, DFT PRG6 cycling, or 5ms-aged PRG MRT",0.1,5.877621,,,preliminary_bracketed,initial adjacent raw bracket; linear interpolation in log10(BLER),A100_NT4_TRANSPARENT_PRG6,precoder cycling present,-0.64972,baseline target SNR - candidate target SNR; positive means candidate needs less SNR,outputs/experiment033_tdl_mobility_mimo/20260915_main/analysis_partial/target_summary_initial.csv,Do not treat as final: result-033 reports insufficient endpoint errors and incomplete append/bootstrap.
33,PDSCH_A100_60kmh_4T4R_comb6_estimated,result-033,partial formal experiment; endpoint append and paired bootstrap incomplete,PDSCH,Sionna 1.0.2 TDL-A,100,3.5,60,48,48,10,4,4,1,30,4096,288,12024,16QAM,NR 256QAM table MCS 8; target rate 553/1024,"symbols [2,7], comb-6, 192 pilot RE",estimated,"independent per-Rx two-DMRS 2D time-frequency RMMSE, then coherent MRC",soft 16QAM demapper; coherent single-layer equalization/MRC,"Sionna NR LDPC, max 8 iterations",unit squared-norm precoder; noise variance 1/SNR per Rx branch,total Tx power per RE divided by each Rx branch noise variance; no n_rx scaling,A100_NT4_TRANSPARENT_PRG6,TRANSPARENT_PRG_DFT,physical covariance within each PRG,,[],"unit-power CDD, DFT PRG6 cycling, or 5ms-aged PRG MRT",0.1,5.227901,,,preliminary_bracketed,initial adjacent raw bracket; linear interpolation in log10(BLER),A100_NT4_TRANSPARENT_PRG6,precoder cycling present,0,baseline target SNR - candidate target SNR; positive means candidate needs less SNR,outputs/experiment033_tdl_mobility_mimo/20260915_main/analysis_partial/target_summary_initial.csv,Do not treat as final: result-033 reports insufficient endpoint errors and incomplete append/bootstrap.
33,PDSCH_A100_60kmh_8T4R_comb6_estimated,result-033,partial formal experiment; endpoint append and paired bootstrap incomplete,PDSCH,Sionna 1.0.2 TDL-A,100,3.5,60,48,48,10,8,4,1,30,4096,288,12024,16QAM,NR 256QAM table MCS 8; target rate 553/1024,"symbols [2,7], comb-6, 192 pilot RE",estimated,"independent per-Rx two-DMRS 2D time-frequency RMMSE, then coherent MRC",soft 16QAM demapper; coherent single-layer equalization/MRC,"Sionna NR LDPC, max 8 iterations",unit squared-norm precoder; noise variance 1/SNR per Rx branch,total Tx power per RE divided by each Rx branch noise variance; no n_rx scaling,A100_NT8_AGED_MRT_PRG6,AGED_CSI_MRT,physical covariance within each PRG,,[],"unit-power CDD, DFT PRG6 cycling, or 5ms-aged PRG MRT",0.01,6.946669,,,preliminary_bracketed,initial adjacent raw bracket; linear interpolation in log10(BLER),A100_NT8_TRANSPARENT_PRG6,precoder cycling present,-0.96558,baseline target SNR - candidate target SNR; positive means candidate needs less SNR,outputs/experiment033_tdl_mobility_mimo/20260915_main/analysis_partial/target_summary_initial.csv,Do not treat as final: result-033 reports insufficient endpoint errors and incomplete append/bootstrap.
33,PDSCH_A100_60kmh_8T4R_comb6_estimated,result-033,partial formal experiment; endpoint append and paired bootstrap incomplete,PDSCH,Sionna 1.0.2 TDL-A,100,3.5,60,48,48,10,8,4,1,30,4096,288,12024,16QAM,NR 256QAM table MCS 8; target rate 553/1024,"symbols [2,7], comb-6, 192 pilot RE",estimated,"independent per-Rx two-DMRS 2D time-frequency RMMSE, then coherent MRC",soft 16QAM demapper; coherent single-layer equalization/MRC,"Sionna NR LDPC, max 8 iterations",unit squared-norm precoder; noise variance 1/SNR per Rx branch,total Tx power per RE divided by each Rx branch noise variance; no n_rx scaling,A100_NT8_B0_QC,CDD_MATCHED,matched CDD covariance,"[0,9,18,27,36,45,54,63]","[0,520.833333,1041.666667,1562.5,2083.333333,2604.166667,3125,3645.833333]","unit-power CDD, DFT PRG6 cycling, or 5ms-aged PRG MRT",0.01,6.273748,,,preliminary_bracketed,initial adjacent raw bracket; linear interpolation in log10(BLER),A100_NT8_TRANSPARENT_PRG6,precoder cycling present,-0.292659,baseline target SNR - candidate target SNR; positive means candidate needs less SNR,outputs/experiment033_tdl_mobility_mimo/20260915_main/analysis_partial/target_summary_initial.csv,Do not treat as final: result-033 reports insufficient endpoint errors and incomplete append/bootstrap.
33,PDSCH_A100_60kmh_8T4R_comb6_estimated,result-033,partial formal experiment; endpoint append and paired bootstrap incomplete,PDSCH,Sionna 1.0.2 TDL-A,100,3.5,60,48,48,10,8,4,1,30,4096,288,12024,16QAM,NR 256QAM table MCS 8; target rate 553/1024,"symbols [2,7], comb-6, 192 pilot RE",estimated,"independent per-Rx two-DMRS 2D time-frequency RMMSE, then coherent MRC",soft 16QAM demapper; coherent single-layer equalization/MRC,"Sionna NR LDPC, max 8 iterations",unit squared-norm precoder; noise variance 1/SNR per Rx branch,total Tx power per RE divided by each Rx branch noise variance; no n_rx scaling,A100_NT8_S0_SIDON,CDD_MATCHED,matched CDD covariance,"[0,1,3,7,12,20,30,65]","[0,57.87037,173.611111,405.092593,694.444444,1157.407407,1736.111111,3761.574074]","unit-power CDD, DFT PRG6 cycling, or 5ms-aged PRG MRT",0.01,6.016272,,,preliminary_bracketed,initial adjacent raw bracket; linear interpolation in log10(BLER),A100_NT8_TRANSPARENT_PRG6,precoder cycling present,-0.035183,baseline target SNR - candidate target SNR; positive means candidate needs less SNR,outputs/experiment033_tdl_mobility_mimo/20260915_main/analysis_partial/target_summary_initial.csv,Do not treat as final: result-033 reports insufficient endpoint errors and incomplete append/bootstrap.
33,PDSCH_A100_60kmh_8T4R_comb6_estimated,result-033,partial formal experiment; endpoint append and paired bootstrap incomplete,PDSCH,Sionna 1.0.2 TDL-A,100,3.5,60,48,48,10,8,4,1,30,4096,288,12024,16QAM,NR 256QAM table MCS 8; target rate 553/1024,"symbols [2,7], comb-6, 192 pilot RE",estimated,"independent per-Rx two-DMRS 2D time-frequency RMMSE, then coherent MRC",soft 16QAM demapper; coherent single-layer equalization/MRC,"Sionna NR LDPC, max 8 iterations",unit squared-norm precoder; noise variance 1/SNR per Rx branch,total Tx power per RE divided by each Rx branch noise variance; no n_rx scaling,A100_NT8_SMALL_CDD_QSTEP0P25_MATCHED,SMALL_CDD_MATCHED,matched CDD covariance,"[0,0.25,0.5,0.75,1,1.25,1.5,1.75]","[0,14.467593,28.935185,43.402778,57.87037,72.337963,86.805556,101.273148]","unit-power CDD, DFT PRG6 cycling, or 5ms-aged PRG MRT",0.01,6.792051,,,preliminary_bracketed,initial adjacent raw bracket; linear interpolation in log10(BLER),A100_NT8_TRANSPARENT_PRG6,precoder cycling present,-0.810962,baseline target SNR - candidate target SNR; positive means candidate needs less SNR,outputs/experiment033_tdl_mobility_mimo/20260915_main/analysis_partial/target_summary_initial.csv,Do not treat as final: result-033 reports insufficient endpoint errors and incomplete append/bootstrap.
33,PDSCH_A100_60kmh_8T4R_comb6_estimated,result-033,partial formal experiment; endpoint append and paired bootstrap incomplete,PDSCH,Sionna 1.0.2 TDL-A,100,3.5,60,48,48,10,8,4,1,30,4096,288,12024,16QAM,NR 256QAM table MCS 8; target rate 553/1024,"symbols [2,7], comb-6, 192 pilot RE",estimated,"independent per-Rx two-DMRS 2D time-frequency RMMSE, then coherent MRC",soft 16QAM demapper; coherent single-layer equalization/MRC,"Sionna NR LDPC, max 8 iterations",unit squared-norm precoder; noise variance 1/SNR per Rx branch,total Tx power per RE divided by each Rx branch noise variance; no n_rx scaling,A100_NT8_SMALL_CDD_QSTEP0P25_TRANSPARENT,SMALL_CDD_TRANSPARENT,physical covariance; CDD delay unknown,"[0,0.25,0.5,0.75,1,1.25,1.5,1.75]","[0,14.467593,28.935185,43.402778,57.87037,72.337963,86.805556,101.273148]","unit-power CDD, DFT PRG6 cycling, or 5ms-aged PRG MRT",0.01,7.151945,,,preliminary_bracketed,initial adjacent raw bracket; linear interpolation in log10(BLER),A100_NT8_TRANSPARENT_PRG6,precoder cycling present,-1.170856,baseline target SNR - candidate target SNR; positive means candidate needs less SNR,outputs/experiment033_tdl_mobility_mimo/20260915_main/analysis_partial/target_summary_initial.csv,Do not treat as final: result-033 reports insufficient endpoint errors and incomplete append/bootstrap.
33,PDSCH_A100_60kmh_8T4R_comb6_estimated,result-033,partial formal experiment; endpoint append and paired bootstrap incomplete,PDSCH,Sionna 1.0.2 TDL-A,100,3.5,60,48,48,10,8,4,1,30,4096,288,12024,16QAM,NR 256QAM table MCS 8; target rate 553/1024,"symbols [2,7], comb-6, 192 pilot RE",estimated,"independent per-Rx two-DMRS 2D time-frequency RMMSE, then coherent MRC",soft 16QAM demapper; coherent single-layer equalization/MRC,"Sionna NR LDPC, max 8 iterations",unit squared-norm precoder; noise variance 1/SNR per Rx branch,total Tx power per RE divided by each Rx branch noise variance; no n_rx scaling,A100_NT8_TRANSPARENT_PRG6,TRANSPARENT_PRG_DFT,physical covariance within each PRG,,[],"unit-power CDD, DFT PRG6 cycling, or 5ms-aged PRG MRT",0.01,5.981089,,,preliminary_bracketed,initial adjacent raw bracket; linear interpolation in log10(BLER),A100_NT8_TRANSPARENT_PRG6,precoder cycling present,0,baseline target SNR - candidate target SNR; positive means candidate needs less SNR,outputs/experiment033_tdl_mobility_mimo/20260915_main/analysis_partial/target_summary_initial.csv,Do not treat as final: result-033 reports insufficient endpoint errors and incomplete append/bootstrap.
33,PDSCH_A100_60kmh_8T4R_comb6_estimated,result-033,partial formal experiment; endpoint append and paired bootstrap incomplete,PDSCH,Sionna 1.0.2 TDL-A,100,3.5,60,48,48,10,8,4,1,30,4096,288,12024,16QAM,NR 256QAM table MCS 8; target rate 553/1024,"symbols [2,7], comb-6, 192 pilot RE",estimated,"independent per-Rx two-DMRS 2D time-frequency RMMSE, then coherent MRC",soft 16QAM demapper; coherent single-layer equalization/MRC,"Sionna NR LDPC, max 8 iterations",unit squared-norm precoder; noise variance 1/SNR per Rx branch,total Tx power per RE divided by each Rx branch noise variance; no n_rx scaling,A100_NT8_AGED_MRT_PRG6,AGED_CSI_MRT,physical covariance within each PRG,,[],"unit-power CDD, DFT PRG6 cycling, or 5ms-aged PRG MRT",0.1,5.353667,,,preliminary_bracketed,initial adjacent raw bracket; linear interpolation in log10(BLER),A100_NT8_TRANSPARENT_PRG6,precoder cycling present,-0.297495,baseline target SNR - candidate target SNR; positive means candidate needs less SNR,outputs/experiment033_tdl_mobility_mimo/20260915_main/analysis_partial/target_summary_initial.csv,Do not treat as final: result-033 reports insufficient endpoint errors and incomplete append/bootstrap.
33,PDSCH_A100_60kmh_8T4R_comb6_estimated,result-033,partial formal experiment; endpoint append and paired bootstrap incomplete,PDSCH,Sionna 1.0.2 TDL-A,100,3.5,60,48,48,10,8,4,1,30,4096,288,12024,16QAM,NR 256QAM table MCS 8; target rate 553/1024,"symbols [2,7], comb-6, 192 pilot RE",estimated,"independent per-Rx two-DMRS 2D time-frequency RMMSE, then coherent MRC",soft 16QAM demapper; coherent single-layer equalization/MRC,"Sionna NR LDPC, max 8 iterations",unit squared-norm precoder; noise variance 1/SNR per Rx branch,total Tx power per RE divided by each Rx branch noise variance; no n_rx scaling,A100_NT8_B0_QC,CDD_MATCHED,matched CDD covariance,"[0,9,18,27,36,45,54,63]","[0,520.833333,1041.666667,1562.5,2083.333333,2604.166667,3125,3645.833333]","unit-power CDD, DFT PRG6 cycling, or 5ms-aged PRG MRT",0.1,5.538574,,,preliminary_bracketed,initial adjacent raw bracket; linear interpolation in log10(BLER),A100_NT8_TRANSPARENT_PRG6,precoder cycling present,-0.482402,baseline target SNR - candidate target SNR; positive means candidate needs less SNR,outputs/experiment033_tdl_mobility_mimo/20260915_main/analysis_partial/target_summary_initial.csv,Do not treat as final: result-033 reports insufficient endpoint errors and incomplete append/bootstrap.
33,PDSCH_A100_60kmh_8T4R_comb6_estimated,result-033,partial formal experiment; endpoint append and paired bootstrap incomplete,PDSCH,Sionna 1.0.2 TDL-A,100,3.5,60,48,48,10,8,4,1,30,4096,288,12024,16QAM,NR 256QAM table MCS 8; target rate 553/1024,"symbols [2,7], comb-6, 192 pilot RE",estimated,"independent per-Rx two-DMRS 2D time-frequency RMMSE, then coherent MRC",soft 16QAM demapper; coherent single-layer equalization/MRC,"Sionna NR LDPC, max 8 iterations",unit squared-norm precoder; noise variance 1/SNR per Rx branch,total Tx power per RE divided by each Rx branch noise variance; no n_rx scaling,A100_NT8_S0_SIDON,CDD_MATCHED,matched CDD covariance,"[0,1,3,7,12,20,30,65]","[0,57.87037,173.611111,405.092593,694.444444,1157.407407,1736.111111,3761.574074]","unit-power CDD, DFT PRG6 cycling, or 5ms-aged PRG MRT",0.1,5.296089,,,preliminary_bracketed,initial adjacent raw bracket; linear interpolation in log10(BLER),A100_NT8_TRANSPARENT_PRG6,precoder cycling present,-0.239917,baseline target SNR - candidate target SNR; positive means candidate needs less SNR,outputs/experiment033_tdl_mobility_mimo/20260915_main/analysis_partial/target_summary_initial.csv,Do not treat as final: result-033 reports insufficient endpoint errors and incomplete append/bootstrap.
33,PDSCH_A100_60kmh_8T4R_comb6_estimated,result-033,partial formal experiment; endpoint append and paired bootstrap incomplete,PDSCH,Sionna 1.0.2 TDL-A,100,3.5,60,48,48,10,8,4,1,30,4096,288,12024,16QAM,NR 256QAM table MCS 8; target rate 553/1024,"symbols [2,7], comb-6, 192 pilot RE",estimated,"independent per-Rx two-DMRS 2D time-frequency RMMSE, then coherent MRC",soft 16QAM demapper; coherent single-layer equalization/MRC,"Sionna NR LDPC, max 8 iterations",unit squared-norm precoder; noise variance 1/SNR per Rx branch,total Tx power per RE divided by each Rx branch noise variance; no n_rx scaling,A100_NT8_SMALL_CDD_QSTEP0P25_MATCHED,SMALL_CDD_MATCHED,matched CDD covariance,"[0,0.25,0.5,0.75,1,1.25,1.5,1.75]","[0,14.467593,28.935185,43.402778,57.87037,72.337963,86.805556,101.273148]","unit-power CDD, DFT PRG6 cycling, or 5ms-aged PRG MRT",0.1,5.40484,,,preliminary_bracketed,initial adjacent raw bracket; linear interpolation in log10(BLER),A100_NT8_TRANSPARENT_PRG6,precoder cycling present,-0.348668,baseline target SNR - candidate target SNR; positive means candidate needs less SNR,outputs/experiment033_tdl_mobility_mimo/20260915_main/analysis_partial/target_summary_initial.csv,Do not treat as final: result-033 reports insufficient endpoint errors and incomplete append/bootstrap.
33,PDSCH_A100_60kmh_8T4R_comb6_estimated,result-033,partial formal experiment; endpoint append and paired bootstrap incomplete,PDSCH,Sionna 1.0.2 TDL-A,100,3.5,60,48,48,10,8,4,1,30,4096,288,12024,16QAM,NR 256QAM table MCS 8; target rate 553/1024,"symbols [2,7], comb-6, 192 pilot RE",estimated,"independent per-Rx two-DMRS 2D time-frequency RMMSE, then coherent MRC",soft 16QAM demapper; coherent single-layer equalization/MRC,"Sionna NR LDPC, max 8 iterations",unit squared-norm precoder; noise variance 1/SNR per Rx branch,total Tx power per RE divided by each Rx branch noise variance; no n_rx scaling,A100_NT8_SMALL_CDD_QSTEP0P25_TRANSPARENT,SMALL_CDD_TRANSPARENT,physical covariance; CDD delay unknown,"[0,0.25,0.5,0.75,1,1.25,1.5,1.75]","[0,14.467593,28.935185,43.402778,57.87037,72.337963,86.805556,101.273148]","unit-power CDD, DFT PRG6 cycling, or 5ms-aged PRG MRT",0.1,5.829113,,,preliminary_bracketed,initial adjacent raw bracket; linear interpolation in log10(BLER),A100_NT8_TRANSPARENT_PRG6,precoder cycling present,-0.772941,baseline target SNR - candidate target SNR; positive means candidate needs less SNR,outputs/experiment033_tdl_mobility_mimo/20260915_main/analysis_partial/target_summary_initial.csv,Do not treat as final: result-033 reports insufficient endpoint errors and incomplete append/bootstrap.
33,PDSCH_A100_60kmh_8T4R_comb6_estimated,result-033,partial formal experiment; endpoint append and paired bootstrap incomplete,PDSCH,Sionna 1.0.2 TDL-A,100,3.5,60,48,48,10,8,4,1,30,4096,288,12024,16QAM,NR 256QAM table MCS 8; target rate 553/1024,"symbols [2,7], comb-6, 192 pilot RE",estimated,"independent per-Rx two-DMRS 2D time-frequency RMMSE, then coherent MRC",soft 16QAM demapper; coherent single-layer equalization/MRC,"Sionna NR LDPC, max 8 iterations",unit squared-norm precoder; noise variance 1/SNR per Rx branch,total Tx power per RE divided by each Rx branch noise variance; no n_rx scaling,A100_NT8_TRANSPARENT_PRG6,TRANSPARENT_PRG_DFT,physical covariance within each PRG,,[],"unit-power CDD, DFT PRG6 cycling, or 5ms-aged PRG MRT",0.1,5.056172,,,preliminary_bracketed,initial adjacent raw bracket; linear interpolation in log10(BLER),A100_NT8_TRANSPARENT_PRG6,precoder cycling present,0,baseline target SNR - candidate target SNR; positive means candidate needs less SNR,outputs/experiment033_tdl_mobility_mimo/20260915_main/analysis_partial/target_summary_initial.csv,Do not treat as final: result-033 reports insufficient endpoint errors and incomplete append/bootstrap.
34,PDCCH_C300_4T4R_2sym_AL1_est_A40,result-034,executed; awaiting researcher confirmation,PDCCH,Sionna 1.0.2 TDL-C,300,4,3,48,3,2,4,4,1,30,4096,288,40,QPSK,"A=40, CRC24C, Polar E=108",comb-4 on both CORESET symbols; 18 DMRS RE,estimated,"per-Rx 2D time-frequency LMMSE, then coherent 4Rx MRC",coherent QPSK LLR; MRC when n_rx>1,CRC24C/RNTI mask; Sionna Polar hybrid CA-SCL list 8,unit total transmit power per active RE,Es/N0: total transmit power per active RE divided by noise variance of each Rx branch; no n_rx scaling,C300_AL1_FIXED_DFT0_NR4_EST,FIXED_DFT,transparent physical-PRG covariance; AL1 has one fixed DFT0 bundle,,,"fixed DFT4 index 0, [1,1,1,1]/2",0.01,2.579878,,,derived_in_audit,audit recomputation only; result-034 explicitly did not publish a threshold interpolation,,NA: neither precoder cycling nor B0QC is present,,baseline target SNR - candidate target SNR; positive means candidate needs less SNR,outputs/experiment034_rsrp_pdcch_4t4r/20260916_plan034/analysis/bler_combined.csv,"raw bracket [2,3]"
34,PDCCH_C300_4T4R_2sym_AL1_est_A40,result-034,executed; awaiting researcher confirmation,PDCCH,Sionna 1.0.2 TDL-C,300,4,3,48,3,2,4,4,1,30,4096,288,40,QPSK,"A=40, CRC24C, Polar E=108",comb-4 on both CORESET symbols; 18 DMRS RE,estimated,"per-Rx 2D time-frequency LMMSE, then coherent 4Rx MRC",coherent QPSK LLR; MRC when n_rx>1,CRC24C/RNTI mask; Sionna Polar hybrid CA-SCL list 8,unit total transmit power per active RE,Es/N0: total transmit power per active RE divided by noise variance of each Rx branch; no n_rx scaling,C300_AL1_FIXED_DFT0_NR4_EST,FIXED_DFT,transparent physical-PRG covariance; AL1 has one fixed DFT0 bundle,,,"fixed DFT4 index 0, [1,1,1,1]/2",0.1,-0.532388,,,derived_in_audit,audit recomputation only; result-034 explicitly did not publish a threshold interpolation,,NA: neither precoder cycling nor B0QC is present,,baseline target SNR - candidate target SNR; positive means candidate needs less SNR,outputs/experiment034_rsrp_pdcch_4t4r/20260916_plan034/analysis/bler_combined.csv,"raw bracket [-1,0]"
35,PDSCH_A100_60kmh_4T2R_comb6_estimated,result-035,executed; awaiting researcher confirmation,PDSCH,Sionna 1.0.2 TDL-A,100,3.5,60,48,48,10,4,2,1,30,4096,288,12024,16QAM,NR 256QAM table MCS 8; target rate 553/1024,"symbols [2,7], comb-6, 192 pilot RE",estimated,"independent per-Rx two-DMRS 2D time-frequency RMMSE, then coherent MRC",soft 16QAM demapper; coherent single-layer equalization/MRC,"Sionna NR LDPC, max 8 iterations",unit squared-norm precoder; noise variance 1/SNR per Rx branch,total Tx power per RE divided by each Rx branch noise variance; no n_rx scaling,A100_NT4_AGED_MRT_PRG6,AGED_CSI_MRT,physical covariance within each PRG,,[],"unit-power CDD, DFT PRG6 cycling, or 5ms-aged PRG MRT",0.01,12.596581,12.521295,12.650512,bracketed,"adjacent raw bracket, log10(BLER) interpolation; 500 paired bootstrap replicates",A100_NT4_TRANSPARENT_PRG6,precoder cycling present,-1.283742,baseline target SNR - candidate target SNR; positive means candidate needs less SNR,outputs/experiment035_pdsch_2rx/20260917_fix1/formal/A100_NT4_NR2_V60/analysis/target_crossings_bootstrap.csv,
35,PDSCH_A100_60kmh_4T2R_comb6_estimated,result-035,executed; awaiting researcher confirmation,PDSCH,Sionna 1.0.2 TDL-A,100,3.5,60,48,48,10,4,2,1,30,4096,288,12024,16QAM,NR 256QAM table MCS 8; target rate 553/1024,"symbols [2,7], comb-6, 192 pilot RE",estimated,"independent per-Rx two-DMRS 2D time-frequency RMMSE, then coherent MRC",soft 16QAM demapper; coherent single-layer equalization/MRC,"Sionna NR LDPC, max 8 iterations",unit squared-norm precoder; noise variance 1/SNR per Rx branch,total Tx power per RE divided by each Rx branch noise variance; no n_rx scaling,A100_NT4_B0_QC,CDD_MATCHED,matched CDD covariance,"[0,24,48,72]","[0,1388.888889,2777.777778,4166.666667]","unit-power CDD, DFT PRG6 cycling, or 5ms-aged PRG MRT",0.01,10.985365,10.940389,11.036545,bracketed,"adjacent raw bracket, log10(BLER) interpolation; 500 paired bootstrap replicates",A100_NT4_TRANSPARENT_PRG6,precoder cycling present,0.327474,baseline target SNR - candidate target SNR; positive means candidate needs less SNR,outputs/experiment035_pdsch_2rx/20260917_fix1/formal/A100_NT4_NR2_V60/analysis/target_crossings_bootstrap.csv,
35,PDSCH_A100_60kmh_4T2R_comb6_estimated,result-035,executed; awaiting researcher confirmation,PDSCH,Sionna 1.0.2 TDL-A,100,3.5,60,48,48,10,4,2,1,30,4096,288,12024,16QAM,NR 256QAM table MCS 8; target rate 553/1024,"symbols [2,7], comb-6, 192 pilot RE",estimated,"independent per-Rx two-DMRS 2D time-frequency RMMSE, then coherent MRC",soft 16QAM demapper; coherent single-layer equalization/MRC,"Sionna NR LDPC, max 8 iterations",unit squared-norm precoder; noise variance 1/SNR per Rx branch,total Tx power per RE divided by each Rx branch noise variance; no n_rx scaling,A100_NT4_S0_SIDON,CDD_MATCHED,matched CDD covariance,"[0,1,3,7]","[0,57.87037,173.611111,405.092593]","unit-power CDD, DFT PRG6 cycling, or 5ms-aged PRG MRT",0.01,11.068213,11.028074,11.101391,bracketed,"adjacent raw bracket, log10(BLER) interpolation; 500 paired bootstrap replicates",A100_NT4_TRANSPARENT_PRG6,precoder cycling present,0.244626,baseline target SNR - candidate target SNR; positive means candidate needs less SNR,outputs/experiment035_pdsch_2rx/20260917_fix1/formal/A100_NT4_NR2_V60/analysis/target_crossings_bootstrap.csv,
35,PDSCH_A100_60kmh_4T2R_comb6_estimated,result-035,executed; awaiting researcher confirmation,PDSCH,Sionna 1.0.2 TDL-A,100,3.5,60,48,48,10,4,2,1,30,4096,288,12024,16QAM,NR 256QAM table MCS 8; target rate 553/1024,"symbols [2,7], comb-6, 192 pilot RE",estimated,"independent per-Rx two-DMRS 2D time-frequency RMMSE, then coherent MRC",soft 16QAM demapper; coherent single-layer equalization/MRC,"Sionna NR LDPC, max 8 iterations",unit squared-norm precoder; noise variance 1/SNR per Rx branch,total Tx power per RE divided by each Rx branch noise variance; no n_rx scaling,A100_NT4_SMALL_CDD_QSTEP0P25_MATCHED,SMALL_CDD_MATCHED,matched CDD covariance,"[0,0.25,0.5,0.75]","[0,14.467593,28.935185,43.402778]","unit-power CDD, DFT PRG6 cycling, or 5ms-aged PRG MRT",0.01,12.632942,12.52325,12.744869,bracketed,"adjacent raw bracket, log10(BLER) interpolation; 500 paired bootstrap replicates",A100_NT4_TRANSPARENT_PRG6,precoder cycling present,-1.320103,baseline target SNR - candidate target SNR; positive means candidate needs less SNR,outputs/experiment035_pdsch_2rx/20260917_fix1/formal/A100_NT4_NR2_V60/analysis/target_crossings_bootstrap.csv,
35,PDSCH_A100_60kmh_4T2R_comb6_estimated,result-035,executed; awaiting researcher confirmation,PDSCH,Sionna 1.0.2 TDL-A,100,3.5,60,48,48,10,4,2,1,30,4096,288,12024,16QAM,NR 256QAM table MCS 8; target rate 553/1024,"symbols [2,7], comb-6, 192 pilot RE",estimated,"independent per-Rx two-DMRS 2D time-frequency RMMSE, then coherent MRC",soft 16QAM demapper; coherent single-layer equalization/MRC,"Sionna NR LDPC, max 8 iterations",unit squared-norm precoder; noise variance 1/SNR per Rx branch,total Tx power per RE divided by each Rx branch noise variance; no n_rx scaling,A100_NT4_SMALL_CDD_QSTEP0P25_TRANSPARENT,SMALL_CDD_TRANSPARENT,physical covariance; CDD delay unknown,"[0,0.25,0.5,0.75]","[0,14.467593,28.935185,43.402778]","unit-power CDD, DFT PRG6 cycling, or 5ms-aged PRG MRT",0.01,12.830386,12.75,12.894206,bracketed,"adjacent raw bracket, log10(BLER) interpolation; 500 paired bootstrap replicates",A100_NT4_TRANSPARENT_PRG6,precoder cycling present,-1.517547,baseline target SNR - candidate target SNR; positive means candidate needs less SNR,outputs/experiment035_pdsch_2rx/20260917_fix1/formal/A100_NT4_NR2_V60/analysis/target_crossings_bootstrap.csv,
35,PDSCH_A100_60kmh_4T2R_comb6_estimated,result-035,executed; awaiting researcher confirmation,PDSCH,Sionna 1.0.2 TDL-A,100,3.5,60,48,48,10,4,2,1,30,4096,288,12024,16QAM,NR 256QAM table MCS 8; target rate 553/1024,"symbols [2,7], comb-6, 192 pilot RE",estimated,"independent per-Rx two-DMRS 2D time-frequency RMMSE, then coherent MRC",soft 16QAM demapper; coherent single-layer equalization/MRC,"Sionna NR LDPC, max 8 iterations",unit squared-norm precoder; noise variance 1/SNR per Rx branch,total Tx power per RE divided by each Rx branch noise variance; no n_rx scaling,A100_NT4_TRANSPARENT_PRG6,TRANSPARENT_PRG_DFT,physical covariance within each PRG,,[],"unit-power CDD, DFT PRG6 cycling, or 5ms-aged PRG MRT",0.01,11.312839,11.238857,11.367827,bracketed,"adjacent raw bracket, log10(BLER) interpolation; 500 paired bootstrap replicates",A100_NT4_TRANSPARENT_PRG6,precoder cycling present,0,baseline target SNR - candidate target SNR; positive means candidate needs less SNR,outputs/experiment035_pdsch_2rx/20260917_fix1/formal/A100_NT4_NR2_V60/analysis/target_crossings_bootstrap.csv,
35,PDSCH_A100_60kmh_4T2R_comb6_estimated,result-035,executed; awaiting researcher confirmation,PDSCH,Sionna 1.0.2 TDL-A,100,3.5,60,48,48,10,4,2,1,30,4096,288,12024,16QAM,NR 256QAM table MCS 8; target rate 553/1024,"symbols [2,7], comb-6, 192 pilot RE",estimated,"independent per-Rx two-DMRS 2D time-frequency RMMSE, then coherent MRC",soft 16QAM demapper; coherent single-layer equalization/MRC,"Sionna NR LDPC, max 8 iterations",unit squared-norm precoder; noise variance 1/SNR per Rx branch,total Tx power per RE divided by each Rx branch noise variance; no n_rx scaling,A100_NT4_AGED_MRT_PRG6,AGED_CSI_MRT,physical covariance within each PRG,,[],"unit-power CDD, DFT PRG6 cycling, or 5ms-aged PRG MRT",0.1,10.330091,10.275353,10.368073,bracketed,"adjacent raw bracket, log10(BLER) interpolation; 500 paired bootstrap replicates",A100_NT4_TRANSPARENT_PRG6,precoder cycling present,-0.664781,baseline target SNR - candidate target SNR; positive means candidate needs less SNR,outputs/experiment035_pdsch_2rx/20260917_fix1/formal/A100_NT4_NR2_V60/analysis/target_crossings_bootstrap.csv,
35,PDSCH_A100_60kmh_4T2R_comb6_estimated,result-035,executed; awaiting researcher confirmation,PDSCH,Sionna 1.0.2 TDL-A,100,3.5,60,48,48,10,4,2,1,30,4096,288,12024,16QAM,NR 256QAM table MCS 8; target rate 553/1024,"symbols [2,7], comb-6, 192 pilot RE",estimated,"independent per-Rx two-DMRS 2D time-frequency RMMSE, then coherent MRC",soft 16QAM demapper; coherent single-layer equalization/MRC,"Sionna NR LDPC, max 8 iterations",unit squared-norm precoder; noise variance 1/SNR per Rx branch,total Tx power per RE divided by each Rx branch noise variance; no n_rx scaling,A100_NT4_B0_QC,CDD_MATCHED,matched CDD covariance,"[0,24,48,72]","[0,1388.888889,2777.777778,4166.666667]","unit-power CDD, DFT PRG6 cycling, or 5ms-aged PRG MRT",0.1,9.682765,9.64982,9.710853,bracketed,"adjacent raw bracket, log10(BLER) interpolation; 500 paired bootstrap replicates",A100_NT4_TRANSPARENT_PRG6,precoder cycling present,-0.017455,baseline target SNR - candidate target SNR; positive means candidate needs less SNR,outputs/experiment035_pdsch_2rx/20260917_fix1/formal/A100_NT4_NR2_V60/analysis/target_crossings_bootstrap.csv,
35,PDSCH_A100_60kmh_4T2R_comb6_estimated,result-035,executed; awaiting researcher confirmation,PDSCH,Sionna 1.0.2 TDL-A,100,3.5,60,48,48,10,4,2,1,30,4096,288,12024,16QAM,NR 256QAM table MCS 8; target rate 553/1024,"symbols [2,7], comb-6, 192 pilot RE",estimated,"independent per-Rx two-DMRS 2D time-frequency RMMSE, then coherent MRC",soft 16QAM demapper; coherent single-layer equalization/MRC,"Sionna NR LDPC, max 8 iterations",unit squared-norm precoder; noise variance 1/SNR per Rx branch,total Tx power per RE divided by each Rx branch noise variance; no n_rx scaling,A100_NT4_S0_SIDON,CDD_MATCHED,matched CDD covariance,"[0,1,3,7]","[0,57.87037,173.611111,405.092593]","unit-power CDD, DFT PRG6 cycling, or 5ms-aged PRG MRT",0.1,9.456972,9.390591,9.534685,bracketed,"adjacent raw bracket, log10(BLER) interpolation; 500 paired bootstrap replicates",A100_NT4_TRANSPARENT_PRG6,precoder cycling present,0.208338,baseline target SNR - candidate target SNR; positive means candidate needs less SNR,outputs/experiment035_pdsch_2rx/20260917_fix1/formal/A100_NT4_NR2_V60/analysis/target_crossings_bootstrap.csv,
35,PDSCH_A100_60kmh_4T2R_comb6_estimated,result-035,executed; awaiting researcher confirmation,PDSCH,Sionna 1.0.2 TDL-A,100,3.5,60,48,48,10,4,2,1,30,4096,288,12024,16QAM,NR 256QAM table MCS 8; target rate 553/1024,"symbols [2,7], comb-6, 192 pilot RE",estimated,"independent per-Rx two-DMRS 2D time-frequency RMMSE, then coherent MRC",soft 16QAM demapper; coherent single-layer equalization/MRC,"Sionna NR LDPC, max 8 iterations",unit squared-norm precoder; noise variance 1/SNR per Rx branch,total Tx power per RE divided by each Rx branch noise variance; no n_rx scaling,A100_NT4_SMALL_CDD_QSTEP0P25_MATCHED,SMALL_CDD_MATCHED,matched CDD covariance,"[0,0.25,0.5,0.75]","[0,14.467593,28.935185,43.402778]","unit-power CDD, DFT PRG6 cycling, or 5ms-aged PRG MRT",0.1,10.450282,10.406104,10.504455,bracketed,"adjacent raw bracket, log10(BLER) interpolation; 500 paired bootstrap replicates",A100_NT4_TRANSPARENT_PRG6,precoder cycling present,-0.784972,baseline target SNR - candidate target SNR; positive means candidate needs less SNR,outputs/experiment035_pdsch_2rx/20260917_fix1/formal/A100_NT4_NR2_V60/analysis/target_crossings_bootstrap.csv,
35,PDSCH_A100_60kmh_4T2R_comb6_estimated,result-035,executed; awaiting researcher confirmation,PDSCH,Sionna 1.0.2 TDL-A,100,3.5,60,48,48,10,4,2,1,30,4096,288,12024,16QAM,NR 256QAM table MCS 8; target rate 553/1024,"symbols [2,7], comb-6, 192 pilot RE",estimated,"independent per-Rx two-DMRS 2D time-frequency RMMSE, then coherent MRC",soft 16QAM demapper; coherent single-layer equalization/MRC,"Sionna NR LDPC, max 8 iterations",unit squared-norm precoder; noise variance 1/SNR per Rx branch,total Tx power per RE divided by each Rx branch noise variance; no n_rx scaling,A100_NT4_SMALL_CDD_QSTEP0P25_TRANSPARENT,SMALL_CDD_TRANSPARENT,physical covariance; CDD delay unknown,"[0,0.25,0.5,0.75]","[0,14.467593,28.935185,43.402778]","unit-power CDD, DFT PRG6 cycling, or 5ms-aged PRG MRT",0.1,10.599344,10.567757,10.634342,bracketed,"adjacent raw bracket, log10(BLER) interpolation; 500 paired bootstrap replicates",A100_NT4_TRANSPARENT_PRG6,precoder cycling present,-0.934034,baseline target SNR - candidate target SNR; positive means candidate needs less SNR,outputs/experiment035_pdsch_2rx/20260917_fix1/formal/A100_NT4_NR2_V60/analysis/target_crossings_bootstrap.csv,
35,PDSCH_A100_60kmh_4T2R_comb6_estimated,result-035,executed; awaiting researcher confirmation,PDSCH,Sionna 1.0.2 TDL-A,100,3.5,60,48,48,10,4,2,1,30,4096,288,12024,16QAM,NR 256QAM table MCS 8; target rate 553/1024,"symbols [2,7], comb-6, 192 pilot RE",estimated,"independent per-Rx two-DMRS 2D time-frequency RMMSE, then coherent MRC",soft 16QAM demapper; coherent single-layer equalization/MRC,"Sionna NR LDPC, max 8 iterations",unit squared-norm precoder; noise variance 1/SNR per Rx branch,total Tx power per RE divided by each Rx branch noise variance; no n_rx scaling,A100_NT4_TRANSPARENT_PRG6,TRANSPARENT_PRG_DFT,physical covariance within each PRG,,[],"unit-power CDD, DFT PRG6 cycling, or 5ms-aged PRG MRT",0.1,9.66531,9.622427,9.701324,bracketed,"adjacent raw bracket, log10(BLER) interpolation; 500 paired bootstrap replicates",A100_NT4_TRANSPARENT_PRG6,precoder cycling present,0,baseline target SNR - candidate target SNR; positive means candidate needs less SNR,outputs/experiment035_pdsch_2rx/20260917_fix1/formal/A100_NT4_NR2_V60/analysis/target_crossings_bootstrap.csv,
35,PDSCH_A100_60kmh_4T2R_comb6_ideal,result-035,executed; awaiting researcher confirmation,PDSCH,Sionna 1.0.2 TDL-A,100,3.5,60,48,48,10,4,2,1,30,4096,288,12024,16QAM,NR 256QAM table MCS 8; target rate 553/1024,"symbols [2,7], comb-6, 192 pilot RE",ideal,true data-RE channel,soft 16QAM demapper; coherent single-layer equalization/MRC,"Sionna NR LDPC, max 8 iterations",unit squared-norm precoder; noise variance 1/SNR per Rx branch,total Tx power per RE divided by each Rx branch noise variance; no n_rx scaling,A100_NT4_AGED_MRT_PRG6,AGED_CSI_MRT,physical covariance within each PRG,,[],"unit-power CDD, DFT PRG6 cycling, or 5ms-aged PRG MRT",0.01,11.683382,11.62007,11.772742,bracketed,"adjacent raw bracket, log10(BLER) interpolation; 500 paired bootstrap replicates",A100_NT4_TRANSPARENT_PRG6,precoder cycling present,-1.208082,baseline target SNR - candidate target SNR; positive means candidate needs less SNR,outputs/experiment035_pdsch_2rx/20260917_fix1/formal/A100_NT4_NR2_V60/analysis/target_crossings_bootstrap.csv,
35,PDSCH_A100_60kmh_4T2R_comb6_ideal,result-035,executed; awaiting researcher confirmation,PDSCH,Sionna 1.0.2 TDL-A,100,3.5,60,48,48,10,4,2,1,30,4096,288,12024,16QAM,NR 256QAM table MCS 8; target rate 553/1024,"symbols [2,7], comb-6, 192 pilot RE",ideal,true data-RE channel,soft 16QAM demapper; coherent single-layer equalization/MRC,"Sionna NR LDPC, max 8 iterations",unit squared-norm precoder; noise variance 1/SNR per Rx branch,total Tx power per RE divided by each Rx branch noise variance; no n_rx scaling,A100_NT4_B0_QC,CDD_MATCHED,matched CDD covariance,"[0,24,48,72]","[0,1388.888889,2777.777778,4166.666667]","unit-power CDD, DFT PRG6 cycling, or 5ms-aged PRG MRT",0.01,9.917319,9.849578,9.990145,bracketed,"adjacent raw bracket, log10(BLER) interpolation; 500 paired bootstrap replicates",A100_NT4_TRANSPARENT_PRG6,precoder cycling present,0.557981,baseline target SNR - candidate target SNR; positive means candidate needs less SNR,outputs/experiment035_pdsch_2rx/20260917_fix1/formal/A100_NT4_NR2_V60/analysis/target_crossings_bootstrap.csv,
35,PDSCH_A100_60kmh_4T2R_comb6_ideal,result-035,executed; awaiting researcher confirmation,PDSCH,Sionna 1.0.2 TDL-A,100,3.5,60,48,48,10,4,2,1,30,4096,288,12024,16QAM,NR 256QAM table MCS 8; target rate 553/1024,"symbols [2,7], comb-6, 192 pilot RE",ideal,true data-RE channel,soft 16QAM demapper; coherent single-layer equalization/MRC,"Sionna NR LDPC, max 8 iterations",unit squared-norm precoder; noise variance 1/SNR per Rx branch,total Tx power per RE divided by each Rx branch noise variance; no n_rx scaling,A100_NT4_S0_SIDON,CDD_MATCHED,matched CDD covariance,"[0,1,3,7]","[0,57.87037,173.611111,405.092593]","unit-power CDD, DFT PRG6 cycling, or 5ms-aged PRG MRT",0.01,10.433368,10.36571,10.512978,bracketed,"adjacent raw bracket, log10(BLER) interpolation; 500 paired bootstrap replicates",A100_NT4_TRANSPARENT_PRG6,precoder cycling present,0.041932,baseline target SNR - candidate target SNR; positive means candidate needs less SNR,outputs/experiment035_pdsch_2rx/20260917_fix1/formal/A100_NT4_NR2_V60/analysis/target_crossings_bootstrap.csv,
35,PDSCH_A100_60kmh_4T2R_comb6_ideal,result-035,executed; awaiting researcher confirmation,PDSCH,Sionna 1.0.2 TDL-A,100,3.5,60,48,48,10,4,2,1,30,4096,288,12024,16QAM,NR 256QAM table MCS 8; target rate 553/1024,"symbols [2,7], comb-6, 192 pilot RE",ideal,true data-RE channel,soft 16QAM demapper; coherent single-layer equalization/MRC,"Sionna NR LDPC, max 8 iterations",unit squared-norm precoder; noise variance 1/SNR per Rx branch,total Tx power per RE divided by each Rx branch noise variance; no n_rx scaling,A100_NT4_SMALL_CDD_QSTEP0P25_MATCHED,SMALL_CDD_MATCHED,matched CDD covariance,"[0,0.25,0.5,0.75]","[0,14.467593,28.935185,43.402778]","unit-power CDD, DFT PRG6 cycling, or 5ms-aged PRG MRT",0.01,12.189256,12.119277,12.266591,bracketed,"adjacent raw bracket, log10(BLER) interpolation; 500 paired bootstrap replicates",A100_NT4_TRANSPARENT_PRG6,precoder cycling present,-1.713956,baseline target SNR - candidate target SNR; positive means candidate needs less SNR,outputs/experiment035_pdsch_2rx/20260917_fix1/formal/A100_NT4_NR2_V60/analysis/target_crossings_bootstrap.csv,
35,PDSCH_A100_60kmh_4T2R_comb6_ideal,result-035,executed; awaiting researcher confirmation,PDSCH,Sionna 1.0.2 TDL-A,100,3.5,60,48,48,10,4,2,1,30,4096,288,12024,16QAM,NR 256QAM table MCS 8; target rate 553/1024,"symbols [2,7], comb-6, 192 pilot RE",ideal,true data-RE channel,soft 16QAM demapper; coherent single-layer equalization/MRC,"Sionna NR LDPC, max 8 iterations",unit squared-norm precoder; noise variance 1/SNR per Rx branch,total Tx power per RE divided by each Rx branch noise variance; no n_rx scaling,A100_NT4_SMALL_CDD_QSTEP0P25_TRANSPARENT,SMALL_CDD_TRANSPARENT,physical covariance; CDD delay unknown,"[0,0.25,0.5,0.75]","[0,14.467593,28.935185,43.402778]","unit-power CDD, DFT PRG6 cycling, or 5ms-aged PRG MRT",0.01,12.189256,12.119277,12.266591,bracketed,"adjacent raw bracket, log10(BLER) interpolation; 500 paired bootstrap replicates",A100_NT4_TRANSPARENT_PRG6,precoder cycling present,-1.713956,baseline target SNR - candidate target SNR; positive means candidate needs less SNR,outputs/experiment035_pdsch_2rx/20260917_fix1/formal/A100_NT4_NR2_V60/analysis/target_crossings_bootstrap.csv,
35,PDSCH_A100_60kmh_4T2R_comb6_ideal,result-035,executed; awaiting researcher confirmation,PDSCH,Sionna 1.0.2 TDL-A,100,3.5,60,48,48,10,4,2,1,30,4096,288,12024,16QAM,NR 256QAM table MCS 8; target rate 553/1024,"symbols [2,7], comb-6, 192 pilot RE",ideal,true data-RE channel,soft 16QAM demapper; coherent single-layer equalization/MRC,"Sionna NR LDPC, max 8 iterations",unit squared-norm precoder; noise variance 1/SNR per Rx branch,total Tx power per RE divided by each Rx branch noise variance; no n_rx scaling,A100_NT4_TRANSPARENT_PRG6,TRANSPARENT_PRG_DFT,physical covariance within each PRG,,[],"unit-power CDD, DFT PRG6 cycling, or 5ms-aged PRG MRT",0.01,10.4753,10.415071,10.530576,bracketed,"adjacent raw bracket, log10(BLER) interpolation; 500 paired bootstrap replicates",A100_NT4_TRANSPARENT_PRG6,precoder cycling present,0,baseline target SNR - candidate target SNR; positive means candidate needs less SNR,outputs/experiment035_pdsch_2rx/20260917_fix1/formal/A100_NT4_NR2_V60/analysis/target_crossings_bootstrap.csv,
35,PDSCH_A100_60kmh_4T2R_comb6_ideal,result-035,executed; awaiting researcher confirmation,PDSCH,Sionna 1.0.2 TDL-A,100,3.5,60,48,48,10,4,2,1,30,4096,288,12024,16QAM,NR 256QAM table MCS 8; target rate 553/1024,"symbols [2,7], comb-6, 192 pilot RE",ideal,true data-RE channel,soft 16QAM demapper; coherent single-layer equalization/MRC,"Sionna NR LDPC, max 8 iterations",unit squared-norm precoder; noise variance 1/SNR per Rx branch,total Tx power per RE divided by each Rx branch noise variance; no n_rx scaling,A100_NT4_AGED_MRT_PRG6,AGED_CSI_MRT,physical covariance within each PRG,,[],"unit-power CDD, DFT PRG6 cycling, or 5ms-aged PRG MRT",0.1,9.621291,9.539774,9.662606,bracketed,"adjacent raw bracket, log10(BLER) interpolation; 500 paired bootstrap replicates",A100_NT4_TRANSPARENT_PRG6,precoder cycling present,-0.618255,baseline target SNR - candidate target SNR; positive means candidate needs less SNR,outputs/experiment035_pdsch_2rx/20260917_fix1/formal/A100_NT4_NR2_V60/analysis/target_crossings_bootstrap.csv,
35,PDSCH_A100_60kmh_4T2R_comb6_ideal,result-035,executed; awaiting researcher confirmation,PDSCH,Sionna 1.0.2 TDL-A,100,3.5,60,48,48,10,4,2,1,30,4096,288,12024,16QAM,NR 256QAM table MCS 8; target rate 553/1024,"symbols [2,7], comb-6, 192 pilot RE",ideal,true data-RE channel,soft 16QAM demapper; coherent single-layer equalization/MRC,"Sionna NR LDPC, max 8 iterations",unit squared-norm precoder; noise variance 1/SNR per Rx branch,total Tx power per RE divided by each Rx branch noise variance; no n_rx scaling,A100_NT4_B0_QC,CDD_MATCHED,matched CDD covariance,"[0,24,48,72]","[0,1388.888889,2777.777778,4166.666667]","unit-power CDD, DFT PRG6 cycling, or 5ms-aged PRG MRT",0.1,8.643797,8.584743,8.692605,bracketed,"adjacent raw bracket, log10(BLER) interpolation; 500 paired bootstrap replicates",A100_NT4_TRANSPARENT_PRG6,precoder cycling present,0.359239,baseline target SNR - candidate target SNR; positive means candidate needs less SNR,outputs/experiment035_pdsch_2rx/20260917_fix1/formal/A100_NT4_NR2_V60/analysis/target_crossings_bootstrap.csv,
35,PDSCH_A100_60kmh_4T2R_comb6_ideal,result-035,executed; awaiting researcher confirmation,PDSCH,Sionna 1.0.2 TDL-A,100,3.5,60,48,48,10,4,2,1,30,4096,288,12024,16QAM,NR 256QAM table MCS 8; target rate 553/1024,"symbols [2,7], comb-6, 192 pilot RE",ideal,true data-RE channel,soft 16QAM demapper; coherent single-layer equalization/MRC,"Sionna NR LDPC, max 8 iterations",unit squared-norm precoder; noise variance 1/SNR per Rx branch,total Tx power per RE divided by each Rx branch noise variance; no n_rx scaling,A100_NT4_S0_SIDON,CDD_MATCHED,matched CDD covariance,"[0,1,3,7]","[0,57.87037,173.611111,405.092593]","unit-power CDD, DFT PRG6 cycling, or 5ms-aged PRG MRT",0.1,8.892268,8.836889,8.958301,bracketed,"adjacent raw bracket, log10(BLER) interpolation; 500 paired bootstrap replicates",A100_NT4_TRANSPARENT_PRG6,precoder cycling present,0.110768,baseline target SNR - candidate target SNR; positive means candidate needs less SNR,outputs/experiment035_pdsch_2rx/20260917_fix1/formal/A100_NT4_NR2_V60/analysis/target_crossings_bootstrap.csv,
35,PDSCH_A100_60kmh_4T2R_comb6_ideal,result-035,executed; awaiting researcher confirmation,PDSCH,Sionna 1.0.2 TDL-A,100,3.5,60,48,48,10,4,2,1,30,4096,288,12024,16QAM,NR 256QAM table MCS 8; target rate 553/1024,"symbols [2,7], comb-6, 192 pilot RE",ideal,true data-RE channel,soft 16QAM demapper; coherent single-layer equalization/MRC,"Sionna NR LDPC, max 8 iterations",unit squared-norm precoder; noise variance 1/SNR per Rx branch,total Tx power per RE divided by each Rx branch noise variance; no n_rx scaling,A100_NT4_SMALL_CDD_QSTEP0P25_MATCHED,SMALL_CDD_MATCHED,matched CDD covariance,"[0,0.25,0.5,0.75]","[0,14.467593,28.935185,43.402778]","unit-power CDD, DFT PRG6 cycling, or 5ms-aged PRG MRT",0.1,9.985883,9.948784,10.020812,bracketed,"adjacent raw bracket, log10(BLER) interpolation; 500 paired bootstrap replicates",A100_NT4_TRANSPARENT_PRG6,precoder cycling present,-0.982847,baseline target SNR - candidate target SNR; positive means candidate needs less SNR,outputs/experiment035_pdsch_2rx/20260917_fix1/formal/A100_NT4_NR2_V60/analysis/target_crossings_bootstrap.csv,
35,PDSCH_A100_60kmh_4T2R_comb6_ideal,result-035,executed; awaiting researcher confirmation,PDSCH,Sionna 1.0.2 TDL-A,100,3.5,60,48,48,10,4,2,1,30,4096,288,12024,16QAM,NR 256QAM table MCS 8; target rate 553/1024,"symbols [2,7], comb-6, 192 pilot RE",ideal,true data-RE channel,soft 16QAM demapper; coherent single-layer equalization/MRC,"Sionna NR LDPC, max 8 iterations",unit squared-norm precoder; noise variance 1/SNR per Rx branch,total Tx power per RE divided by each Rx branch noise variance; no n_rx scaling,A100_NT4_SMALL_CDD_QSTEP0P25_TRANSPARENT,SMALL_CDD_TRANSPARENT,physical covariance; CDD delay unknown,"[0,0.25,0.5,0.75]","[0,14.467593,28.935185,43.402778]","unit-power CDD, DFT PRG6 cycling, or 5ms-aged PRG MRT",0.1,9.985883,9.948784,10.020812,bracketed,"adjacent raw bracket, log10(BLER) interpolation; 500 paired bootstrap replicates",A100_NT4_TRANSPARENT_PRG6,precoder cycling present,-0.982847,baseline target SNR - candidate target SNR; positive means candidate needs less SNR,outputs/experiment035_pdsch_2rx/20260917_fix1/formal/A100_NT4_NR2_V60/analysis/target_crossings_bootstrap.csv,
35,PDSCH_A100_60kmh_4T2R_comb6_ideal,result-035,executed; awaiting researcher confirmation,PDSCH,Sionna 1.0.2 TDL-A,100,3.5,60,48,48,10,4,2,1,30,4096,288,12024,16QAM,NR 256QAM table MCS 8; target rate 553/1024,"symbols [2,7], comb-6, 192 pilot RE",ideal,true data-RE channel,soft 16QAM demapper; coherent single-layer equalization/MRC,"Sionna NR LDPC, max 8 iterations",unit squared-norm precoder; noise variance 1/SNR per Rx branch,total Tx power per RE divided by each Rx branch noise variance; no n_rx scaling,A100_NT4_TRANSPARENT_PRG6,TRANSPARENT_PRG_DFT,physical covariance within each PRG,,[],"unit-power CDD, DFT PRG6 cycling, or 5ms-aged PRG MRT",0.1,9.003036,8.914752,9.038913,bracketed,"adjacent raw bracket, log10(BLER) interpolation; 500 paired bootstrap replicates",A100_NT4_TRANSPARENT_PRG6,precoder cycling present,0,baseline target SNR - candidate target SNR; positive means candidate needs less SNR,outputs/experiment035_pdsch_2rx/20260917_fix1/formal/A100_NT4_NR2_V60/analysis/target_crossings_bootstrap.csv,
35,PDSCH_A100_60kmh_8T2R_comb6_estimated,result-035,executed; awaiting researcher confirmation,PDSCH,Sionna 1.0.2 TDL-A,100,3.5,60,48,48,10,8,2,1,30,4096,288,12024,16QAM,NR 256QAM table MCS 8; target rate 553/1024,"symbols [2,7], comb-6, 192 pilot RE",estimated,"independent per-Rx two-DMRS 2D time-frequency RMMSE, then coherent MRC",soft 16QAM demapper; coherent single-layer equalization/MRC,"Sionna NR LDPC, max 8 iterations",unit squared-norm precoder; noise variance 1/SNR per Rx branch,total Tx power per RE divided by each Rx branch noise variance; no n_rx scaling,A100_NT8_AGED_MRT_PRG6,AGED_CSI_MRT,physical covariance within each PRG,,[],"unit-power CDD, DFT PRG6 cycling, or 5ms-aged PRG MRT",0.01,12.200195,12.103866,12.285445,bracketed,"adjacent raw bracket, log10(BLER) interpolation; 500 paired bootstrap replicates",A100_NT8_TRANSPARENT_PRG6,precoder cycling present,-1.332597,baseline target SNR - candidate target SNR; positive means candidate needs less SNR,outputs/experiment035_pdsch_2rx/20260917_fix1/formal/A100_NT8_NR2_V60/analysis/target_crossings_bootstrap.csv,
35,PDSCH_A100_60kmh_8T2R_comb6_estimated,result-035,executed; awaiting researcher confirmation,PDSCH,Sionna 1.0.2 TDL-A,100,3.5,60,48,48,10,8,2,1,30,4096,288,12024,16QAM,NR 256QAM table MCS 8; target rate 553/1024,"symbols [2,7], comb-6, 192 pilot RE",estimated,"independent per-Rx two-DMRS 2D time-frequency RMMSE, then coherent MRC",soft 16QAM demapper; coherent single-layer equalization/MRC,"Sionna NR LDPC, max 8 iterations",unit squared-norm precoder; noise variance 1/SNR per Rx branch,total Tx power per RE divided by each Rx branch noise variance; no n_rx scaling,A100_NT8_B0_QC,CDD_MATCHED,matched CDD covariance,"[0,9,18,27,36,45,54,63]","[0,520.833333,1041.666667,1562.5,2083.333333,2604.166667,3125,3645.833333]","unit-power CDD, DFT PRG6 cycling, or 5ms-aged PRG MRT",0.01,10.680918,10.646438,10.720688,bracketed,"adjacent raw bracket, log10(BLER) interpolation; 500 paired bootstrap replicates",A100_NT8_TRANSPARENT_PRG6,precoder cycling present,0.18668,baseline target SNR - candidate target SNR; positive means candidate needs less SNR,outputs/experiment035_pdsch_2rx/20260917_fix1/formal/A100_NT8_NR2_V60/analysis/target_crossings_bootstrap.csv,
35,PDSCH_A100_60kmh_8T2R_comb6_estimated,result-035,executed; awaiting researcher confirmation,PDSCH,Sionna 1.0.2 TDL-A,100,3.5,60,48,48,10,8,2,1,30,4096,288,12024,16QAM,NR 256QAM table MCS 8; target rate 553/1024,"symbols [2,7], comb-6, 192 pilot RE",estimated,"independent per-Rx two-DMRS 2D time-frequency RMMSE, then coherent MRC",soft 16QAM demapper; coherent single-layer equalization/MRC,"Sionna NR LDPC, max 8 iterations",unit squared-norm precoder; noise variance 1/SNR per Rx branch,total Tx power per RE divided by each Rx branch noise variance; no n_rx scaling,A100_NT8_S0_SIDON,CDD_MATCHED,matched CDD covariance,"[0,1,3,7,12,20,30,65]","[0,57.87037,173.611111,405.092593,694.444444,1157.407407,1736.111111,3761.574074]","unit-power CDD, DFT PRG6 cycling, or 5ms-aged PRG MRT",0.01,10.428587,10.394282,10.47117,bracketed,"adjacent raw bracket, log10(BLER) interpolation; 500 paired bootstrap replicates",A100_NT8_TRANSPARENT_PRG6,precoder cycling present,0.439011,baseline target SNR - candidate target SNR; positive means candidate needs less SNR,outputs/experiment035_pdsch_2rx/20260917_fix1/formal/A100_NT8_NR2_V60/analysis/target_crossings_bootstrap.csv,
35,PDSCH_A100_60kmh_8T2R_comb6_estimated,result-035,executed; awaiting researcher confirmation,PDSCH,Sionna 1.0.2 TDL-A,100,3.5,60,48,48,10,8,2,1,30,4096,288,12024,16QAM,NR 256QAM table MCS 8; target rate 553/1024,"symbols [2,7], comb-6, 192 pilot RE",estimated,"independent per-Rx two-DMRS 2D time-frequency RMMSE, then coherent MRC",soft 16QAM demapper; coherent single-layer equalization/MRC,"Sionna NR LDPC, max 8 iterations",unit squared-norm precoder; noise variance 1/SNR per Rx branch,total Tx power per RE divided by each Rx branch noise variance; no n_rx scaling,A100_NT8_SMALL_CDD_QSTEP0P25_MATCHED,SMALL_CDD_MATCHED,matched CDD covariance,"[0,0.25,0.5,0.75,1,1.25,1.5,1.75]","[0,14.467593,28.935185,43.402778,57.87037,72.337963,86.805556,101.273148]","unit-power CDD, DFT PRG6 cycling, or 5ms-aged PRG MRT",0.01,11.921004,11.870322,11.976811,bracketed,"adjacent raw bracket, log10(BLER) interpolation; 500 paired bootstrap replicates",A100_NT8_TRANSPARENT_PRG6,precoder cycling present,-1.053406,baseline target SNR - candidate target SNR; positive means candidate needs less SNR,outputs/experiment035_pdsch_2rx/20260917_fix1/formal/A100_NT8_NR2_V60/analysis/target_crossings_bootstrap.csv,
35,PDSCH_A100_60kmh_8T2R_comb6_estimated,result-035,executed; awaiting researcher confirmation,PDSCH,Sionna 1.0.2 TDL-A,100,3.5,60,48,48,10,8,2,1,30,4096,288,12024,16QAM,NR 256QAM table MCS 8; target rate 553/1024,"symbols [2,7], comb-6, 192 pilot RE",estimated,"independent per-Rx two-DMRS 2D time-frequency RMMSE, then coherent MRC",soft 16QAM demapper; coherent single-layer equalization/MRC,"Sionna NR LDPC, max 8 iterations",unit squared-norm precoder; noise variance 1/SNR per Rx branch,total Tx power per RE divided by each Rx branch noise variance; no n_rx scaling,A100_NT8_SMALL_CDD_QSTEP0P25_TRANSPARENT,SMALL_CDD_TRANSPARENT,physical covariance; CDD delay unknown,"[0,0.25,0.5,0.75,1,1.25,1.5,1.75]","[0,14.467593,28.935185,43.402778,57.87037,72.337963,86.805556,101.273148]","unit-power CDD, DFT PRG6 cycling, or 5ms-aged PRG MRT",0.01,12.625655,12.563486,12.679508,bracketed,"adjacent raw bracket, log10(BLER) interpolation; 500 paired bootstrap replicates",A100_NT8_TRANSPARENT_PRG6,precoder cycling present,-1.758057,baseline target SNR - candidate target SNR; positive means candidate needs less SNR,outputs/experiment035_pdsch_2rx/20260917_fix1/formal/A100_NT8_NR2_V60/analysis/target_crossings_bootstrap.csv,
35,PDSCH_A100_60kmh_8T2R_comb6_estimated,result-035,executed; awaiting researcher confirmation,PDSCH,Sionna 1.0.2 TDL-A,100,3.5,60,48,48,10,8,2,1,30,4096,288,12024,16QAM,NR 256QAM table MCS 8; target rate 553/1024,"symbols [2,7], comb-6, 192 pilot RE",estimated,"independent per-Rx two-DMRS 2D time-frequency RMMSE, then coherent MRC",soft 16QAM demapper; coherent single-layer equalization/MRC,"Sionna NR LDPC, max 8 iterations",unit squared-norm precoder; noise variance 1/SNR per Rx branch,total Tx power per RE divided by each Rx branch noise variance; no n_rx scaling,A100_NT8_TRANSPARENT_PRG6,TRANSPARENT_PRG_DFT,physical covariance within each PRG,,[],"unit-power CDD, DFT PRG6 cycling, or 5ms-aged PRG MRT",0.01,10.867598,10.816657,10.915236,bracketed,"adjacent raw bracket, log10(BLER) interpolation; 500 paired bootstrap replicates",A100_NT8_TRANSPARENT_PRG6,precoder cycling present,0,baseline target SNR - candidate target SNR; positive means candidate needs less SNR,outputs/experiment035_pdsch_2rx/20260917_fix1/formal/A100_NT8_NR2_V60/analysis/target_crossings_bootstrap.csv,
35,PDSCH_A100_60kmh_8T2R_comb6_estimated,result-035,executed; awaiting researcher confirmation,PDSCH,Sionna 1.0.2 TDL-A,100,3.5,60,48,48,10,8,2,1,30,4096,288,12024,16QAM,NR 256QAM table MCS 8; target rate 553/1024,"symbols [2,7], comb-6, 192 pilot RE",estimated,"independent per-Rx two-DMRS 2D time-frequency RMMSE, then coherent MRC",soft 16QAM demapper; coherent single-layer equalization/MRC,"Sionna NR LDPC, max 8 iterations",unit squared-norm precoder; noise variance 1/SNR per Rx branch,total Tx power per RE divided by each Rx branch noise variance; no n_rx scaling,A100_NT8_AGED_MRT_PRG6,AGED_CSI_MRT,physical covariance within each PRG,,[],"unit-power CDD, DFT PRG6 cycling, or 5ms-aged PRG MRT",0.1,9.88538,9.797523,9.924703,bracketed,"adjacent raw bracket, log10(BLER) interpolation; 500 paired bootstrap replicates",A100_NT8_TRANSPARENT_PRG6,precoder cycling present,-0.45055,baseline target SNR - candidate target SNR; positive means candidate needs less SNR,outputs/experiment035_pdsch_2rx/20260917_fix1/formal/A100_NT8_NR2_V60/analysis/target_crossings_bootstrap.csv,
35,PDSCH_A100_60kmh_8T2R_comb6_estimated,result-035,executed; awaiting researcher confirmation,PDSCH,Sionna 1.0.2 TDL-A,100,3.5,60,48,48,10,8,2,1,30,4096,288,12024,16QAM,NR 256QAM table MCS 8; target rate 553/1024,"symbols [2,7], comb-6, 192 pilot RE",estimated,"independent per-Rx two-DMRS 2D time-frequency RMMSE, then coherent MRC",soft 16QAM demapper; coherent single-layer equalization/MRC,"Sionna NR LDPC, max 8 iterations",unit squared-norm precoder; noise variance 1/SNR per Rx branch,total Tx power per RE divided by each Rx branch noise variance; no n_rx scaling,A100_NT8_B0_QC,CDD_MATCHED,matched CDD covariance,"[0,9,18,27,36,45,54,63]","[0,520.833333,1041.666667,1562.5,2083.333333,2604.166667,3125,3645.833333]","unit-power CDD, DFT PRG6 cycling, or 5ms-aged PRG MRT",0.1,9.700993,9.64612,9.760155,bracketed,"adjacent raw bracket, log10(BLER) interpolation; 500 paired bootstrap replicates",A100_NT8_TRANSPARENT_PRG6,precoder cycling present,-0.266163,baseline target SNR - candidate target SNR; positive means candidate needs less SNR,outputs/experiment035_pdsch_2rx/20260917_fix1/formal/A100_NT8_NR2_V60/analysis/target_crossings_bootstrap.csv,
35,PDSCH_A100_60kmh_8T2R_comb6_estimated,result-035,executed; awaiting researcher confirmation,PDSCH,Sionna 1.0.2 TDL-A,100,3.5,60,48,48,10,8,2,1,30,4096,288,12024,16QAM,NR 256QAM table MCS 8; target rate 553/1024,"symbols [2,7], comb-6, 192 pilot RE",estimated,"independent per-Rx two-DMRS 2D time-frequency RMMSE, then coherent MRC",soft 16QAM demapper; coherent single-layer equalization/MRC,"Sionna NR LDPC, max 8 iterations",unit squared-norm precoder; noise variance 1/SNR per Rx branch,total Tx power per RE divided by each Rx branch noise variance; no n_rx scaling,A100_NT8_S0_SIDON,CDD_MATCHED,matched CDD covariance,"[0,1,3,7,12,20,30,65]","[0,57.87037,173.611111,405.092593,694.444444,1157.407407,1736.111111,3761.574074]","unit-power CDD, DFT PRG6 cycling, or 5ms-aged PRG MRT",0.1,9.363869,9.340145,9.391735,bracketed,"adjacent raw bracket, log10(BLER) interpolation; 500 paired bootstrap replicates",A100_NT8_TRANSPARENT_PRG6,precoder cycling present,0.070961,baseline target SNR - candidate target SNR; positive means candidate needs less SNR,outputs/experiment035_pdsch_2rx/20260917_fix1/formal/A100_NT8_NR2_V60/analysis/target_crossings_bootstrap.csv,
35,PDSCH_A100_60kmh_8T2R_comb6_estimated,result-035,executed; awaiting researcher confirmation,PDSCH,Sionna 1.0.2 TDL-A,100,3.5,60,48,48,10,8,2,1,30,4096,288,12024,16QAM,NR 256QAM table MCS 8; target rate 553/1024,"symbols [2,7], comb-6, 192 pilot RE",estimated,"independent per-Rx two-DMRS 2D time-frequency RMMSE, then coherent MRC",soft 16QAM demapper; coherent single-layer equalization/MRC,"Sionna NR LDPC, max 8 iterations",unit squared-norm precoder; noise variance 1/SNR per Rx branch,total Tx power per RE divided by each Rx branch noise variance; no n_rx scaling,A100_NT8_SMALL_CDD_QSTEP0P25_MATCHED,SMALL_CDD_MATCHED,matched CDD covariance,"[0,0.25,0.5,0.75,1,1.25,1.5,1.75]","[0,14.467593,28.935185,43.402778,57.87037,72.337963,86.805556,101.273148]","unit-power CDD, DFT PRG6 cycling, or 5ms-aged PRG MRT",0.1,9.979532,9.918002,10.023672,bracketed,"adjacent raw bracket, log10(BLER) interpolation; 500 paired bootstrap replicates",A100_NT8_TRANSPARENT_PRG6,precoder cycling present,-0.544702,baseline target SNR - candidate target SNR; positive means candidate needs less SNR,outputs/experiment035_pdsch_2rx/20260917_fix1/formal/A100_NT8_NR2_V60/analysis/target_crossings_bootstrap.csv,
35,PDSCH_A100_60kmh_8T2R_comb6_estimated,result-035,executed; awaiting researcher confirmation,PDSCH,Sionna 1.0.2 TDL-A,100,3.5,60,48,48,10,8,2,1,30,4096,288,12024,16QAM,NR 256QAM table MCS 8; target rate 553/1024,"symbols [2,7], comb-6, 192 pilot RE",estimated,"independent per-Rx two-DMRS 2D time-frequency RMMSE, then coherent MRC",soft 16QAM demapper; coherent single-layer equalization/MRC,"Sionna NR LDPC, max 8 iterations",unit squared-norm precoder; noise variance 1/SNR per Rx branch,total Tx power per RE divided by each Rx branch noise variance; no n_rx scaling,A100_NT8_SMALL_CDD_QSTEP0P25_TRANSPARENT,SMALL_CDD_TRANSPARENT,physical covariance; CDD delay unknown,"[0,0.25,0.5,0.75,1,1.25,1.5,1.75]","[0,14.467593,28.935185,43.402778,57.87037,72.337963,86.805556,101.273148]","unit-power CDD, DFT PRG6 cycling, or 5ms-aged PRG MRT",0.1,10.450964,10.425175,10.483055,bracketed,"adjacent raw bracket, log10(BLER) interpolation; 500 paired bootstrap replicates",A100_NT8_TRANSPARENT_PRG6,precoder cycling present,-1.016134,baseline target SNR - candidate target SNR; positive means candidate needs less SNR,outputs/experiment035_pdsch_2rx/20260917_fix1/formal/A100_NT8_NR2_V60/analysis/target_crossings_bootstrap.csv,
35,PDSCH_A100_60kmh_8T2R_comb6_estimated,result-035,executed; awaiting researcher confirmation,PDSCH,Sionna 1.0.2 TDL-A,100,3.5,60,48,48,10,8,2,1,30,4096,288,12024,16QAM,NR 256QAM table MCS 8; target rate 553/1024,"symbols [2,7], comb-6, 192 pilot RE",estimated,"independent per-Rx two-DMRS 2D time-frequency RMMSE, then coherent MRC",soft 16QAM demapper; coherent single-layer equalization/MRC,"Sionna NR LDPC, max 8 iterations",unit squared-norm precoder; noise variance 1/SNR per Rx branch,total Tx power per RE divided by each Rx branch noise variance; no n_rx scaling,A100_NT8_TRANSPARENT_PRG6,TRANSPARENT_PRG_DFT,physical covariance within each PRG,,[],"unit-power CDD, DFT PRG6 cycling, or 5ms-aged PRG MRT",0.1,9.43483,9.380033,9.516097,bracketed,"adjacent raw bracket, log10(BLER) interpolation; 500 paired bootstrap replicates",A100_NT8_TRANSPARENT_PRG6,precoder cycling present,0,baseline target SNR - candidate target SNR; positive means candidate needs less SNR,outputs/experiment035_pdsch_2rx/20260917_fix1/formal/A100_NT8_NR2_V60/analysis/target_crossings_bootstrap.csv,
35,PDSCH_A100_60kmh_8T2R_comb6_ideal,result-035,executed; awaiting researcher confirmation,PDSCH,Sionna 1.0.2 TDL-A,100,3.5,60,48,48,10,8,2,1,30,4096,288,12024,16QAM,NR 256QAM table MCS 8; target rate 553/1024,"symbols [2,7], comb-6, 192 pilot RE",ideal,true data-RE channel,soft 16QAM demapper; coherent single-layer equalization/MRC,"Sionna NR LDPC, max 8 iterations",unit squared-norm precoder; noise variance 1/SNR per Rx branch,total Tx power per RE divided by each Rx branch noise variance; no n_rx scaling,A100_NT8_AGED_MRT_PRG6,AGED_CSI_MRT,physical covariance within each PRG,,[],"unit-power CDD, DFT PRG6 cycling, or 5ms-aged PRG MRT",0.01,11.201499,11.147139,11.279802,bracketed,"adjacent raw bracket, log10(BLER) interpolation; 500 paired bootstrap replicates",A100_NT8_TRANSPARENT_PRG6,precoder cycling present,-1.007046,baseline target SNR - candidate target SNR; positive means candidate needs less SNR,outputs/experiment035_pdsch_2rx/20260917_fix1/formal/A100_NT8_NR2_V60/analysis/target_crossings_bootstrap.csv,
35,PDSCH_A100_60kmh_8T2R_comb6_ideal,result-035,executed; awaiting researcher confirmation,PDSCH,Sionna 1.0.2 TDL-A,100,3.5,60,48,48,10,8,2,1,30,4096,288,12024,16QAM,NR 256QAM table MCS 8; target rate 553/1024,"symbols [2,7], comb-6, 192 pilot RE",ideal,true data-RE channel,soft 16QAM demapper; coherent single-layer equalization/MRC,"Sionna NR LDPC, max 8 iterations",unit squared-norm precoder; noise variance 1/SNR per Rx branch,total Tx power per RE divided by each Rx branch noise variance; no n_rx scaling,A100_NT8_B0_QC,CDD_MATCHED,matched CDD covariance,"[0,9,18,27,36,45,54,63]","[0,520.833333,1041.666667,1562.5,2083.333333,2604.166667,3125,3645.833333]","unit-power CDD, DFT PRG6 cycling, or 5ms-aged PRG MRT",0.01,9.107848,9.077815,9.136904,bracketed,"adjacent raw bracket, log10(BLER) interpolation; 500 paired bootstrap replicates",A100_NT8_TRANSPARENT_PRG6,precoder cycling present,1.086605,baseline target SNR - candidate target SNR; positive means candidate needs less SNR,outputs/experiment035_pdsch_2rx/20260917_fix1/formal/A100_NT8_NR2_V60/analysis/target_crossings_bootstrap.csv,
35,PDSCH_A100_60kmh_8T2R_comb6_ideal,result-035,executed; awaiting researcher confirmation,PDSCH,Sionna 1.0.2 TDL-A,100,3.5,60,48,48,10,8,2,1,30,4096,288,12024,16QAM,NR 256QAM table MCS 8; target rate 553/1024,"symbols [2,7], comb-6, 192 pilot RE",ideal,true data-RE channel,soft 16QAM demapper; coherent single-layer equalization/MRC,"Sionna NR LDPC, max 8 iterations",unit squared-norm precoder; noise variance 1/SNR per Rx branch,total Tx power per RE divided by each Rx branch noise variance; no n_rx scaling,A100_NT8_S0_SIDON,CDD_MATCHED,matched CDD covariance,"[0,1,3,7,12,20,30,65]","[0,57.87037,173.611111,405.092593,694.444444,1157.407407,1736.111111,3761.574074]","unit-power CDD, DFT PRG6 cycling, or 5ms-aged PRG MRT",0.01,9.204446,9.176816,9.239246,bracketed,"adjacent raw bracket, log10(BLER) interpolation; 500 paired bootstrap replicates",A100_NT8_TRANSPARENT_PRG6,precoder cycling present,0.990007,baseline target SNR - candidate target SNR; positive means candidate needs less SNR,outputs/experiment035_pdsch_2rx/20260917_fix1/formal/A100_NT8_NR2_V60/analysis/target_crossings_bootstrap.csv,
35,PDSCH_A100_60kmh_8T2R_comb6_ideal,result-035,executed; awaiting researcher confirmation,PDSCH,Sionna 1.0.2 TDL-A,100,3.5,60,48,48,10,8,2,1,30,4096,288,12024,16QAM,NR 256QAM table MCS 8; target rate 553/1024,"symbols [2,7], comb-6, 192 pilot RE",ideal,true data-RE channel,soft 16QAM demapper; coherent single-layer equalization/MRC,"Sionna NR LDPC, max 8 iterations",unit squared-norm precoder; noise variance 1/SNR per Rx branch,total Tx power per RE divided by each Rx branch noise variance; no n_rx scaling,A100_NT8_SMALL_CDD_QSTEP0P25_MATCHED,SMALL_CDD_MATCHED,matched CDD covariance,"[0,0.25,0.5,0.75,1,1.25,1.5,1.75]","[0,14.467593,28.935185,43.402778,57.87037,72.337963,86.805556,101.273148]","unit-power CDD, DFT PRG6 cycling, or 5ms-aged PRG MRT",0.01,11.425896,11.371301,11.5,bracketed,"adjacent raw bracket, log10(BLER) interpolation; 500 paired bootstrap replicates",A100_NT8_TRANSPARENT_PRG6,precoder cycling present,-1.231443,baseline target SNR - candidate target SNR; positive means candidate needs less SNR,outputs/experiment035_pdsch_2rx/20260917_fix1/formal/A100_NT8_NR2_V60/analysis/target_crossings_bootstrap.csv,
35,PDSCH_A100_60kmh_8T2R_comb6_ideal,result-035,executed; awaiting researcher confirmation,PDSCH,Sionna 1.0.2 TDL-A,100,3.5,60,48,48,10,8,2,1,30,4096,288,12024,16QAM,NR 256QAM table MCS 8; target rate 553/1024,"symbols [2,7], comb-6, 192 pilot RE",ideal,true data-RE channel,soft 16QAM demapper; coherent single-layer equalization/MRC,"Sionna NR LDPC, max 8 iterations",unit squared-norm precoder; noise variance 1/SNR per Rx branch,total Tx power per RE divided by each Rx branch noise variance; no n_rx scaling,A100_NT8_SMALL_CDD_QSTEP0P25_TRANSPARENT,SMALL_CDD_TRANSPARENT,physical covariance; CDD delay unknown,"[0,0.25,0.5,0.75,1,1.25,1.5,1.75]","[0,14.467593,28.935185,43.402778,57.87037,72.337963,86.805556,101.273148]","unit-power CDD, DFT PRG6 cycling, or 5ms-aged PRG MRT",0.01,11.425896,11.371301,11.5,bracketed,"adjacent raw bracket, log10(BLER) interpolation; 500 paired bootstrap replicates",A100_NT8_TRANSPARENT_PRG6,precoder cycling present,-1.231443,baseline target SNR - candidate target SNR; positive means candidate needs less SNR,outputs/experiment035_pdsch_2rx/20260917_fix1/formal/A100_NT8_NR2_V60/analysis/target_crossings_bootstrap.csv,
35,PDSCH_A100_60kmh_8T2R_comb6_ideal,result-035,executed; awaiting researcher confirmation,PDSCH,Sionna 1.0.2 TDL-A,100,3.5,60,48,48,10,8,2,1,30,4096,288,12024,16QAM,NR 256QAM table MCS 8; target rate 553/1024,"symbols [2,7], comb-6, 192 pilot RE",ideal,true data-RE channel,soft 16QAM demapper; coherent single-layer equalization/MRC,"Sionna NR LDPC, max 8 iterations",unit squared-norm precoder; noise variance 1/SNR per Rx branch,total Tx power per RE divided by each Rx branch noise variance; no n_rx scaling,A100_NT8_TRANSPARENT_PRG6,TRANSPARENT_PRG_DFT,physical covariance within each PRG,,[],"unit-power CDD, DFT PRG6 cycling, or 5ms-aged PRG MRT",0.01,10.194453,10.081845,10.274007,bracketed,"adjacent raw bracket, log10(BLER) interpolation; 500 paired bootstrap replicates",A100_NT8_TRANSPARENT_PRG6,precoder cycling present,0,baseline target SNR - candidate target SNR; positive means candidate needs less SNR,outputs/experiment035_pdsch_2rx/20260917_fix1/formal/A100_NT8_NR2_V60/analysis/target_crossings_bootstrap.csv,
35,PDSCH_A100_60kmh_8T2R_comb6_ideal,result-035,executed; awaiting researcher confirmation,PDSCH,Sionna 1.0.2 TDL-A,100,3.5,60,48,48,10,8,2,1,30,4096,288,12024,16QAM,NR 256QAM table MCS 8; target rate 553/1024,"symbols [2,7], comb-6, 192 pilot RE",ideal,true data-RE channel,soft 16QAM demapper; coherent single-layer equalization/MRC,"Sionna NR LDPC, max 8 iterations",unit squared-norm precoder; noise variance 1/SNR per Rx branch,total Tx power per RE divided by each Rx branch noise variance; no n_rx scaling,A100_NT8_AGED_MRT_PRG6,AGED_CSI_MRT,physical covariance within each PRG,,[],"unit-power CDD, DFT PRG6 cycling, or 5ms-aged PRG MRT",0.1,9.164829,9.134029,9.19623,bracketed,"adjacent raw bracket, log10(BLER) interpolation; 500 paired bootstrap replicates",A100_NT8_TRANSPARENT_PRG6,precoder cycling present,-0.392022,baseline target SNR - candidate target SNR; positive means candidate needs less SNR,outputs/experiment035_pdsch_2rx/20260917_fix1/formal/A100_NT8_NR2_V60/analysis/target_crossings_bootstrap.csv,
35,PDSCH_A100_60kmh_8T2R_comb6_ideal,result-035,executed; awaiting researcher confirmation,PDSCH,Sionna 1.0.2 TDL-A,100,3.5,60,48,48,10,8,2,1,30,4096,288,12024,16QAM,NR 256QAM table MCS 8; target rate 553/1024,"symbols [2,7], comb-6, 192 pilot RE",ideal,true data-RE channel,soft 16QAM demapper; coherent single-layer equalization/MRC,"Sionna NR LDPC, max 8 iterations",unit squared-norm precoder; noise variance 1/SNR per Rx branch,total Tx power per RE divided by each Rx branch noise variance; no n_rx scaling,A100_NT8_B0_QC,CDD_MATCHED,matched CDD covariance,"[0,9,18,27,36,45,54,63]","[0,520.833333,1041.666667,1562.5,2083.333333,2604.166667,3125,3645.833333]","unit-power CDD, DFT PRG6 cycling, or 5ms-aged PRG MRT",0.1,8.215103,8.171038,8.261744,bracketed,"adjacent raw bracket, log10(BLER) interpolation; 500 paired bootstrap replicates",A100_NT8_TRANSPARENT_PRG6,precoder cycling present,0.557704,baseline target SNR - candidate target SNR; positive means candidate needs less SNR,outputs/experiment035_pdsch_2rx/20260917_fix1/formal/A100_NT8_NR2_V60/analysis/target_crossings_bootstrap.csv,
35,PDSCH_A100_60kmh_8T2R_comb6_ideal,result-035,executed; awaiting researcher confirmation,PDSCH,Sionna 1.0.2 TDL-A,100,3.5,60,48,48,10,8,2,1,30,4096,288,12024,16QAM,NR 256QAM table MCS 8; target rate 553/1024,"symbols [2,7], comb-6, 192 pilot RE",ideal,true data-RE channel,soft 16QAM demapper; coherent single-layer equalization/MRC,"Sionna NR LDPC, max 8 iterations",unit squared-norm precoder; noise variance 1/SNR per Rx branch,total Tx power per RE divided by each Rx branch noise variance; no n_rx scaling,A100_NT8_S0_SIDON,CDD_MATCHED,matched CDD covariance,"[0,1,3,7,12,20,30,65]","[0,57.87037,173.611111,405.092593,694.444444,1157.407407,1736.111111,3761.574074]","unit-power CDD, DFT PRG6 cycling, or 5ms-aged PRG MRT",0.1,8.24102,8.190917,8.296333,bracketed,"adjacent raw bracket, log10(BLER) interpolation; 500 paired bootstrap replicates",A100_NT8_TRANSPARENT_PRG6,precoder cycling present,0.531787,baseline target SNR - candidate target SNR; positive means candidate needs less SNR,outputs/experiment035_pdsch_2rx/20260917_fix1/formal/A100_NT8_NR2_V60/analysis/target_crossings_bootstrap.csv,
35,PDSCH_A100_60kmh_8T2R_comb6_ideal,result-035,executed; awaiting researcher confirmation,PDSCH,Sionna 1.0.2 TDL-A,100,3.5,60,48,48,10,8,2,1,30,4096,288,12024,16QAM,NR 256QAM table MCS 8; target rate 553/1024,"symbols [2,7], comb-6, 192 pilot RE",ideal,true data-RE channel,soft 16QAM demapper; coherent single-layer equalization/MRC,"Sionna NR LDPC, max 8 iterations",unit squared-norm precoder; noise variance 1/SNR per Rx branch,total Tx power per RE divided by each Rx branch noise variance; no n_rx scaling,A100_NT8_SMALL_CDD_QSTEP0P25_MATCHED,SMALL_CDD_MATCHED,matched CDD covariance,"[0,0.25,0.5,0.75,1,1.25,1.5,1.75]","[0,14.467593,28.935185,43.402778,57.87037,72.337963,86.805556,101.273148]","unit-power CDD, DFT PRG6 cycling, or 5ms-aged PRG MRT",0.1,9.454195,9.398608,9.537137,bracketed,"adjacent raw bracket, log10(BLER) interpolation; 500 paired bootstrap replicates",A100_NT8_TRANSPARENT_PRG6,precoder cycling present,-0.681388,baseline target SNR - candidate target SNR; positive means candidate needs less SNR,outputs/experiment035_pdsch_2rx/20260917_fix1/formal/A100_NT8_NR2_V60/analysis/target_crossings_bootstrap.csv,
35,PDSCH_A100_60kmh_8T2R_comb6_ideal,result-035,executed; awaiting researcher confirmation,PDSCH,Sionna 1.0.2 TDL-A,100,3.5,60,48,48,10,8,2,1,30,4096,288,12024,16QAM,NR 256QAM table MCS 8; target rate 553/1024,"symbols [2,7], comb-6, 192 pilot RE",ideal,true data-RE channel,soft 16QAM demapper; coherent single-layer equalization/MRC,"Sionna NR LDPC, max 8 iterations",unit squared-norm precoder; noise variance 1/SNR per Rx branch,total Tx power per RE divided by each Rx branch noise variance; no n_rx scaling,A100_NT8_SMALL_CDD_QSTEP0P25_TRANSPARENT,SMALL_CDD_TRANSPARENT,physical covariance; CDD delay unknown,"[0,0.25,0.5,0.75,1,1.25,1.5,1.75]","[0,14.467593,28.935185,43.402778,57.87037,72.337963,86.805556,101.273148]","unit-power CDD, DFT PRG6 cycling, or 5ms-aged PRG MRT",0.1,9.454195,9.398608,9.537137,bracketed,"adjacent raw bracket, log10(BLER) interpolation; 500 paired bootstrap replicates",A100_NT8_TRANSPARENT_PRG6,precoder cycling present,-0.681388,baseline target SNR - candidate target SNR; positive means candidate needs less SNR,outputs/experiment035_pdsch_2rx/20260917_fix1/formal/A100_NT8_NR2_V60/analysis/target_crossings_bootstrap.csv,
35,PDSCH_A100_60kmh_8T2R_comb6_ideal,result-035,executed; awaiting researcher confirmation,PDSCH,Sionna 1.0.2 TDL-A,100,3.5,60,48,48,10,8,2,1,30,4096,288,12024,16QAM,NR 256QAM table MCS 8; target rate 553/1024,"symbols [2,7], comb-6, 192 pilot RE",ideal,true data-RE channel,soft 16QAM demapper; coherent single-layer equalization/MRC,"Sionna NR LDPC, max 8 iterations",unit squared-norm precoder; noise variance 1/SNR per Rx branch,total Tx power per RE divided by each Rx branch noise variance; no n_rx scaling,A100_NT8_TRANSPARENT_PRG6,TRANSPARENT_PRG_DFT,physical covariance within each PRG,,[],"unit-power CDD, DFT PRG6 cycling, or 5ms-aged PRG MRT",0.1,8.772807,8.704175,8.821427,bracketed,"adjacent raw bracket, log10(BLER) interpolation; 500 paired bootstrap replicates",A100_NT8_TRANSPARENT_PRG6,precoder cycling present,0,baseline target SNR - candidate target SNR; positive means candidate needs less SNR,outputs/experiment035_pdsch_2rx/20260917_fix1/formal/A100_NT8_NR2_V60/analysis/target_crossings_bootstrap.csv,
36,PDCCH_C300_4T2R_1sym_AL1_estimated_A40_fd5,result-036,5 Hz subset executed; 1100 Hz and paired bootstrap not executed,PDCCH,Sionna 1.0.2 TDL-C,300,4,1.349066061,48,6,1,4,2,1,30,4096,288,40,QPSK,"A=40, CRC24C, Polar E=108",single-symbol comb-4 PDCCH DMRS,estimated,"per-Rx frequency LMMSE, then coherent MRC",coherent QPSK LLR; MRC when n_rx>1,CRC24C/RNTI mask; Sionna Polar hybrid CA-SCL list 8,unit total transmit power per active RE,Es/N0: total transmit power per active RE divided by noise variance of each Rx branch; no n_rx scaling,DFT4_CYCLING_BASELINE,PRECODER_CYCLING,transparent physical covariance,,,DFT4 cycling,0.01,7.897797,,,bracketed,"adjacent raw 1 dB points, log10(BLER) interpolation; point estimate only",DFT4_CYCLING_BASELINE,precoder cycling present,0,baseline target SNR - candidate target SNR; positive means candidate needs less SNR,outputs/experiment036_pdcch_4t2r_1symbol/20260919_formal/al1_fd5/bler_points.csv,"raw bracket [7,8]"
36,PDCCH_C300_4T2R_1sym_AL1_estimated_A40_fd5,result-036,5 Hz subset executed; 1100 Hz and paired bootstrap not executed,PDCCH,Sionna 1.0.2 TDL-C,300,4,1.349066061,48,6,1,4,2,1,30,4096,288,40,QPSK,"A=40, CRC24C, Polar E=108",single-symbol comb-4 PDCCH DMRS,estimated,"per-Rx frequency LMMSE, then coherent MRC",coherent QPSK LLR; MRC when n_rx>1,CRC24C/RNTI mask; Sionna Polar hybrid CA-SCL list 8,unit total transmit power per active RE,Es/N0: total transmit power per active RE divided by noise variance of each Rx branch; no n_rx scaling,QC_DELAY_NT,CDD,non-transparent matched covariance,"[0,0.24192,0.48384,0.72576]","[0,112,224,336]",CDD with phase denominator equal to occupied subcarriers,0.01,7.270377,,,bracketed,"adjacent raw 1 dB points, log10(BLER) interpolation; point estimate only",DFT4_CYCLING_BASELINE,precoder cycling present,0.62742,baseline target SNR - candidate target SNR; positive means candidate needs less SNR,outputs/experiment036_pdcch_4t2r_1symbol/20260919_formal/al1_fd5/bler_points.csv,"raw bracket [7,8]"
36,PDCCH_C300_4T2R_1sym_AL1_estimated_A40_fd5,result-036,5 Hz subset executed; 1100 Hz and paired bootstrap not executed,PDCCH,Sionna 1.0.2 TDL-C,300,4,1.349066061,48,6,1,4,2,1,30,4096,288,40,QPSK,"A=40, CRC24C, Polar E=108",single-symbol comb-4 PDCCH DMRS,estimated,"per-Rx frequency LMMSE, then coherent MRC",coherent QPSK LLR; MRC when n_rx>1,CRC24C/RNTI mask; Sionna Polar hybrid CA-SCL list 8,unit total transmit power per active RE,Es/N0: total transmit power per active RE divided by noise variance of each Rx branch; no n_rx scaling,QC_DELAY_TRANSPARENT,CDD,transparent physical covariance,"[0,0.24192,0.48384,0.72576]","[0,112,224,336]",CDD with phase denominator equal to occupied subcarriers,0.01,7.438199,,,bracketed,"adjacent raw 1 dB points, log10(BLER) interpolation; point estimate only",DFT4_CYCLING_BASELINE,precoder cycling present,0.459598,baseline target SNR - candidate target SNR; positive means candidate needs less SNR,outputs/experiment036_pdcch_4t2r_1symbol/20260919_formal/al1_fd5/bler_points.csv,"raw bracket [7,8]"
36,PDCCH_C300_4T2R_1sym_AL1_estimated_A40_fd5,result-036,5 Hz subset executed; 1100 Hz and paired bootstrap not executed,PDCCH,Sionna 1.0.2 TDL-C,300,4,1.349066061,48,6,1,4,2,1,30,4096,288,40,QPSK,"A=40, CRC24C, Polar E=108",single-symbol comb-4 PDCCH DMRS,estimated,"per-Rx frequency LMMSE, then coherent MRC",coherent QPSK LLR; MRC when n_rx>1,CRC24C/RNTI mask; Sionna Polar hybrid CA-SCL list 8,unit total transmit power per active RE,Es/N0: total transmit power per active RE divided by noise variance of each Rx branch; no n_rx scaling,SIDON,CDD,non-transparent matched covariance,"[0,1,3,7]","[0,462.962963,1388.888889,3240.740741]",CDD with phase denominator equal to occupied subcarriers,0.01,5.647694,,,bracketed,"adjacent raw 1 dB points, log10(BLER) interpolation; point estimate only",DFT4_CYCLING_BASELINE,precoder cycling present,2.250103,baseline target SNR - candidate target SNR; positive means candidate needs less SNR,outputs/experiment036_pdcch_4t2r_1symbol/20260919_formal/al1_fd5/bler_points.csv,"raw bracket [5,6]"
36,PDCCH_C300_4T2R_1sym_AL1_estimated_A40_fd5,result-036,5 Hz subset executed; 1100 Hz and paired bootstrap not executed,PDCCH,Sionna 1.0.2 TDL-C,300,4,1.349066061,48,6,1,4,2,1,30,4096,288,40,QPSK,"A=40, CRC24C, Polar E=108",single-symbol comb-4 PDCCH DMRS,estimated,"per-Rx frequency LMMSE, then coherent MRC",coherent QPSK LLR; MRC when n_rx>1,CRC24C/RNTI mask; Sionna Polar hybrid CA-SCL list 8,unit total transmit power per active RE,Es/N0: total transmit power per active RE divided by noise variance of each Rx branch; no n_rx scaling,DFT4_CYCLING_BASELINE,PRECODER_CYCLING,transparent physical covariance,,,DFT4 cycling,0.1,4.145856,,,bracketed,"adjacent raw 1 dB points, log10(BLER) interpolation; point estimate only",DFT4_CYCLING_BASELINE,precoder cycling present,0,baseline target SNR - candidate target SNR; positive means candidate needs less SNR,outputs/experiment036_pdcch_4t2r_1symbol/20260919_formal/al1_fd5/bler_points.csv,"raw bracket [4,5]"
36,PDCCH_C300_4T2R_1sym_AL1_estimated_A40_fd5,result-036,5 Hz subset executed; 1100 Hz and paired bootstrap not executed,PDCCH,Sionna 1.0.2 TDL-C,300,4,1.349066061,48,6,1,4,2,1,30,4096,288,40,QPSK,"A=40, CRC24C, Polar E=108",single-symbol comb-4 PDCCH DMRS,estimated,"per-Rx frequency LMMSE, then coherent MRC",coherent QPSK LLR; MRC when n_rx>1,CRC24C/RNTI mask; Sionna Polar hybrid CA-SCL list 8,unit total transmit power per active RE,Es/N0: total transmit power per active RE divided by noise variance of each Rx branch; no n_rx scaling,QC_DELAY_NT,CDD,non-transparent matched covariance,"[0,0.24192,0.48384,0.72576]","[0,112,224,336]",CDD with phase denominator equal to occupied subcarriers,0.1,3.823182,,,bracketed,"adjacent raw 1 dB points, log10(BLER) interpolation; point estimate only",DFT4_CYCLING_BASELINE,precoder cycling present,0.322674,baseline target SNR - candidate target SNR; positive means candidate needs less SNR,outputs/experiment036_pdcch_4t2r_1symbol/20260919_formal/al1_fd5/bler_points.csv,"raw bracket [3,4]"
36,PDCCH_C300_4T2R_1sym_AL1_estimated_A40_fd5,result-036,5 Hz subset executed; 1100 Hz and paired bootstrap not executed,PDCCH,Sionna 1.0.2 TDL-C,300,4,1.349066061,48,6,1,4,2,1,30,4096,288,40,QPSK,"A=40, CRC24C, Polar E=108",single-symbol comb-4 PDCCH DMRS,estimated,"per-Rx frequency LMMSE, then coherent MRC",coherent QPSK LLR; MRC when n_rx>1,CRC24C/RNTI mask; Sionna Polar hybrid CA-SCL list 8,unit total transmit power per active RE,Es/N0: total transmit power per active RE divided by noise variance of each Rx branch; no n_rx scaling,QC_DELAY_TRANSPARENT,CDD,transparent physical covariance,"[0,0.24192,0.48384,0.72576]","[0,112,224,336]",CDD with phase denominator equal to occupied subcarriers,0.1,4.065941,,,bracketed,"adjacent raw 1 dB points, log10(BLER) interpolation; point estimate only",DFT4_CYCLING_BASELINE,precoder cycling present,0.079915,baseline target SNR - candidate target SNR; positive means candidate needs less SNR,outputs/experiment036_pdcch_4t2r_1symbol/20260919_formal/al1_fd5/bler_points.csv,"raw bracket [4,5]"
36,PDCCH_C300_4T2R_1sym_AL1_estimated_A40_fd5,result-036,5 Hz subset executed; 1100 Hz and paired bootstrap not executed,PDCCH,Sionna 1.0.2 TDL-C,300,4,1.349066061,48,6,1,4,2,1,30,4096,288,40,QPSK,"A=40, CRC24C, Polar E=108",single-symbol comb-4 PDCCH DMRS,estimated,"per-Rx frequency LMMSE, then coherent MRC",coherent QPSK LLR; MRC when n_rx>1,CRC24C/RNTI mask; Sionna Polar hybrid CA-SCL list 8,unit total transmit power per active RE,Es/N0: total transmit power per active RE divided by noise variance of each Rx branch; no n_rx scaling,SIDON,CDD,non-transparent matched covariance,"[0,1,3,7]","[0,462.962963,1388.888889,3240.740741]",CDD with phase denominator equal to occupied subcarriers,0.1,3.454513,,,bracketed,"adjacent raw 1 dB points, log10(BLER) interpolation; point estimate only",DFT4_CYCLING_BASELINE,precoder cycling present,0.691343,baseline target SNR - candidate target SNR; positive means candidate needs less SNR,outputs/experiment036_pdcch_4t2r_1symbol/20260919_formal/al1_fd5/bler_points.csv,"raw bracket [3,4]"
36,PDCCH_C300_4T2R_1sym_AL1_ideal_A40_fd5,result-036,5 Hz subset executed; 1100 Hz and paired bootstrap not executed,PDCCH,Sionna 1.0.2 TDL-C,300,4,1.349066061,48,6,1,4,2,1,30,4096,288,40,QPSK,"A=40, CRC24C, Polar E=108",single-symbol comb-4 PDCCH DMRS,ideal,true data-RE channel,coherent QPSK LLR; MRC when n_rx>1,CRC24C/RNTI mask; Sionna Polar hybrid CA-SCL list 8,unit total transmit power per active RE,Es/N0: total transmit power per active RE divided by noise variance of each Rx branch; no n_rx scaling,DFT4_CYCLING_BASELINE,PRECODER_CYCLING,ideal CSI,,,DFT4 cycling,0.01,6.142067,,,bracketed,"adjacent raw 1 dB points, log10(BLER) interpolation; point estimate only",DFT4_CYCLING_BASELINE,precoder cycling present,0,baseline target SNR - candidate target SNR; positive means candidate needs less SNR,outputs/experiment036_pdcch_4t2r_1symbol/20260919_formal/al1_fd5/bler_points.csv,"raw bracket [6,7]"
36,PDCCH_C300_4T2R_1sym_AL1_ideal_A40_fd5,result-036,5 Hz subset executed; 1100 Hz and paired bootstrap not executed,PDCCH,Sionna 1.0.2 TDL-C,300,4,1.349066061,48,6,1,4,2,1,30,4096,288,40,QPSK,"A=40, CRC24C, Polar E=108",single-symbol comb-4 PDCCH DMRS,ideal,true data-RE channel,coherent QPSK LLR; MRC when n_rx>1,CRC24C/RNTI mask; Sionna Polar hybrid CA-SCL list 8,unit total transmit power per active RE,Es/N0: total transmit power per active RE divided by noise variance of each Rx branch; no n_rx scaling,QC_DELAY_NT,CDD,ideal CSI,"[0,0.24192,0.48384,0.72576]","[0,112,224,336]",CDD with phase denominator equal to occupied subcarriers,0.01,5.410146,,,bracketed,"adjacent raw 1 dB points, log10(BLER) interpolation; point estimate only",DFT4_CYCLING_BASELINE,precoder cycling present,0.731921,baseline target SNR - candidate target SNR; positive means candidate needs less SNR,outputs/experiment036_pdcch_4t2r_1symbol/20260919_formal/al1_fd5/bler_points.csv,"raw bracket [5,6]"
36,PDCCH_C300_4T2R_1sym_AL1_ideal_A40_fd5,result-036,5 Hz subset executed; 1100 Hz and paired bootstrap not executed,PDCCH,Sionna 1.0.2 TDL-C,300,4,1.349066061,48,6,1,4,2,1,30,4096,288,40,QPSK,"A=40, CRC24C, Polar E=108",single-symbol comb-4 PDCCH DMRS,ideal,true data-RE channel,coherent QPSK LLR; MRC when n_rx>1,CRC24C/RNTI mask; Sionna Polar hybrid CA-SCL list 8,unit total transmit power per active RE,Es/N0: total transmit power per active RE divided by noise variance of each Rx branch; no n_rx scaling,SIDON,CDD,ideal CSI,"[0,1,3,7]","[0,462.962963,1388.888889,3240.740741]",CDD with phase denominator equal to occupied subcarriers,0.01,3.092286,,,bracketed,"adjacent raw 1 dB points, log10(BLER) interpolation; point estimate only",DFT4_CYCLING_BASELINE,precoder cycling present,3.049781,baseline target SNR - candidate target SNR; positive means candidate needs less SNR,outputs/experiment036_pdcch_4t2r_1symbol/20260919_formal/al1_fd5/bler_points.csv,"raw bracket [3,4]"
36,PDCCH_C300_4T2R_1sym_AL1_ideal_A40_fd5,result-036,5 Hz subset executed; 1100 Hz and paired bootstrap not executed,PDCCH,Sionna 1.0.2 TDL-C,300,4,1.349066061,48,6,1,4,2,1,30,4096,288,40,QPSK,"A=40, CRC24C, Polar E=108",single-symbol comb-4 PDCCH DMRS,ideal,true data-RE channel,coherent QPSK LLR; MRC when n_rx>1,CRC24C/RNTI mask; Sionna Polar hybrid CA-SCL list 8,unit total transmit power per active RE,Es/N0: total transmit power per active RE divided by noise variance of each Rx branch; no n_rx scaling,DFT4_CYCLING_BASELINE,PRECODER_CYCLING,ideal CSI,,,DFT4 cycling,0.1,2.799026,,,bracketed,"adjacent raw 1 dB points, log10(BLER) interpolation; point estimate only",DFT4_CYCLING_BASELINE,precoder cycling present,0,baseline target SNR - candidate target SNR; positive means candidate needs less SNR,outputs/experiment036_pdcch_4t2r_1symbol/20260919_formal/al1_fd5/bler_points.csv,"raw bracket [2,3]"
36,PDCCH_C300_4T2R_1sym_AL1_ideal_A40_fd5,result-036,5 Hz subset executed; 1100 Hz and paired bootstrap not executed,PDCCH,Sionna 1.0.2 TDL-C,300,4,1.349066061,48,6,1,4,2,1,30,4096,288,40,QPSK,"A=40, CRC24C, Polar E=108",single-symbol comb-4 PDCCH DMRS,ideal,true data-RE channel,coherent QPSK LLR; MRC when n_rx>1,CRC24C/RNTI mask; Sionna Polar hybrid CA-SCL list 8,unit total transmit power per active RE,Es/N0: total transmit power per active RE divided by noise variance of each Rx branch; no n_rx scaling,QC_DELAY_NT,CDD,ideal CSI,"[0,0.24192,0.48384,0.72576]","[0,112,224,336]",CDD with phase denominator equal to occupied subcarriers,0.1,2.267965,,,bracketed,"adjacent raw 1 dB points, log10(BLER) interpolation; point estimate only",DFT4_CYCLING_BASELINE,precoder cycling present,0.531061,baseline target SNR - candidate target SNR; positive means candidate needs less SNR,outputs/experiment036_pdcch_4t2r_1symbol/20260919_formal/al1_fd5/bler_points.csv,"raw bracket [2,3]"
36,PDCCH_C300_4T2R_1sym_AL1_ideal_A40_fd5,result-036,5 Hz subset executed; 1100 Hz and paired bootstrap not executed,PDCCH,Sionna 1.0.2 TDL-C,300,4,1.349066061,48,6,1,4,2,1,30,4096,288,40,QPSK,"A=40, CRC24C, Polar E=108",single-symbol comb-4 PDCCH DMRS,ideal,true data-RE channel,coherent QPSK LLR; MRC when n_rx>1,CRC24C/RNTI mask; Sionna Polar hybrid CA-SCL list 8,unit total transmit power per active RE,Es/N0: total transmit power per active RE divided by noise variance of each Rx branch; no n_rx scaling,SIDON,CDD,ideal CSI,"[0,1,3,7]","[0,462.962963,1388.888889,3240.740741]",CDD with phase denominator equal to occupied subcarriers,0.1,1.07337,,,bracketed,"adjacent raw 1 dB points, log10(BLER) interpolation; point estimate only",DFT4_CYCLING_BASELINE,precoder cycling present,1.725656,baseline target SNR - candidate target SNR; positive means candidate needs less SNR,outputs/experiment036_pdcch_4t2r_1symbol/20260919_formal/al1_fd5/bler_points.csv,"raw bracket [1,2]"
36,PDCCH_C300_4T2R_1sym_AL2_estimated_A40_fd5,result-036,5 Hz subset executed; 1100 Hz and paired bootstrap not executed,PDCCH,Sionna 1.0.2 TDL-C,300,4,1.349066061,48,12,1,4,2,1,30,4096,288,40,QPSK,"A=40, CRC24C, Polar E=216",single-symbol comb-4 PDCCH DMRS,estimated,"per-Rx frequency LMMSE, then coherent MRC",coherent QPSK LLR; MRC when n_rx>1,CRC24C/RNTI mask; Sionna Polar hybrid CA-SCL list 8,unit total transmit power per active RE,Es/N0: total transmit power per active RE divided by noise variance of each Rx branch; no n_rx scaling,DFT4_CYCLING_BASELINE,PRECODER_CYCLING,transparent physical covariance,,,DFT4 cycling,0.01,1.924188,,,bracketed,"adjacent raw 1 dB points, log10(BLER) interpolation; point estimate only",DFT4_CYCLING_BASELINE,precoder cycling present,0,baseline target SNR - candidate target SNR; positive means candidate needs less SNR,outputs/experiment036_pdcch_4t2r_1symbol/20260919_formal/al2_fd5/bler_points.csv,"raw bracket [1,2]"
36,PDCCH_C300_4T2R_1sym_AL2_estimated_A40_fd5,result-036,5 Hz subset executed; 1100 Hz and paired bootstrap not executed,PDCCH,Sionna 1.0.2 TDL-C,300,4,1.349066061,48,12,1,4,2,1,30,4096,288,40,QPSK,"A=40, CRC24C, Polar E=216",single-symbol comb-4 PDCCH DMRS,estimated,"per-Rx frequency LMMSE, then coherent MRC",coherent QPSK LLR; MRC when n_rx>1,CRC24C/RNTI mask; Sionna Polar hybrid CA-SCL list 8,unit total transmit power per active RE,Es/N0: total transmit power per active RE divided by noise variance of each Rx branch; no n_rx scaling,QC_DELAY_NT,CDD,non-transparent matched covariance,"[0,0.41472,0.82944,1.24416]","[0,96,192,288]",CDD with phase denominator equal to occupied subcarriers,0.01,1.744693,,,bracketed,"adjacent raw 1 dB points, log10(BLER) interpolation; point estimate only",DFT4_CYCLING_BASELINE,precoder cycling present,0.179495,baseline target SNR - candidate target SNR; positive means candidate needs less SNR,outputs/experiment036_pdcch_4t2r_1symbol/20260919_formal/al2_fd5/bler_points.csv,"raw bracket [1,2]"
36,PDCCH_C300_4T2R_1sym_AL2_estimated_A40_fd5,result-036,5 Hz subset executed; 1100 Hz and paired bootstrap not executed,PDCCH,Sionna 1.0.2 TDL-C,300,4,1.349066061,48,12,1,4,2,1,30,4096,288,40,QPSK,"A=40, CRC24C, Polar E=216",single-symbol comb-4 PDCCH DMRS,estimated,"per-Rx frequency LMMSE, then coherent MRC",coherent QPSK LLR; MRC when n_rx>1,CRC24C/RNTI mask; Sionna Polar hybrid CA-SCL list 8,unit total transmit power per active RE,Es/N0: total transmit power per active RE divided by noise variance of each Rx branch; no n_rx scaling,QC_DELAY_TRANSPARENT,CDD,transparent physical covariance,"[0,0.41472,0.82944,1.24416]","[0,96,192,288]",CDD with phase denominator equal to occupied subcarriers,0.01,2.036228,,,bracketed,"adjacent raw 1 dB points, log10(BLER) interpolation; point estimate only",DFT4_CYCLING_BASELINE,precoder cycling present,-0.11204,baseline target SNR - candidate target SNR; positive means candidate needs less SNR,outputs/experiment036_pdcch_4t2r_1symbol/20260919_formal/al2_fd5/bler_points.csv,"raw bracket [2,3]"
36,PDCCH_C300_4T2R_1sym_AL2_estimated_A40_fd5,result-036,5 Hz subset executed; 1100 Hz and paired bootstrap not executed,PDCCH,Sionna 1.0.2 TDL-C,300,4,1.349066061,48,12,1,4,2,1,30,4096,288,40,QPSK,"A=40, CRC24C, Polar E=216",single-symbol comb-4 PDCCH DMRS,estimated,"per-Rx frequency LMMSE, then coherent MRC",coherent QPSK LLR; MRC when n_rx>1,CRC24C/RNTI mask; Sionna Polar hybrid CA-SCL list 8,unit total transmit power per active RE,Es/N0: total transmit power per active RE divided by noise variance of each Rx branch; no n_rx scaling,SIDON,CDD,non-transparent matched covariance,"[0,11,19,64]","[0,2546.296296,4398.148148,14814.814815]",CDD with phase denominator equal to occupied subcarriers,0.01,0.934937,,,bracketed,"adjacent raw 1 dB points, log10(BLER) interpolation; point estimate only",DFT4_CYCLING_BASELINE,precoder cycling present,0.989251,baseline target SNR - candidate target SNR; positive means candidate needs less SNR,outputs/experiment036_pdcch_4t2r_1symbol/20260919_formal/al2_fd5/bler_points.csv,"raw bracket [0,1]"
36,PDCCH_C300_4T2R_1sym_AL2_estimated_A40_fd5,result-036,5 Hz subset executed; 1100 Hz and paired bootstrap not executed,PDCCH,Sionna 1.0.2 TDL-C,300,4,1.349066061,48,12,1,4,2,1,30,4096,288,40,QPSK,"A=40, CRC24C, Polar E=216",single-symbol comb-4 PDCCH DMRS,estimated,"per-Rx frequency LMMSE, then coherent MRC",coherent QPSK LLR; MRC when n_rx>1,CRC24C/RNTI mask; Sionna Polar hybrid CA-SCL list 8,unit total transmit power per active RE,Es/N0: total transmit power per active RE divided by noise variance of each Rx branch; no n_rx scaling,DFT4_CYCLING_BASELINE,PRECODER_CYCLING,transparent physical covariance,,,DFT4 cycling,0.1,-0.763654,,,bracketed,"adjacent raw 1 dB points, log10(BLER) interpolation; point estimate only",DFT4_CYCLING_BASELINE,precoder cycling present,0,baseline target SNR - candidate target SNR; positive means candidate needs less SNR,outputs/experiment036_pdcch_4t2r_1symbol/20260919_formal/al2_fd5/bler_points.csv,"raw bracket [-1,0]"
36,PDCCH_C300_4T2R_1sym_AL2_estimated_A40_fd5,result-036,5 Hz subset executed; 1100 Hz and paired bootstrap not executed,PDCCH,Sionna 1.0.2 TDL-C,300,4,1.349066061,48,12,1,4,2,1,30,4096,288,40,QPSK,"A=40, CRC24C, Polar E=216",single-symbol comb-4 PDCCH DMRS,estimated,"per-Rx frequency LMMSE, then coherent MRC",coherent QPSK LLR; MRC when n_rx>1,CRC24C/RNTI mask; Sionna Polar hybrid CA-SCL list 8,unit total transmit power per active RE,Es/N0: total transmit power per active RE divided by noise variance of each Rx branch; no n_rx scaling,QC_DELAY_NT,CDD,non-transparent matched covariance,"[0,0.41472,0.82944,1.24416]","[0,96,192,288]",CDD with phase denominator equal to occupied subcarriers,0.1,-0.869142,,,bracketed,"adjacent raw 1 dB points, log10(BLER) interpolation; point estimate only",DFT4_CYCLING_BASELINE,precoder cycling present,0.105488,baseline target SNR - candidate target SNR; positive means candidate needs less SNR,outputs/experiment036_pdcch_4t2r_1symbol/20260919_formal/al2_fd5/bler_points.csv,"raw bracket [-1,0]"
36,PDCCH_C300_4T2R_1sym_AL2_estimated_A40_fd5,result-036,5 Hz subset executed; 1100 Hz and paired bootstrap not executed,PDCCH,Sionna 1.0.2 TDL-C,300,4,1.349066061,48,12,1,4,2,1,30,4096,288,40,QPSK,"A=40, CRC24C, Polar E=216",single-symbol comb-4 PDCCH DMRS,estimated,"per-Rx frequency LMMSE, then coherent MRC",coherent QPSK LLR; MRC when n_rx>1,CRC24C/RNTI mask; Sionna Polar hybrid CA-SCL list 8,unit total transmit power per active RE,Es/N0: total transmit power per active RE divided by noise variance of each Rx branch; no n_rx scaling,QC_DELAY_TRANSPARENT,CDD,transparent physical covariance,"[0,0.41472,0.82944,1.24416]","[0,96,192,288]",CDD with phase denominator equal to occupied subcarriers,0.1,-0.527299,,,bracketed,"adjacent raw 1 dB points, log10(BLER) interpolation; point estimate only",DFT4_CYCLING_BASELINE,precoder cycling present,-0.236355,baseline target SNR - candidate target SNR; positive means candidate needs less SNR,outputs/experiment036_pdcch_4t2r_1symbol/20260919_formal/al2_fd5/bler_points.csv,"raw bracket [-1,0]"
36,PDCCH_C300_4T2R_1sym_AL2_estimated_A40_fd5,result-036,5 Hz subset executed; 1100 Hz and paired bootstrap not executed,PDCCH,Sionna 1.0.2 TDL-C,300,4,1.349066061,48,12,1,4,2,1,30,4096,288,40,QPSK,"A=40, CRC24C, Polar E=216",single-symbol comb-4 PDCCH DMRS,estimated,"per-Rx frequency LMMSE, then coherent MRC",coherent QPSK LLR; MRC when n_rx>1,CRC24C/RNTI mask; Sionna Polar hybrid CA-SCL list 8,unit total transmit power per active RE,Es/N0: total transmit power per active RE divided by noise variance of each Rx branch; no n_rx scaling,SIDON,CDD,non-transparent matched covariance,"[0,11,19,64]","[0,2546.296296,4398.148148,14814.814815]",CDD with phase denominator equal to occupied subcarriers,0.1,-0.76522,,,bracketed,"adjacent raw 1 dB points, log10(BLER) interpolation; point estimate only",DFT4_CYCLING_BASELINE,precoder cycling present,0.001566,baseline target SNR - candidate target SNR; positive means candidate needs less SNR,outputs/experiment036_pdcch_4t2r_1symbol/20260919_formal/al2_fd5/bler_points.csv,"raw bracket [-1,0]"
36,PDCCH_C300_4T2R_1sym_AL2_ideal_A40_fd5,result-036,5 Hz subset executed; 1100 Hz and paired bootstrap not executed,PDCCH,Sionna 1.0.2 TDL-C,300,4,1.349066061,48,12,1,4,2,1,30,4096,288,40,QPSK,"A=40, CRC24C, Polar E=216",single-symbol comb-4 PDCCH DMRS,ideal,true data-RE channel,coherent QPSK LLR; MRC when n_rx>1,CRC24C/RNTI mask; Sionna Polar hybrid CA-SCL list 8,unit total transmit power per active RE,Es/N0: total transmit power per active RE divided by noise variance of each Rx branch; no n_rx scaling,DFT4_CYCLING_BASELINE,PRECODER_CYCLING,ideal CSI,,,DFT4 cycling,0.01,-0.186279,,,bracketed,"adjacent raw 1 dB points, log10(BLER) interpolation; point estimate only",DFT4_CYCLING_BASELINE,precoder cycling present,0,baseline target SNR - candidate target SNR; positive means candidate needs less SNR,outputs/experiment036_pdcch_4t2r_1symbol/20260919_formal/al2_fd5/bler_points.csv,"raw bracket [-1,0]"
36,PDCCH_C300_4T2R_1sym_AL2_ideal_A40_fd5,result-036,5 Hz subset executed; 1100 Hz and paired bootstrap not executed,PDCCH,Sionna 1.0.2 TDL-C,300,4,1.349066061,48,12,1,4,2,1,30,4096,288,40,QPSK,"A=40, CRC24C, Polar E=216",single-symbol comb-4 PDCCH DMRS,ideal,true data-RE channel,coherent QPSK LLR; MRC when n_rx>1,CRC24C/RNTI mask; Sionna Polar hybrid CA-SCL list 8,unit total transmit power per active RE,Es/N0: total transmit power per active RE divided by noise variance of each Rx branch; no n_rx scaling,QC_DELAY_NT,CDD,ideal CSI,"[0,0.41472,0.82944,1.24416]","[0,96,192,288]",CDD with phase denominator equal to occupied subcarriers,0.01,-0.264719,,,bracketed,"adjacent raw 1 dB points, log10(BLER) interpolation; point estimate only",DFT4_CYCLING_BASELINE,precoder cycling present,0.07844,baseline target SNR - candidate target SNR; positive means candidate needs less SNR,outputs/experiment036_pdcch_4t2r_1symbol/20260919_formal/al2_fd5/bler_points.csv,"raw bracket [-1,0]"
36,PDCCH_C300_4T2R_1sym_AL2_ideal_A40_fd5,result-036,5 Hz subset executed; 1100 Hz and paired bootstrap not executed,PDCCH,Sionna 1.0.2 TDL-C,300,4,1.349066061,48,12,1,4,2,1,30,4096,288,40,QPSK,"A=40, CRC24C, Polar E=216",single-symbol comb-4 PDCCH DMRS,ideal,true data-RE channel,coherent QPSK LLR; MRC when n_rx>1,CRC24C/RNTI mask; Sionna Polar hybrid CA-SCL list 8,unit total transmit power per active RE,Es/N0: total transmit power per active RE divided by noise variance of each Rx branch; no n_rx scaling,SIDON,CDD,ideal CSI,"[0,11,19,64]","[0,2546.296296,4398.148148,14814.814815]",CDD with phase denominator equal to occupied subcarriers,0.01,-2.193951,,,bracketed,"adjacent raw 1 dB points, log10(BLER) interpolation; point estimate only",DFT4_CYCLING_BASELINE,precoder cycling present,2.007672,baseline target SNR - candidate target SNR; positive means candidate needs less SNR,outputs/experiment036_pdcch_4t2r_1symbol/20260919_formal/al2_fd5/bler_points.csv,"raw bracket [-3,-2]"
36,PDCCH_C300_4T2R_1sym_AL2_ideal_A40_fd5,result-036,5 Hz subset executed; 1100 Hz and paired bootstrap not executed,PDCCH,Sionna 1.0.2 TDL-C,300,4,1.349066061,48,12,1,4,2,1,30,4096,288,40,QPSK,"A=40, CRC24C, Polar E=216",single-symbol comb-4 PDCCH DMRS,ideal,true data-RE channel,coherent QPSK LLR; MRC when n_rx>1,CRC24C/RNTI mask; Sionna Polar hybrid CA-SCL list 8,unit total transmit power per active RE,Es/N0: total transmit power per active RE divided by noise variance of each Rx branch; no n_rx scaling,DFT4_CYCLING_BASELINE,PRECODER_CYCLING,ideal CSI,,,DFT4 cycling,0.1,-2.695032,,,bracketed,"adjacent raw 1 dB points, log10(BLER) interpolation; point estimate only",DFT4_CYCLING_BASELINE,precoder cycling present,0,baseline target SNR - candidate target SNR; positive means candidate needs less SNR,outputs/experiment036_pdcch_4t2r_1symbol/20260919_formal/al2_fd5/bler_points.csv,"raw bracket [-3,-2]"
36,PDCCH_C300_4T2R_1sym_AL2_ideal_A40_fd5,result-036,5 Hz subset executed; 1100 Hz and paired bootstrap not executed,PDCCH,Sionna 1.0.2 TDL-C,300,4,1.349066061,48,12,1,4,2,1,30,4096,288,40,QPSK,"A=40, CRC24C, Polar E=216",single-symbol comb-4 PDCCH DMRS,ideal,true data-RE channel,coherent QPSK LLR; MRC when n_rx>1,CRC24C/RNTI mask; Sionna Polar hybrid CA-SCL list 8,unit total transmit power per active RE,Es/N0: total transmit power per active RE divided by noise variance of each Rx branch; no n_rx scaling,QC_DELAY_NT,CDD,ideal CSI,"[0,0.41472,0.82944,1.24416]","[0,96,192,288]",CDD with phase denominator equal to occupied subcarriers,0.1,-2.730632,,,bracketed,"adjacent raw 1 dB points, log10(BLER) interpolation; point estimate only",DFT4_CYCLING_BASELINE,precoder cycling present,0.0356,baseline target SNR - candidate target SNR; positive means candidate needs less SNR,outputs/experiment036_pdcch_4t2r_1symbol/20260919_formal/al2_fd5/bler_points.csv,"raw bracket [-3,-2]"
36,PDCCH_C300_4T2R_1sym_AL2_ideal_A40_fd5,result-036,5 Hz subset executed; 1100 Hz and paired bootstrap not executed,PDCCH,Sionna 1.0.2 TDL-C,300,4,1.349066061,48,12,1,4,2,1,30,4096,288,40,QPSK,"A=40, CRC24C, Polar E=216",single-symbol comb-4 PDCCH DMRS,ideal,true data-RE channel,coherent QPSK LLR; MRC when n_rx>1,CRC24C/RNTI mask; Sionna Polar hybrid CA-SCL list 8,unit total transmit power per active RE,Es/N0: total transmit power per active RE divided by noise variance of each Rx branch; no n_rx scaling,SIDON,CDD,ideal CSI,"[0,11,19,64]","[0,2546.296296,4398.148148,14814.814815]",CDD with phase denominator equal to occupied subcarriers,0.1,-3.76206,,,bracketed,"adjacent raw 1 dB points, log10(BLER) interpolation; point estimate only",DFT4_CYCLING_BASELINE,precoder cycling present,1.067028,baseline target SNR - candidate target SNR; positive means candidate needs less SNR,outputs/experiment036_pdcch_4t2r_1symbol/20260919_formal/al2_fd5/bler_points.csv,"raw bracket [-4,-3]"
36,PDCCH_C300_4T4R_1sym_AL1_estimated_A40_fd5,result-036,5 Hz subset executed; 1100 Hz and paired bootstrap not executed,PDCCH,Sionna 1.0.2 TDL-C,300,4,1.349066061,48,6,1,4,4,1,30,4096,288,40,QPSK,"A=40, CRC24C, Polar E=108",single-symbol comb-4 PDCCH DMRS,estimated,"per-Rx frequency LMMSE, then coherent MRC",coherent QPSK LLR; MRC when n_rx>1,CRC24C/RNTI mask; Sionna Polar hybrid CA-SCL list 8,unit total transmit power per active RE,Es/N0: total transmit power per active RE divided by noise variance of each Rx branch; no n_rx scaling,DFT4_CYCLING_BASELINE,PRECODER_CYCLING,transparent physical covariance,,,DFT4 cycling,0.01,2.503821,,,bracketed,"adjacent raw 1 dB points, log10(BLER) interpolation; point estimate only",DFT4_CYCLING_BASELINE,precoder cycling present,0,baseline target SNR - candidate target SNR; positive means candidate needs less SNR,outputs/experiment036_pdcch_4t4r_1symbol/20260918_formal/al1_fd5/bler_points.csv,"raw bracket [2,3]"
36,PDCCH_C300_4T4R_1sym_AL1_estimated_A40_fd5,result-036,5 Hz subset executed; 1100 Hz and paired bootstrap not executed,PDCCH,Sionna 1.0.2 TDL-C,300,4,1.349066061,48,6,1,4,4,1,30,4096,288,40,QPSK,"A=40, CRC24C, Polar E=108",single-symbol comb-4 PDCCH DMRS,estimated,"per-Rx frequency LMMSE, then coherent MRC",coherent QPSK LLR; MRC when n_rx>1,CRC24C/RNTI mask; Sionna Polar hybrid CA-SCL list 8,unit total transmit power per active RE,Es/N0: total transmit power per active RE divided by noise variance of each Rx branch; no n_rx scaling,QC_DELAY_NT,CDD,non-transparent matched covariance,"[0,0.24192,0.48384,0.72576]","[0,112,224,336]",CDD with phase denominator equal to occupied subcarriers,0.01,1.971736,,,bracketed,"adjacent raw 1 dB points, log10(BLER) interpolation; point estimate only",DFT4_CYCLING_BASELINE,precoder cycling present,0.532085,baseline target SNR - candidate target SNR; positive means candidate needs less SNR,outputs/experiment036_pdcch_4t4r_1symbol/20260918_formal/al1_fd5/bler_points.csv,"raw bracket [1,2]"
36,PDCCH_C300_4T4R_1sym_AL1_estimated_A40_fd5,result-036,5 Hz subset executed; 1100 Hz and paired bootstrap not executed,PDCCH,Sionna 1.0.2 TDL-C,300,4,1.349066061,48,6,1,4,4,1,30,4096,288,40,QPSK,"A=40, CRC24C, Polar E=108",single-symbol comb-4 PDCCH DMRS,estimated,"per-Rx frequency LMMSE, then coherent MRC",coherent QPSK LLR; MRC when n_rx>1,CRC24C/RNTI mask; Sionna Polar hybrid CA-SCL list 8,unit total transmit power per active RE,Es/N0: total transmit power per active RE divided by noise variance of each Rx branch; no n_rx scaling,QC_DELAY_TRANSPARENT,CDD,transparent physical covariance,"[0,0.24192,0.48384,0.72576]","[0,112,224,336]",CDD with phase denominator equal to occupied subcarriers,0.01,2.2246,,,bracketed,"adjacent raw 1 dB points, log10(BLER) interpolation; point estimate only",DFT4_CYCLING_BASELINE,precoder cycling present,0.279221,baseline target SNR - candidate target SNR; positive means candidate needs less SNR,outputs/experiment036_pdcch_4t4r_1symbol/20260918_formal/al1_fd5/bler_points.csv,"raw bracket [2,3]"
36,PDCCH_C300_4T4R_1sym_AL1_estimated_A40_fd5,result-036,5 Hz subset executed; 1100 Hz and paired bootstrap not executed,PDCCH,Sionna 1.0.2 TDL-C,300,4,1.349066061,48,6,1,4,4,1,30,4096,288,40,QPSK,"A=40, CRC24C, Polar E=108",single-symbol comb-4 PDCCH DMRS,estimated,"per-Rx frequency LMMSE, then coherent MRC",coherent QPSK LLR; MRC when n_rx>1,CRC24C/RNTI mask; Sionna Polar hybrid CA-SCL list 8,unit total transmit power per active RE,Es/N0: total transmit power per active RE divided by noise variance of each Rx branch; no n_rx scaling,SIDON,CDD,non-transparent matched covariance,"[0,1,3,7]","[0,462.962963,1388.888889,3240.740741]",CDD with phase denominator equal to occupied subcarriers,0.01,1.367038,,,bracketed,"adjacent raw 1 dB points, log10(BLER) interpolation; point estimate only",DFT4_CYCLING_BASELINE,precoder cycling present,1.136783,baseline target SNR - candidate target SNR; positive means candidate needs less SNR,outputs/experiment036_pdcch_4t4r_1symbol/20260918_formal/al1_fd5/bler_points.csv,"raw bracket [1,2]"
36,PDCCH_C300_4T4R_1sym_AL1_estimated_A40_fd5,result-036,5 Hz subset executed; 1100 Hz and paired bootstrap not executed,PDCCH,Sionna 1.0.2 TDL-C,300,4,1.349066061,48,6,1,4,4,1,30,4096,288,40,QPSK,"A=40, CRC24C, Polar E=108",single-symbol comb-4 PDCCH DMRS,estimated,"per-Rx frequency LMMSE, then coherent MRC",coherent QPSK LLR; MRC when n_rx>1,CRC24C/RNTI mask; Sionna Polar hybrid CA-SCL list 8,unit total transmit power per active RE,Es/N0: total transmit power per active RE divided by noise variance of each Rx branch; no n_rx scaling,DFT4_CYCLING_BASELINE,PRECODER_CYCLING,transparent physical covariance,,,DFT4 cycling,0.1,-0.301805,,,bracketed,"adjacent raw 1 dB points, log10(BLER) interpolation; point estimate only",DFT4_CYCLING_BASELINE,precoder cycling present,0,baseline target SNR - candidate target SNR; positive means candidate needs less SNR,outputs/experiment036_pdcch_4t4r_1symbol/20260918_formal/al1_fd5/bler_points.csv,"raw bracket [-1,0]"
36,PDCCH_C300_4T4R_1sym_AL1_estimated_A40_fd5,result-036,5 Hz subset executed; 1100 Hz and paired bootstrap not executed,PDCCH,Sionna 1.0.2 TDL-C,300,4,1.349066061,48,6,1,4,4,1,30,4096,288,40,QPSK,"A=40, CRC24C, Polar E=108",single-symbol comb-4 PDCCH DMRS,estimated,"per-Rx frequency LMMSE, then coherent MRC",coherent QPSK LLR; MRC when n_rx>1,CRC24C/RNTI mask; Sionna Polar hybrid CA-SCL list 8,unit total transmit power per active RE,Es/N0: total transmit power per active RE divided by noise variance of each Rx branch; no n_rx scaling,QC_DELAY_NT,CDD,non-transparent matched covariance,"[0,0.24192,0.48384,0.72576]","[0,112,224,336]",CDD with phase denominator equal to occupied subcarriers,0.1,-0.40022,,,bracketed,"adjacent raw 1 dB points, log10(BLER) interpolation; point estimate only",DFT4_CYCLING_BASELINE,precoder cycling present,0.098415,baseline target SNR - candidate target SNR; positive means candidate needs less SNR,outputs/experiment036_pdcch_4t4r_1symbol/20260918_formal/al1_fd5/bler_points.csv,"raw bracket [-1,0]"
36,PDCCH_C300_4T4R_1sym_AL1_estimated_A40_fd5,result-036,5 Hz subset executed; 1100 Hz and paired bootstrap not executed,PDCCH,Sionna 1.0.2 TDL-C,300,4,1.349066061,48,6,1,4,4,1,30,4096,288,40,QPSK,"A=40, CRC24C, Polar E=108",single-symbol comb-4 PDCCH DMRS,estimated,"per-Rx frequency LMMSE, then coherent MRC",coherent QPSK LLR; MRC when n_rx>1,CRC24C/RNTI mask; Sionna Polar hybrid CA-SCL list 8,unit total transmit power per active RE,Es/N0: total transmit power per active RE divided by noise variance of each Rx branch; no n_rx scaling,QC_DELAY_TRANSPARENT,CDD,transparent physical covariance,"[0,0.24192,0.48384,0.72576]","[0,112,224,336]",CDD with phase denominator equal to occupied subcarriers,0.1,-0.047383,,,bracketed,"adjacent raw 1 dB points, log10(BLER) interpolation; point estimate only",DFT4_CYCLING_BASELINE,precoder cycling present,-0.254422,baseline target SNR - candidate target SNR; positive means candidate needs less SNR,outputs/experiment036_pdcch_4t4r_1symbol/20260918_formal/al1_fd5/bler_points.csv,"raw bracket [-1,0]"
36,PDCCH_C300_4T4R_1sym_AL1_estimated_A40_fd5,result-036,5 Hz subset executed; 1100 Hz and paired bootstrap not executed,PDCCH,Sionna 1.0.2 TDL-C,300,4,1.349066061,48,6,1,4,4,1,30,4096,288,40,QPSK,"A=40, CRC24C, Polar E=108",single-symbol comb-4 PDCCH DMRS,estimated,"per-Rx frequency LMMSE, then coherent MRC",coherent QPSK LLR; MRC when n_rx>1,CRC24C/RNTI mask; Sionna Polar hybrid CA-SCL list 8,unit total transmit power per active RE,Es/N0: total transmit power per active RE divided by noise variance of each Rx branch; no n_rx scaling,SIDON,CDD,non-transparent matched covariance,"[0,1,3,7]","[0,462.962963,1388.888889,3240.740741]",CDD with phase denominator equal to occupied subcarriers,0.1,-0.142687,,,bracketed,"adjacent raw 1 dB points, log10(BLER) interpolation; point estimate only",DFT4_CYCLING_BASELINE,precoder cycling present,-0.159118,baseline target SNR - candidate target SNR; positive means candidate needs less SNR,outputs/experiment036_pdcch_4t4r_1symbol/20260918_formal/al1_fd5/bler_points.csv,"raw bracket [-1,0]"
36,PDCCH_C300_4T4R_1sym_AL1_ideal_A40_fd5,result-036,5 Hz subset executed; 1100 Hz and paired bootstrap not executed,PDCCH,Sionna 1.0.2 TDL-C,300,4,1.349066061,48,6,1,4,4,1,30,4096,288,40,QPSK,"A=40, CRC24C, Polar E=108",single-symbol comb-4 PDCCH DMRS,ideal,true data-RE channel,coherent QPSK LLR; MRC when n_rx>1,CRC24C/RNTI mask; Sionna Polar hybrid CA-SCL list 8,unit total transmit power per active RE,Es/N0: total transmit power per active RE divided by noise variance of each Rx branch; no n_rx scaling,DFT4_CYCLING_BASELINE,PRECODER_CYCLING,ideal CSI,,,DFT4 cycling,0.01,0.505837,,,bracketed,"adjacent raw 1 dB points, log10(BLER) interpolation; point estimate only",DFT4_CYCLING_BASELINE,precoder cycling present,0,baseline target SNR - candidate target SNR; positive means candidate needs less SNR,outputs/experiment036_pdcch_4t4r_1symbol/20260918_formal/al1_fd5/bler_points.csv,"raw bracket [0,1]"
36,PDCCH_C300_4T4R_1sym_AL1_ideal_A40_fd5,result-036,5 Hz subset executed; 1100 Hz and paired bootstrap not executed,PDCCH,Sionna 1.0.2 TDL-C,300,4,1.349066061,48,6,1,4,4,1,30,4096,288,40,QPSK,"A=40, CRC24C, Polar E=108",single-symbol comb-4 PDCCH DMRS,ideal,true data-RE channel,coherent QPSK LLR; MRC when n_rx>1,CRC24C/RNTI mask; Sionna Polar hybrid CA-SCL list 8,unit total transmit power per active RE,Es/N0: total transmit power per active RE divided by noise variance of each Rx branch; no n_rx scaling,QC_DELAY_NT,CDD,ideal CSI,"[0,0.24192,0.48384,0.72576]","[0,112,224,336]",CDD with phase denominator equal to occupied subcarriers,0.01,0.006357,,,bracketed,"adjacent raw 1 dB points, log10(BLER) interpolation; point estimate only",DFT4_CYCLING_BASELINE,precoder cycling present,0.49948,baseline target SNR - candidate target SNR; positive means candidate needs less SNR,outputs/experiment036_pdcch_4t4r_1symbol/20260918_formal/al1_fd5/bler_points.csv,"raw bracket [0,1]"
36,PDCCH_C300_4T4R_1sym_AL1_ideal_A40_fd5,result-036,5 Hz subset executed; 1100 Hz and paired bootstrap not executed,PDCCH,Sionna 1.0.2 TDL-C,300,4,1.349066061,48,6,1,4,4,1,30,4096,288,40,QPSK,"A=40, CRC24C, Polar E=108",single-symbol comb-4 PDCCH DMRS,ideal,true data-RE channel,coherent QPSK LLR; MRC when n_rx>1,CRC24C/RNTI mask; Sionna Polar hybrid CA-SCL list 8,unit total transmit power per active RE,Es/N0: total transmit power per active RE divided by noise variance of each Rx branch; no n_rx scaling,SIDON,CDD,ideal CSI,"[0,1,3,7]","[0,462.962963,1388.888889,3240.740741]",CDD with phase denominator equal to occupied subcarriers,0.01,-1.345589,,,bracketed,"adjacent raw 1 dB points, log10(BLER) interpolation; point estimate only",DFT4_CYCLING_BASELINE,precoder cycling present,1.851426,baseline target SNR - candidate target SNR; positive means candidate needs less SNR,outputs/experiment036_pdcch_4t4r_1symbol/20260918_formal/al1_fd5/bler_points.csv,"raw bracket [-2,-1]"
36,PDCCH_C300_4T4R_1sym_AL1_ideal_A40_fd5,result-036,5 Hz subset executed; 1100 Hz and paired bootstrap not executed,PDCCH,Sionna 1.0.2 TDL-C,300,4,1.349066061,48,6,1,4,4,1,30,4096,288,40,QPSK,"A=40, CRC24C, Polar E=108",single-symbol comb-4 PDCCH DMRS,ideal,true data-RE channel,coherent QPSK LLR; MRC when n_rx>1,CRC24C/RNTI mask; Sionna Polar hybrid CA-SCL list 8,unit total transmit power per active RE,Es/N0: total transmit power per active RE divided by noise variance of each Rx branch; no n_rx scaling,DFT4_CYCLING_BASELINE,PRECODER_CYCLING,ideal CSI,,,DFT4 cycling,0.1,-1.847289,,,bracketed,"adjacent raw 1 dB points, log10(BLER) interpolation; point estimate only",DFT4_CYCLING_BASELINE,precoder cycling present,0,baseline target SNR - candidate target SNR; positive means candidate needs less SNR,outputs/experiment036_pdcch_4t4r_1symbol/20260918_formal/al1_fd5/bler_points.csv,"raw bracket [-2,-1]"
36,PDCCH_C300_4T4R_1sym_AL1_ideal_A40_fd5,result-036,5 Hz subset executed; 1100 Hz and paired bootstrap not executed,PDCCH,Sionna 1.0.2 TDL-C,300,4,1.349066061,48,6,1,4,4,1,30,4096,288,40,QPSK,"A=40, CRC24C, Polar E=108",single-symbol comb-4 PDCCH DMRS,ideal,true data-RE channel,coherent QPSK LLR; MRC when n_rx>1,CRC24C/RNTI mask; Sionna Polar hybrid CA-SCL list 8,unit total transmit power per active RE,Es/N0: total transmit power per active RE divided by noise variance of each Rx branch; no n_rx scaling,QC_DELAY_NT,CDD,ideal CSI,"[0,0.24192,0.48384,0.72576]","[0,112,224,336]",CDD with phase denominator equal to occupied subcarriers,0.1,-2.114084,,,bracketed,"adjacent raw 1 dB points, log10(BLER) interpolation; point estimate only",DFT4_CYCLING_BASELINE,precoder cycling present,0.266795,baseline target SNR - candidate target SNR; positive means candidate needs less SNR,outputs/experiment036_pdcch_4t4r_1symbol/20260918_formal/al1_fd5/bler_points.csv,"raw bracket [-3,-2]"
36,PDCCH_C300_4T4R_1sym_AL1_ideal_A40_fd5,result-036,5 Hz subset executed; 1100 Hz and paired bootstrap not executed,PDCCH,Sionna 1.0.2 TDL-C,300,4,1.349066061,48,6,1,4,4,1,30,4096,288,40,QPSK,"A=40, CRC24C, Polar E=108",single-symbol comb-4 PDCCH DMRS,ideal,true data-RE channel,coherent QPSK LLR; MRC when n_rx>1,CRC24C/RNTI mask; Sionna Polar hybrid CA-SCL list 8,unit total transmit power per active RE,Es/N0: total transmit power per active RE divided by noise variance of each Rx branch; no n_rx scaling,SIDON,CDD,ideal CSI,"[0,1,3,7]","[0,462.962963,1388.888889,3240.740741]",CDD with phase denominator equal to occupied subcarriers,0.1,-2.904466,,,bracketed,"adjacent raw 1 dB points, log10(BLER) interpolation; point estimate only",DFT4_CYCLING_BASELINE,precoder cycling present,1.057177,baseline target SNR - candidate target SNR; positive means candidate needs less SNR,outputs/experiment036_pdcch_4t4r_1symbol/20260918_formal/al1_fd5/bler_points.csv,"raw bracket [-3,-2]"
36,PDCCH_C300_4T4R_1sym_AL2_estimated_A40_fd5,result-036,5 Hz subset executed; 1100 Hz and paired bootstrap not executed,PDCCH,Sionna 1.0.2 TDL-C,300,4,1.349066061,48,12,1,4,4,1,30,4096,288,40,QPSK,"A=40, CRC24C, Polar E=216",single-symbol comb-4 PDCCH DMRS,estimated,"per-Rx frequency LMMSE, then coherent MRC",coherent QPSK LLR; MRC when n_rx>1,CRC24C/RNTI mask; Sionna Polar hybrid CA-SCL list 8,unit total transmit power per active RE,Es/N0: total transmit power per active RE divided by noise variance of each Rx branch; no n_rx scaling,DFT4_CYCLING_BASELINE,PRECODER_CYCLING,transparent physical covariance,,,DFT4 cycling,0.01,-2.498246,,,bracketed,"adjacent raw 1 dB points, log10(BLER) interpolation; point estimate only",DFT4_CYCLING_BASELINE,precoder cycling present,0,baseline target SNR - candidate target SNR; positive means candidate needs less SNR,outputs/experiment036_pdcch_4t4r_1symbol/20260918_formal/al2_fd5/bler_points.csv,"raw bracket [-3,-2]"
36,PDCCH_C300_4T4R_1sym_AL2_estimated_A40_fd5,result-036,5 Hz subset executed; 1100 Hz and paired bootstrap not executed,PDCCH,Sionna 1.0.2 TDL-C,300,4,1.349066061,48,12,1,4,4,1,30,4096,288,40,QPSK,"A=40, CRC24C, Polar E=216",single-symbol comb-4 PDCCH DMRS,estimated,"per-Rx frequency LMMSE, then coherent MRC",coherent QPSK LLR; MRC when n_rx>1,CRC24C/RNTI mask; Sionna Polar hybrid CA-SCL list 8,unit total transmit power per active RE,Es/N0: total transmit power per active RE divided by noise variance of each Rx branch; no n_rx scaling,QC_DELAY_NT,CDD,non-transparent matched covariance,"[0,0.41472,0.82944,1.24416]","[0,96,192,288]",CDD with phase denominator equal to occupied subcarriers,0.01,-2.592069,,,bracketed,"adjacent raw 1 dB points, log10(BLER) interpolation; point estimate only",DFT4_CYCLING_BASELINE,precoder cycling present,0.093823,baseline target SNR - candidate target SNR; positive means candidate needs less SNR,outputs/experiment036_pdcch_4t4r_1symbol/20260918_formal/al2_fd5/bler_points.csv,"raw bracket [-3,-2]"
36,PDCCH_C300_4T4R_1sym_AL2_estimated_A40_fd5,result-036,5 Hz subset executed; 1100 Hz and paired bootstrap not executed,PDCCH,Sionna 1.0.2 TDL-C,300,4,1.349066061,48,12,1,4,4,1,30,4096,288,40,QPSK,"A=40, CRC24C, Polar E=216",single-symbol comb-4 PDCCH DMRS,estimated,"per-Rx frequency LMMSE, then coherent MRC",coherent QPSK LLR; MRC when n_rx>1,CRC24C/RNTI mask; Sionna Polar hybrid CA-SCL list 8,unit total transmit power per active RE,Es/N0: total transmit power per active RE divided by noise variance of each Rx branch; no n_rx scaling,QC_DELAY_TRANSPARENT,CDD,transparent physical covariance,"[0,0.41472,0.82944,1.24416]","[0,96,192,288]",CDD with phase denominator equal to occupied subcarriers,0.01,-2.097744,,,bracketed,"adjacent raw 1 dB points, log10(BLER) interpolation; point estimate only",DFT4_CYCLING_BASELINE,precoder cycling present,-0.400502,baseline target SNR - candidate target SNR; positive means candidate needs less SNR,outputs/experiment036_pdcch_4t4r_1symbol/20260918_formal/al2_fd5/bler_points.csv,"raw bracket [-3,-2]"
36,PDCCH_C300_4T4R_1sym_AL2_estimated_A40_fd5,result-036,5 Hz subset executed; 1100 Hz and paired bootstrap not executed,PDCCH,Sionna 1.0.2 TDL-C,300,4,1.349066061,48,12,1,4,4,1,30,4096,288,40,QPSK,"A=40, CRC24C, Polar E=216",single-symbol comb-4 PDCCH DMRS,estimated,"per-Rx frequency LMMSE, then coherent MRC",coherent QPSK LLR; MRC when n_rx>1,CRC24C/RNTI mask; Sionna Polar hybrid CA-SCL list 8,unit total transmit power per active RE,Es/N0: total transmit power per active RE divided by noise variance of each Rx branch; no n_rx scaling,SIDON,CDD,non-transparent matched covariance,"[0,11,19,64]","[0,2546.296296,4398.148148,14814.814815]",CDD with phase denominator equal to occupied subcarriers,0.01,-2.476031,,,bracketed,"adjacent raw 1 dB points, log10(BLER) interpolation; point estimate only",DFT4_CYCLING_BASELINE,precoder cycling present,-0.022215,baseline target SNR - candidate target SNR; positive means candidate needs less SNR,outputs/experiment036_pdcch_4t4r_1symbol/20260918_formal/al2_fd5/bler_points.csv,"raw bracket [-3,-2]"
36,PDCCH_C300_4T4R_1sym_AL2_estimated_A40_fd5,result-036,5 Hz subset executed; 1100 Hz and paired bootstrap not executed,PDCCH,Sionna 1.0.2 TDL-C,300,4,1.349066061,48,12,1,4,4,1,30,4096,288,40,QPSK,"A=40, CRC24C, Polar E=216",single-symbol comb-4 PDCCH DMRS,estimated,"per-Rx frequency LMMSE, then coherent MRC",coherent QPSK LLR; MRC when n_rx>1,CRC24C/RNTI mask; Sionna Polar hybrid CA-SCL list 8,unit total transmit power per active RE,Es/N0: total transmit power per active RE divided by noise variance of each Rx branch; no n_rx scaling,DFT4_CYCLING_BASELINE,PRECODER_CYCLING,transparent physical covariance,,,DFT4 cycling,0.1,-4.430529,,,bracketed,"adjacent raw 1 dB points, log10(BLER) interpolation; point estimate only",DFT4_CYCLING_BASELINE,precoder cycling present,0,baseline target SNR - candidate target SNR; positive means candidate needs less SNR,outputs/experiment036_pdcch_4t4r_1symbol/20260918_formal/al2_fd5/bler_points.csv,"raw bracket [-5,-4]"
36,PDCCH_C300_4T4R_1sym_AL2_estimated_A40_fd5,result-036,5 Hz subset executed; 1100 Hz and paired bootstrap not executed,PDCCH,Sionna 1.0.2 TDL-C,300,4,1.349066061,48,12,1,4,4,1,30,4096,288,40,QPSK,"A=40, CRC24C, Polar E=216",single-symbol comb-4 PDCCH DMRS,estimated,"per-Rx frequency LMMSE, then coherent MRC",coherent QPSK LLR; MRC when n_rx>1,CRC24C/RNTI mask; Sionna Polar hybrid CA-SCL list 8,unit total transmit power per active RE,Es/N0: total transmit power per active RE divided by noise variance of each Rx branch; no n_rx scaling,QC_DELAY_NT,CDD,non-transparent matched covariance,"[0,0.41472,0.82944,1.24416]","[0,96,192,288]",CDD with phase denominator equal to occupied subcarriers,0.1,-4.418343,,,bracketed,"adjacent raw 1 dB points, log10(BLER) interpolation; point estimate only",DFT4_CYCLING_BASELINE,precoder cycling present,-0.012186,baseline target SNR - candidate target SNR; positive means candidate needs less SNR,outputs/experiment036_pdcch_4t4r_1symbol/20260918_formal/al2_fd5/bler_points.csv,"raw bracket [-5,-4]"
36,PDCCH_C300_4T4R_1sym_AL2_estimated_A40_fd5,result-036,5 Hz subset executed; 1100 Hz and paired bootstrap not executed,PDCCH,Sionna 1.0.2 TDL-C,300,4,1.349066061,48,12,1,4,4,1,30,4096,288,40,QPSK,"A=40, CRC24C, Polar E=216",single-symbol comb-4 PDCCH DMRS,estimated,"per-Rx frequency LMMSE, then coherent MRC",coherent QPSK LLR; MRC when n_rx>1,CRC24C/RNTI mask; Sionna Polar hybrid CA-SCL list 8,unit total transmit power per active RE,Es/N0: total transmit power per active RE divided by noise variance of each Rx branch; no n_rx scaling,QC_DELAY_TRANSPARENT,CDD,transparent physical covariance,"[0,0.41472,0.82944,1.24416]","[0,96,192,288]",CDD with phase denominator equal to occupied subcarriers,0.1,-3.932592,,,bracketed,"adjacent raw 1 dB points, log10(BLER) interpolation; point estimate only",DFT4_CYCLING_BASELINE,precoder cycling present,-0.497937,baseline target SNR - candidate target SNR; positive means candidate needs less SNR,outputs/experiment036_pdcch_4t4r_1symbol/20260918_formal/al2_fd5/bler_points.csv,"raw bracket [-4,-3]"
36,PDCCH_C300_4T4R_1sym_AL2_estimated_A40_fd5,result-036,5 Hz subset executed; 1100 Hz and paired bootstrap not executed,PDCCH,Sionna 1.0.2 TDL-C,300,4,1.349066061,48,12,1,4,4,1,30,4096,288,40,QPSK,"A=40, CRC24C, Polar E=216",single-symbol comb-4 PDCCH DMRS,estimated,"per-Rx frequency LMMSE, then coherent MRC",coherent QPSK LLR; MRC when n_rx>1,CRC24C/RNTI mask; Sionna Polar hybrid CA-SCL list 8,unit total transmit power per active RE,Es/N0: total transmit power per active RE divided by noise variance of each Rx branch; no n_rx scaling,SIDON,CDD,non-transparent matched covariance,"[0,11,19,64]","[0,2546.296296,4398.148148,14814.814815]",CDD with phase denominator equal to occupied subcarriers,0.1,-3.705127,,,bracketed,"adjacent raw 1 dB points, log10(BLER) interpolation; point estimate only",DFT4_CYCLING_BASELINE,precoder cycling present,-0.725402,baseline target SNR - candidate target SNR; positive means candidate needs less SNR,outputs/experiment036_pdcch_4t4r_1symbol/20260918_formal/al2_fd5/bler_points.csv,"raw bracket [-4,-3]"
36,PDCCH_C300_4T4R_1sym_AL2_ideal_A40_fd5,result-036,5 Hz subset executed; 1100 Hz and paired bootstrap not executed,PDCCH,Sionna 1.0.2 TDL-C,300,4,1.349066061,48,12,1,4,4,1,30,4096,288,40,QPSK,"A=40, CRC24C, Polar E=216",single-symbol comb-4 PDCCH DMRS,ideal,true data-RE channel,coherent QPSK LLR; MRC when n_rx>1,CRC24C/RNTI mask; Sionna Polar hybrid CA-SCL list 8,unit total transmit power per active RE,Es/N0: total transmit power per active RE divided by noise variance of each Rx branch; no n_rx scaling,DFT4_CYCLING_BASELINE,PRECODER_CYCLING,ideal CSI,,,DFT4 cycling,0.01,-4.888666,,,bracketed,"adjacent raw 1 dB points, log10(BLER) interpolation; point estimate only",DFT4_CYCLING_BASELINE,precoder cycling present,0,baseline target SNR - candidate target SNR; positive means candidate needs less SNR,outputs/experiment036_pdcch_4t4r_1symbol/20260918_formal/al2_fd5/bler_points.csv,"raw bracket [-5,-4]"
36,PDCCH_C300_4T4R_1sym_AL2_ideal_A40_fd5,result-036,5 Hz subset executed; 1100 Hz and paired bootstrap not executed,PDCCH,Sionna 1.0.2 TDL-C,300,4,1.349066061,48,12,1,4,4,1,30,4096,288,40,QPSK,"A=40, CRC24C, Polar E=216",single-symbol comb-4 PDCCH DMRS,ideal,true data-RE channel,coherent QPSK LLR; MRC when n_rx>1,CRC24C/RNTI mask; Sionna Polar hybrid CA-SCL list 8,unit total transmit power per active RE,Es/N0: total transmit power per active RE divided by noise variance of each Rx branch; no n_rx scaling,QC_DELAY_NT,CDD,ideal CSI,"[0,0.41472,0.82944,1.24416]","[0,96,192,288]",CDD with phase denominator equal to occupied subcarriers,0.01,-4.980906,,,bracketed,"adjacent raw 1 dB points, log10(BLER) interpolation; point estimate only",DFT4_CYCLING_BASELINE,precoder cycling present,0.09224,baseline target SNR - candidate target SNR; positive means candidate needs less SNR,outputs/experiment036_pdcch_4t4r_1symbol/20260918_formal/al2_fd5/bler_points.csv,"raw bracket [-5,-4]"
36,PDCCH_C300_4T4R_1sym_AL2_ideal_A40_fd5,result-036,5 Hz subset executed; 1100 Hz and paired bootstrap not executed,PDCCH,Sionna 1.0.2 TDL-C,300,4,1.349066061,48,12,1,4,4,1,30,4096,288,40,QPSK,"A=40, CRC24C, Polar E=216",single-symbol comb-4 PDCCH DMRS,ideal,true data-RE channel,coherent QPSK LLR; MRC when n_rx>1,CRC24C/RNTI mask; Sionna Polar hybrid CA-SCL list 8,unit total transmit power per active RE,Es/N0: total transmit power per active RE divided by noise variance of each Rx branch; no n_rx scaling,SIDON,CDD,ideal CSI,"[0,11,19,64]","[0,2546.296296,4398.148148,14814.814815]",CDD with phase denominator equal to occupied subcarriers,0.01,-6.042023,,,bracketed,"adjacent raw 1 dB points, log10(BLER) interpolation; point estimate only",DFT4_CYCLING_BASELINE,precoder cycling present,1.153357,baseline target SNR - candidate target SNR; positive means candidate needs less SNR,outputs/experiment036_pdcch_4t4r_1symbol/20260918_formal/al2_fd5/bler_points.csv,"raw bracket [-7,-6]"
36,PDCCH_C300_4T4R_1sym_AL2_ideal_A40_fd5,result-036,5 Hz subset executed; 1100 Hz and paired bootstrap not executed,PDCCH,Sionna 1.0.2 TDL-C,300,4,1.349066061,48,12,1,4,4,1,30,4096,288,40,QPSK,"A=40, CRC24C, Polar E=216",single-symbol comb-4 PDCCH DMRS,ideal,true data-RE channel,coherent QPSK LLR; MRC when n_rx>1,CRC24C/RNTI mask; Sionna Polar hybrid CA-SCL list 8,unit total transmit power per active RE,Es/N0: total transmit power per active RE divided by noise variance of each Rx branch; no n_rx scaling,DFT4_CYCLING_BASELINE,PRECODER_CYCLING,ideal CSI,,,DFT4 cycling,0.1,-6.691499,,,bracketed,"adjacent raw 1 dB points, log10(BLER) interpolation; point estimate only",DFT4_CYCLING_BASELINE,precoder cycling present,0,baseline target SNR - candidate target SNR; positive means candidate needs less SNR,outputs/experiment036_pdcch_4t4r_1symbol/20260918_formal/al2_fd5/bler_points.csv,"raw bracket [-7,-6]"
36,PDCCH_C300_4T4R_1sym_AL2_ideal_A40_fd5,result-036,5 Hz subset executed; 1100 Hz and paired bootstrap not executed,PDCCH,Sionna 1.0.2 TDL-C,300,4,1.349066061,48,12,1,4,4,1,30,4096,288,40,QPSK,"A=40, CRC24C, Polar E=216",single-symbol comb-4 PDCCH DMRS,ideal,true data-RE channel,coherent QPSK LLR; MRC when n_rx>1,CRC24C/RNTI mask; Sionna Polar hybrid CA-SCL list 8,unit total transmit power per active RE,Es/N0: total transmit power per active RE divided by noise variance of each Rx branch; no n_rx scaling,QC_DELAY_NT,CDD,ideal CSI,"[0,0.41472,0.82944,1.24416]","[0,96,192,288]",CDD with phase denominator equal to occupied subcarriers,0.1,-6.67199,,,bracketed,"adjacent raw 1 dB points, log10(BLER) interpolation; point estimate only",DFT4_CYCLING_BASELINE,precoder cycling present,-0.019509,baseline target SNR - candidate target SNR; positive means candidate needs less SNR,outputs/experiment036_pdcch_4t4r_1symbol/20260918_formal/al2_fd5/bler_points.csv,"raw bracket [-7,-6]"
36,PDCCH_C300_4T4R_1sym_AL2_ideal_A40_fd5,result-036,5 Hz subset executed; 1100 Hz and paired bootstrap not executed,PDCCH,Sionna 1.0.2 TDL-C,300,4,1.349066061,48,12,1,4,4,1,30,4096,288,40,QPSK,"A=40, CRC24C, Polar E=216",single-symbol comb-4 PDCCH DMRS,ideal,true data-RE channel,coherent QPSK LLR; MRC when n_rx>1,CRC24C/RNTI mask; Sionna Polar hybrid CA-SCL list 8,unit total transmit power per active RE,Es/N0: total transmit power per active RE divided by noise variance of each Rx branch; no n_rx scaling,SIDON,CDD,ideal CSI,"[0,11,19,64]","[0,2546.296296,4398.148148,14814.814815]",CDD with phase denominator equal to occupied subcarriers,0.1,-7.280633,,,bracketed,"adjacent raw 1 dB points, log10(BLER) interpolation; point estimate only",DFT4_CYCLING_BASELINE,precoder cycling present,0.589134,baseline target SNR - candidate target SNR; positive means candidate needs less SNR,outputs/experiment036_pdcch_4t4r_1symbol/20260918_formal/al2_fd5/bler_points.csv,"raw bracket [-8,-7]"
